K10D0242_H0765=H0243:467b-0	@467b / / gya gar gyi mkhan po sh'i la dharma dang /	gar_14 gyi_18 mkhan_22 po_28 sh_31 la_36 dharma_39 dang_46 
K10D0242_H0765=H0243:467b-1	bande rnam par mi rtog pas rgya las bsgyur ba /	bande_0 rnam_6 ba_11 mi_15 rtogs_18 ba_23 rgya_27 las_32 sgyur_36 ba_43 
K10D0242_H0765=H0243:467b-2	rgya gar skad du /	rgya_0 gar_5 skad_9 du_14 
K10D0242_H0765=H0243:467b-3	a'arya pa ri na ta tsakra n'a ma mah'a y'a na s'u tra /	a_0 ba_7 ri_10 na_13 ta_16 tsakra_19 n_26 ma_30 mah_33 y_39 na_43 s_46 tra_50 
K10D0242_H0765=H0243:467b-4	bod skad du /	'bod_0 skad_4 du_9 
K10D0242_H0765=H0243:467b-5	'phags pa yongs su bsngo ba'i 'khor lo zhes bya ba theg pa chen po'i mdo /	'phag_0 ba_7 yongs_10 su_16 sngo_19 ba_25 'khor_30 lo_36 zhes_39 byed_44 ba_48 theg_51 ba_56 chen_59 po_64 mdo_69 
K10D0242_H0765=H0243:467b-6	sangs rgyas dang /	sangs_0 rgya_6 dang_12 
K10D0242_H0765=H0243:467b-7	byang chub sems dpa' thams cad la phyag 'tshal lo //	byang_0 chub_6 sems_11 dpa'_16 thams_21 cad_27 la_31 phyag_34 'tshal_40 lo_47 
K10D0242_H0765=H0243:467b-8	'di skad bdag gis thos pa dus gcig na /	'di_0 skad_4 bdag_9 gis_14 thos_18 ba_23 dus_26 gcig_30 na_35 
K10D0242_H0765=H0243:467b-9	bcom ldan 'das nor bu rin po che rdo rje'i	'joms_0 ldan_5 'da'_10 nor_15 bu_19 rin_22 po_26 che_29 rdo_33 rje_37 
K10D0242_H0765=H0243:467b-10	ri'i zom la byang chub sems dpa' sems dpa' chen	ri_0 zom_5 la_9 byang_12 chub_18 sems_23 dpa'_28 sems_33 dpa'_38 chen_43 
K10D0242_H0765=H0243:467b-11	po'i 'khor mang po dang thabs gcig tu bzhugs so;	po_0 'khor_5 mang_11 po_16 dang_19 thabs_24 gcig_30 tu_35 bzhugs_38 so;_45 
K10D0242_H0765=H0243:467b-12	;de nas bcom ldan 'das kyis byang chub sems dpa'	;de_0 nas_4 'joms_8 ldan_13 'da'_18 kyis_23 byang_28 chub_34 sems_39 dpa'_44 
K10D0242_H0765=H0243:467b-13	rdo rje rin po che la bka' stsal pa /	rdo_0 rje_4 rin_8 po_12 che_15 la_19 bka'_22 stsal_27 ba_33 
K10D0242_H0765=H0243:467b-14	rigs kyi bu /	rigs_0 kyi_5 bu_9 
K10D0242_H0765=H0243:467b-15	gang byang chub sems dpa' byang chub chen po don du gnyer bar 'dod pa dang /	gang_0 byang_5 chub_11 sems_16 dpa'_21 byang_26 chub_32 chen_37 po_42 don_45 du_49 gnyer_52 ba_58 'dod_62 ba_67 dang_70 
K10D0242_H0765=H0243:467b-16	sems can thams cad sgrol bar 'dod cing byang chub sems dpa'i sdom pa 'dzin par 'dod pa dang /	sems_0 can_5 thams_9 cad_15 sgrol_19 ba_25 'dod_29 cing_34 byang_39 chub_45 sems_50 dpa_55 sdom_61 ba_66 'dzin_69 ba_75 'dod_79 ba_84 dang_87 
K10D0242_H0765=H0243:467b-17	byang chub chen por sems bskyed cing snying rje chen	byang_0 chub_6 chen_11 por_16 sems_20 skyed_25 cing_32 snying_37 rje_44 chen_48 
K10D0242_H0765=H0243:467b-18	po dang ldan pas de bzhin gshegs pa thams cad	po_0 dang_3 ldan_8 ba_13 de_17 bzhin_20 gshegs_26 ba_33 thams_36 cad_42 
K10D0242_H0765=H0243:467b-19	la rim gro dang /	la_0 rim_3 gro_7 dang_11 
K10D0242_H0765=H0243:467b-20	bkur sti byed 'dod pa dang /	bkur_0 sti_5 byed_9 'dod_14 ba_19 dang_22 
K10D0242_H0765=H0243:467b-21	byang chub sems dpa' rnams kyi bsod nams kyi tshogs	byang_0 chub_6 sems_11 dpa'_16 rnams_21 kyi_27 bsod_31 nams_36 kyi_41 tshogs_45 
K10D0242_H0765=H0243:467b-22	yangs shing rgya che ba gsog par 'dod pa dang	yangs_0 shing_6 rgya_12 che_17 ba_21 gsog_24 ba_29 'dod_33 ba_38 dang_41 
K10D0242_H0765=H0243:467b-23	/ sangs rgyas kyi ye shes bsgrub par 'dod pa dang /	sangs_2 rgya_8 kyi_14 ye_18 shes_21 sgrub_26 ba_33 'dod_37 ba_42 dang_45 
K10D0242_H0765=H0243:467b-24	thogs pa med pa'i gzungs dang /	thogs_0 ba_6 med_9 ba_13 gzungs_18 dang_25 
K10D0242_H0765=H0243:467b-25	ting nge 'dzin dang /	ting_0 nge_5 'dzin_9 dang_15 
K10D0242_H0765=H0243:467b-26	rnam par thar pa'i sgo dang /	rnam_0 ba_5 thar_9 ba_14 sgo_19 dang_23 
K10D0242_H0765=H0243:467b-27	rdzu 'phrul dang /	rdzu_0 'phrul_5 dang_12 
K10D0242_H0765=H0243:467b-28	mngon par shes pas rnam par rol par 'dod pa dang /	mngon_0 ba_6 shes_10 ba_15 rnam_19 ba_24 rol_28 ba_32 'dod_36 ba_41 dang_44 
K10D0242_H0765=H0243:467b-29	nam mkha' la bang ba dang /	nam_0 mkha'_4 la_10 bang_13 ba_18 dang_21 
K10D0242_H0765=H0243:468a-0	@468a *// mdzod chen po bsgrub par 'dod pa dang /	mdzod_10 chen_16 po_21 sgrub_24 ba_31 'dod_35 ba_40 dang_43 
K10D0242_H0765=H0243:468a-1	rang gi lag nas yid bzhin gyi nor bu bzhin du gtor zhing 'bul bar 'dod pas /	rang_0 gi_5 lag_8 nas_12 yid_16 bzhin_20 gyi_26 nor_30 bu_34 bzhin_37 du_43 'thor_46 zhing_51 'bul_57 ba_62 'dod_66 ba_71 
K10D0242_H0765=H0243:468a-2	'di skad ces brjod par bya ste /	'di_0 skad_4 ces_9 rjod_13 ba_19 byed_23 ste_27 
K10D0242_H0765=H0243:468a-3	phyogs bcu na bzhugs pa'i sangs rgyas bcom ldan 'das thams cad dang /	phyogs_0 'chu_7 na_11 bzhugs_14 ba_21 sangs_26 rgya_32 'joms_38 ldan_43 'da'_48 thams_53 cad_59 dang_63 
K10D0242_H0765=H0243:468a-4	sa bcu la rab tu gnas pa'i byang chub sems dpa' chen po rnams dang /	sa_0 'chu_3 la_7 rab_10 tu_14 gnas_17 ba_22 byang_27 chub_33 sems_38 dpa'_43 chen_48 po_53 rnams_56 dang_62 
K10D0242_H0765=H0243:468a-5	rdo rje 'dzin pa rnams bdag la dgongs su gsol /	rdo_0 rje_4 'dzin_8 ba_14 rnams_17 bdag_23 la_28 dgongs_31 su_38 gsol_41 
K10D0242_H0765=H0243:468a-6	bdag ming 'di zhes bgyi ba yang dag pa'i lam	bdag_0 ming_5 'di_10 zhes_14 bgyid_19 ba_24 yang_27 'dag_32 ba_36 lam_41 
K10D0242_H0765=H0243:468a-7	la bde bar gnas pa ma thob bas deng byang	la_0 bde_3 ba_7 gnas_11 ba_16 ma_19 'thob_22 ba_27 deng_31 byang_36 
K10D0242_H0765=H0243:468a-8	chub tu sems bskyed de /	chub_0 tu_5 sems_8 skyed_13 de_20 
K10D0242_H0765=H0243:468a-9	bdag gi lus dang /	bdag_0 gi_5 lus_8 dang_12 
K10D0242_H0765=H0243:468a-10	sems 'di dus thams cad dang /	sems_0 'di_5 dus_9 thams_13 cad_19 dang_23 
K10D0242_H0765=H0243:468a-11	rnam pa thams cad du dus gsum gyi de bzhin gshegs pa dang /	rnam_0 ba_5 thams_8 cad_14 du_18 dus_21 gsum_25 gyi_30 de_34 bzhin_37 gshegs_43 ba_50 dang_53 
K10D0242_H0765=H0243:468a-12	byang chub sems dpa' thams cad la bdag lus 'bul gyi /	byang_0 chub_6 sems_11 dpa'_16 thams_21 cad_27 la_31 bdag_34 lus_39 'bul_43 gyi_48 
K10D0242_H0765=H0243:468a-13	mthu chen po mnga' ba'i de bzhin gshegs pa rnams dang /	mthu_0 chen_5 po_10 mnga'_13 ba_19 de_24 bzhin_27 gshegs_33 ba_40 rnams_43 dang_49 
K10D0242_H0765=H0243:468a-14	sa chen po la rab tu gnas pa'i byang chub sems dpa' thams cad kyis bdag bzhes su gsol /	sa_0 chen_3 po_8 la_11 rab_14 tu_18 gnas_21 ba_26 byang_31 chub_37 sems_42 dpa'_47 thams_52 cad_58 kyis_62 bdag_67 bzhes_72 su_78 gsol_81 
K10D0242_H0765=H0243:468a-15	bdag gi bsod nams dang /	bdag_0 gi_5 bsod_8 nams_13 dang_18 
K10D0242_H0765=H0243:468a-16	ye shes kyi tshogs chen po dang /	ye_0 shes_3 kyi_8 tshogs_12 chen_19 po_24 dang_27 
K10D0242_H0765=H0243:468a-17	brtson 'grus brtsams pa dang /	brtson_0 'grus_7 brtsams_13 ba_21 dang_24 
K10D0242_H0765=H0243:468a-18	sems kyi rgya bskyed pa dang /	sems_0 kyi_5 rgya_9 skyed_14 ba_21 dang_24 
K10D0242_H0765=H0243:468a-19	rab tu zhi zhing dul ba dang /	rab_0 tu_4 zhi_7 zhing_11 dul_17 ba_21 dang_24 
K10D0242_H0765=H0243:468a-20	dbang dang /	dbang_0 dang_6 
K10D0242_H0765=H0243:468a-21	mngon par shes pa dang /	mngon_0 ba_6 shes_10 ba_15 dang_18 
K10D0242_H0765=H0243:468a-22	pha rol tu phyin pa la sogs pa myur du yongs su rdzogs par gyur cig /	pha_0 rol_4 tu_8 phyin_11 ba_17 la_20 sogs_23 ba_28 myur_31 du_36 yongs_39 su_45 rdzogs_48 ba_55 gyur_59 cig_64 
K10D0242_H0765=H0243:468a-23	yang bcom ldan 'das thugs rje chen po dang ldan pa rnams bdag la dgongs su gsol /	yang_0 'joms_5 ldan_10 'da'_15 thugs_20 rje_26 chen_30 po_35 dang_38 ldan_43 ba_48 rnams_51 bdag_57 la_62 dgongs_65 su_72 gsol_75 
K10D0242_H0765=H0243:468b-0	bdag ming 'di zhes bgyi ba 'khor @468b ba na	bdag_0 ming_5 'di_10 zhes_14 bgyid_19 ba_24 'khor_27 ba_39 na_42 
K10D0242_H0765=H0243:468b-1	'khor zhing bcing pa chen pos bcings par gyur pa	'khor_0 zhing_6 'ching_12 ba_18 chen_21 pos_26 'ching_30 ba_37 gyur_41 ba_46 
K10D0242_H0765=H0243:468b-2	/ btson ra na gnas pa /	btson_2 ra_8 na_11 gnas_14 ba_19 
K10D0242_H0765=H0243:468b-3	yang dag pa'i lam dang bral pa /	yang_0 'dag_5 ba_9 lam_14 dang_18 'bral_23 ba_28 
K10D0242_H0765=H0243:468b-4	nyon mongs pa'i dgra'i dbang du gyur pa /	nyon_0 mongs_5 ba_11 dgra_16 dbang_23 du_29 gyur_32 ba_37 
K10D0242_H0765=H0243:468b-5	mgon med pa /	mgon_0 med_5 ba_9 
K10D0242_H0765=H0243:468b-6	skyabs med pa /	skyob_0 med_7 ba_11 
K10D0242_H0765=H0243:468b-7	mig med pa /	mig_0 med_4 ba_8 
K10D0242_H0765=H0243:468b-8	rten med pa /	rten_0 med_5 ba_9 
K10D0242_H0765=H0243:468b-9	gtso bo med pa /	gtso_0 'bo_5 med_8 ba_12 
K10D0242_H0765=H0243:468b-10	'dren pa med par gyur pa /	bgrang_0 ba_6 med_9 ba_13 gyur_17 ba_22 
K10D0242_H0765=H0243:468b-11	lam gol bar song ba /	lam_0 gol_4 ba_8 'gro_12 ba_17 
K10D0242_H0765=H0243:468b-12	'khor ba la gzhol ba /	'khor_0 ba_6 la_9 gzhol_12 ba_18 
K10D0242_H0765=H0243:468b-13	mya ngan las 'das pa chen po la rgyab kyis phyogs pa; ngan 'gro la phyogs pa /	mya_0 ngan_4 las_9 'da'_13 ba_18 chen_21 po_26 la_29 rgyab_32 kyis_38 phyogs_43 pa;_50 ngan_54 'gro_59 la_64 phyogs_67 ba_74 
K10D0242_H0765=H0243:468b-14	lam ngan pa la bsten pa /	lam_0 ngan_4 ba_9 la_12 sten_15 ba_21 
K10D0242_H0765=H0243:468b-15	lam ngan par lhung bar gyur pa /	lam_0 ngan_4 ba_9 lhung_13 ba_19 gyur_23 ba_28 
K10D0242_H0765=H0243:468b-16	rtag tu bshes gnyen ngan pas zin cing dge ba'i bshes gnyen dang bral ba /	rtag_0 tu_5 bshes_8 gnyen_14 ngan_20 ba_25 zin_29 cing_33 dge_38 ba_42 bshes_47 gnyen_53 dang_59 'bral_64 ba_69 
K10D0242_H0765=H0243:468b-17	yang dag pa dang; yang dag pa ma yin pa dang /	yang_0 'dag_5 ba_9 dang;_12 yang_18 'dag_23 ba_27 ma_30 yin_33 ba_37 dang_40 
K10D0242_H0765=H0243:468b-18	phan par 'gyur ba dang /	phan_0 ba_5 'gyur_9 ba_15 dang_18 
K10D0242_H0765=H0243:468b-19	phan pa med pa dang /	phan_0 ba_5 med_8 ba_12 dang_15 
K10D0242_H0765=H0243:468b-20	don yod pa dang /	don_0 yod_4 ba_8 dang_11 
K10D0242_H0765=H0243:468b-21	don med pa la rmongs bar gyur pa /	don_0 med_4 ba_8 la_11 rmongs_14 ba_21 gyur_25 ba_30 
K10D0242_H0765=H0243:468b-22	dge ba'i chos dang bral shing mi dge ba chen po bsgrubs pa; sangs rgyas dang /	dge_0 ba_4 chos_9 dang_14 'bral_19 shing_24 mi_30 dge_33 ba_37 chen_40 po_45 sgrub_48 pa;_56 sangs_60 rgya_66 dang_72 
K10D0242_H0765=H0243:468b-23	byang chub sems dpa' dang /	byang_0 chub_6 sems_11 dpa'_16 dang_21 
K10D0242_H0765=H0243:468b-24	'phags pa rnams la rtag tu rgyab kyis phyogs pa /	'phag_0 ba_7 rnams_10 la_16 rtag_19 tu_24 rgyab_27 kyis_33 phyogs_38 ba_45 
K10D0242_H0765=H0243:468b-25	skye rga na 'chi'i sdug bsngal gyis gzir cing mi bde ba chen po bsgrubs pa /	skye_0 rga_5 na_9 'chi_12 sdug_19 sngal_24 gyis_31 gzir_36 cing_41 mi_46 bde_49 ba_53 chen_56 po_61 sgrub_64 ba_72 
K10D0242_H0765=H0243:468b-26	'jigs pa med pa /	'jigs_0 ba_6 med_9 ba_13 
K10D0242_H0765=H0243:468b-27	bag tsha ba med pa /	bag_0 tsha_4 ba_9 med_12 ba_16 
K10D0242_H0765=H0243:468b-28	sems rtag tu g-yeng bar gyur pa /	sems_0 rtag_5 tu_10 g-yeng_13 ba_20 gyur_24 ba_29 
K10D0242_H0765=H0243:468b-29	sbyin pa dang /	sbyin_0 ba_6 dang_9 
K10D0242_H0765=H0243:468b-30	tshul khrims dang /	tshul_0 khrims_6 dang_13 
K10D0242_H0765=H0243:468b-31	zhi zhing dben pa dang /	zhi_0 zhing_4 dben_10 ba_15 dang_18 
K10D0242_H0765=H0243:468b-32	sgrub pa dang /	sgrub_0 ba_6 dang_9 
K10D0242_H0765=H0243:468b-33	bag yod pa dang bral bar gyur pa /	bag_0 yod_4 ba_8 dang_11 'bral_16 ba_21 gyur_25 ba_30 
K10D0242_H0765=H0243:468b-34	gzungs dang; ting nge 'dzin gyi sgo dang /	gzungs_0 dang;_7 ting_13 nge_18 'dzin_22 gyi_28 sgo_32 dang_36 
K10D0242_H0765=H0243:468b-35	sa bcu'i chos kyi bzod pa la bde bar gnas pa dang /	sa_0 'chu_3 chos_9 kyi_14 bzod_18 ba_23 la_26 bde_29 ba_33 gnas_37 ba_42 dang_45 
K10D0242_H0765=H0243:468b-36	shes rab kyi pha rol tu sbyin pa zab mo dang mnyam pa nyid las ring du gyur pa /	shes_0 rab_5 kyi_9 pha_13 rol_17 tu_21 sbyin_24 ba_30 zab_33 mo_37 dang_40 mnyam_45 ba_51 nyid_54 las_59 ring_63 du_68 gyur_71 ba_76 
K10D0242_H0765=H0243:468b-37	byams pa dang /	byams_0 ba_6 dang_9 
K10D0242_H0765=H0243:469a-0	snying @469a *//	snying_0 
K10D0242_H0765=H0243:469a-1	rje dang /	rje_0 dang_4 
K10D0242_H0765=H0243:469a-2	dga' ba dang /	dga'_0 ba_5 dang_8 
K10D0242_H0765=H0243:469a-3	btang snyoms tshad med pa bzhi mi sgrub pa dang /	gtong_0 snyom_6 tshad_13 med_19 ba_23 bzhi_26 mi_31 sgrub_34 ba_40 dang_43 
K10D0242_H0765=H0243:469a-4	byang chub sems dpa' lhag pa'i tshul khrims dang mi ldan par gyur pa dang /	byang_0 chub_6 sems_11 dpa'_16 lhag_21 ba_26 tshul_31 khrims_37 dang_44 mi_49 ldan_52 ba_57 gyur_61 ba_66 dang_69 
K10D0242_H0765=H0243:469a-5	chags pa med pa dang /	chags_0 ba_6 med_9 ba_13 dang_16 
K10D0242_H0765=H0243:469a-6	thogs pa med pa'i ye shes chen po las ring du gyur pa dang /	thogs_0 ba_6 med_9 ba_13 ye_18 shes_21 chen_26 po_31 las_34 ring_38 du_43 gyur_46 ba_51 dang_54 
K10D0242_H0765=H0243:469a-7	mya ngan las 'das pa'i rgyu dge ba'i chos sgrub	mya_0 ngan_4 las_9 'da'_13 ba_18 rgyu_23 dge_28 ba_32 chos_37 sgrub_42 
K10D0242_H0765=H0243:469a-8	pa la bde bar gnas pa ma thob pa dang	ba_0 la_3 bde_6 ba_10 gnas_14 ba_19 ma_22 'thob_25 ba_30 dang_33 
K10D0242_H0765=H0243:469a-9	/ rdzu 'phrul dang /	rdzu_2 'phrul_7 dang_14 
K10D0242_H0765=H0243:469a-10	stobs dang /	stobs_0 dang_6 
K10D0242_H0765=H0243:469a-11	mi 'jigs pa dang bral bar gyur pa dang /	mi_0 'jigs_3 ba_9 dang_12 'bral_17 ba_22 gyur_26 ba_31 dang_34 
K10D0242_H0765=H0243:469a-12	yang dag pa'i dran pa la mi gnas pa dang /	yang_0 'dag_5 ba_9 dran_14 ba_19 la_22 mi_25 gnas_28 ba_33 dang_36 
K10D0242_H0765=H0243:469a-13	bsnyel ba mi mnga' ba'i chos nyid la spyod cing gzhol bar 'jug pa mi 'grub pa dang /	snyel_0 ba_7 mi_10 mnga'_13 ba_19 chos_24 nyid_29 la_34 spyod_37 cing_43 gzhol_48 ba_54 'jug_58 ba_63 mi_66 'grub_69 ba_75 dang_78 
K10D0242_H0765=H0243:469a-14	bsod nams byed pa la g-yel zhing lta ba snyems pa dang /	bsod_0 nams_5 byed_10 ba_15 la_18 g-yel_21 zhing_27 lta_33 ba_37 snyems_40 ba_47 dang_50 
K10D0242_H0765=H0243:469a-15	the tshom gyi sgrib pas byang chub kyi yan lag bdun mngon par mi rtogs pa dang /	the_0 tshom_4 gyi_10 sgrib_14 ba_20 byang_24 chub_30 kyi_35 yan_39 lag_43 bdun_47 mngon_52 ba_58 mi_62 rtogs_65 ba_71 dang_74 
K10D0242_H0765=H0243:469a-16	de bzhin du 'phags pa'i lam yan lag brgyad mi sgrub pa dang /	de_0 bzhin_3 du_9 'phag_12 ba_19 lam_24 yan_28 lag_32 brgyad_36 mi_43 sgrub_46 ba_52 dang_55 
K10D0242_H0765=H0243:469a-17	nyon mongs pa brgya stong tshad med pas zil gyis	nyon_0 mongs_5 ba_11 brgya_14 stong_20 tshad_26 med_32 ba_36 zil_40 gyis_44 
K10D0242_H0765=H0243:469a-18	non cing sdug bsngal rnam pa mang pos sdug bsngal	non_0 cing_4 sdug_9 sngal_14 rnam_21 ba_26 mang_29 pos_34 sdug_38 sngal_43 
K10D0242_H0765=H0243:469a-19	zhing yongs su mnar te /	zhing_0 yongs_6 su_12 mnar_15 te_20 
K10D0242_H0765=H0243:469a-20	rtag tu gdung ba bsam bzhin pas khro zhing rtag tu g-yeng pa /	rtag_0 tu_5 gdung_8 ba_14 bsam_17 bzhin_22 ba_28 khro_32 zhing_37 rtag_43 tu_48 g-yeng_51 ba_58 
K10D0242_H0765=H0243:469a-21	nyon mongs pa brgya stong la rgyun du gzhol bar gyur pa /	nyon_0 mongs_5 ba_11 brgya_14 stong_20 la_26 rgyun_29 du_35 gzhol_38 ba_44 gyur_48 ba_53 
K10D0242_H0765=H0243:469a-22	de bzhin gshegs pa dang /	de_0 bzhin_3 gshegs_9 ba_16 dang_19 
K10D0242_H0765=H0243:469a-23	byang chub sems dpa' thugs rje chen po la gnas pa rnams kyis bdag gi skyabs mdzad par gsol /	byang_0 chub_6 sems_11 dpa'_16 thugs_21 rje_27 chen_31 po_36 la_39 gnas_42 ba_47 rnams_50 kyis_56 bdag_61 gi_66 skyob_69 mdzad_76 ba_82 gsol_86 
K10D0242_H0765=H0243:469a-24	bdag gi rten mdzad par gsol /	bdag_0 gi_5 rten_8 mdzad_13 ba_19 gsol_23 
K10D0242_H0765=H0243:469a-25	bdag gi 'dren pa mdzad par gsol /	bdag_0 gi_5 bgrang_8 ba_14 mdzad_17 ba_23 gsol_27 
K10D0242_H0765=H0243:469b-0	bdag myur du bla na med pa yang dag @469b par rdzogs pa'i sangs rgyas kyi lam dang /	bdag_0 myur_5 du_10 bla_13 na_17 med_20 ba_24 yang_27 'dag_32 ba_42 rdzogs_46 ba_53 sangs_58 rgya_64 kyi_70 lam_74 dang_78 
K10D0242_H0765=H0243:469b-1	byang chub sems dpa' chen po'i lam dang /	byang_0 chub_6 sems_11 dpa'_16 chen_21 po_26 lam_31 dang_35 
K10D0242_H0765=H0243:469b-2	byang chub sems dpa' chen po'i tshogs gsog pa yongs su rdzogs par gyur cig /	byang_0 chub_6 sems_11 dpa'_16 chen_21 po_26 tshogs_31 gsog_38 ba_43 yongs_46 su_52 rdzogs_55 ba_62 gyur_66 cig_71 
K10D0242_H0765=H0243:469b-3	bdag myur du de bzhin gshegs pa'i stobs bcu dang /	bdag_0 myur_5 du_10 de_13 bzhin_16 gshegs_22 ba_29 stobs_34 'chu_40 dang_44 
K10D0242_H0765=H0243:469b-4	mi 'jigs pa bzhi dang /	mi_0 'jigs_3 ba_9 bzhi_12 dang_17 
K10D0242_H0765=H0243:469b-5	sangs rgyas kyi chos ma 'dres pa bco brgyad dang /	sangs_0 rgya_6 kyi_12 chos_16 ma_21 'dre_24 ba_30 'chos_33 brgyad_37 dang_44 
K10D0242_H0765=H0243:469b-6	de bzhin gshegs pa'i chos spobs pa thogs pa med pa dang /	de_0 bzhin_3 gshegs_9 ba_16 chos_21 spobs_26 ba_32 thogs_35 ba_41 med_44 ba_48 dang_51 
K10D0242_H0765=H0243:469b-7	ting nge 'dzin dang /	ting_0 nge_5 'dzin_9 dang_15 
K10D0242_H0765=H0243:469b-8	gzungs dang /	gzungs_0 dang_7 
K10D0242_H0765=H0243:469b-9	rnam par grol ba'i yon tan dang /	rnam_0 ba_5 grol_9 ba_14 yon_19 tan_23 dang_27 
K10D0242_H0765=H0243:469b-10	rdzu 'phrul dang /	rdzu_0 'phrul_5 dang_12 
K10D0242_H0765=H0243:469b-11	mngon par shes pa dang /	mngon_0 ba_6 shes_10 ba_15 dang_18 
K10D0242_H0765=H0243:469b-12	pha rol tu phyin pa yongs su rdzogs par gyur cig /	pha_0 rol_4 tu_8 phyin_11 ba_17 yongs_20 su_26 rdzogs_29 ba_36 gyur_40 cig_45 
K10D0242_H0765=H0243:469b-13	yang bdag bsod nams phun sum tshogs pa thams cad dang ldan par gyur cig /	yang_0 bdag_5 bsod_10 nams_15 phun_20 sum_25 tshogs_29 ba_36 thams_39 cad_45 dang_49 ldan_54 ba_59 gyur_63 cig_68 
K10D0242_H0765=H0243:469b-14	mchod pa rgya chen po byed pa'i dus su'ang /	mchod_0 ba_6 rgya_9 chen_14 po_19 byed_22 ba_27 dus_32 su_36 
K10D0242_H0765=H0243:469b-15	'di skad ces brjod par bya ste /	'di_0 skad_4 ces_9 rjod_13 ba_19 byed_23 ste_27 
K10D0242_H0765=H0243:469b-16	yang sangs rgyas bcom ldan 'das mthu chen po mnga'	yang_0 sangs_5 rgya_11 'joms_17 ldan_22 'da'_27 mthu_32 chen_37 po_42 mnga'_45 
K10D0242_H0765=H0243:469b-17	ba thams cad dang; byang chub sems dpa' tshogs thams	ba_0 thams_3 cad_9 dang;_13 byang_19 chub_25 sems_30 dpa'_35 tshogs_40 thams_47 
K10D0242_H0765=H0243:469b-18	cad bdag la dgongs su gsol /	cad_0 bdag_4 la_9 dgongs_12 su_19 gsol_22 
K10D0242_H0765=H0243:469b-19	deng bdag sangs rgyas dang /	deng_0 bdag_5 sangs_10 rgya_16 dang_22 
K10D0242_H0765=H0243:469b-20	byang chub sems dpa' thams cad la mchod pa dang /	byang_0 chub_6 sems_11 dpa'_16 thams_21 cad_27 la_31 mchod_34 ba_40 dang_43 
K10D0242_H0765=H0243:469b-21	rim gro chen po bgyis te lus 'bul lo //	rim_0 gro_4 chen_8 po_13 bgyid_16 te_22 lus_25 'bul_29 lo_34 
K10D0242_H0765=H0243:469b-22	phyogs bcu'i 'jig rten gyi khams na ji snyed rgyan dang /	phyogs_0 'chu_7 'jig_13 rten_18 gyi_23 khams_27 na_33 ji_36 snyed_39 rgyan_45 dang_51 
K10D0242_H0765=H0243:469b-23	yo byad bzang po thams cad rin po che'i gzhal med khang rnam pa sna tshogs pa dang /	yo_0 byad_3 bzang_8 po_14 thams_17 cad_23 rin_27 po_31 che_34 'jal_40 med_46 khang_50 rnam_56 ba_61 sna_64 tshogs_68 ba_75 dang_78 
K10D0242_H0765=H0243:469b-24	rin po che'i rgyan thams cad dang /	rin_0 po_4 che_7 rgyan_13 thams_19 cad_25 dang_29 
K10D0242_H0765=H0243:469b-25	rin po che'i shing dang /	rin_0 po_4 che_7 shing_13 dang_19 
K10D0242_H0765=H0243:469b-26	rin po che'i ri dang /	rin_0 po_4 che_7 ri_13 dang_16 
K10D0242_H0765=H0243:469b-27	rin po che'i ba dan dang /	rin_0 po_4 che_7 ba_13 dan_16 dang_20 
K10D0242_H0765=H0243:469b-28	rin po che'i dkyil 'khor dang /	rin_0 po_4 che_7 dkyil_13 'khor_19 dang_25 
K10D0242_H0765=H0243:469b-29	rin po che'i dbyig rnam par bkram pa dang /	rin_0 po_4 che_7 dbyig_13 rnam_19 ba_24 'grem_28 ba_34 dang_37 
K10D0242_H0765=H0243:469b-30	rin po che'i gdugs dang /	rin_0 po_4 che_7 gdugs_13 dang_19 
K10D0242_H0765=H0243:470a-0	rin po che'i rgyal mtshan @470a *//	rin_0 po_4 che_7 rgyal_13 mtshan_19 
K10D0242_H0765=H0243:470a-1	dang; rin po che'i do shal gyi rgyan dang /	dang;_0 rin_6 po_10 che_13 do_19 shal_22 gyi_27 rgyan_31 dang_37 
K10D0242_H0765=H0243:470a-2	mu tig gi dra ba dang /	mu_0 tig_3 gi_7 'dra_10 ba_14 dang_17 
K10D0242_H0765=H0243:470a-3	rin po che'i snod dang /	rin_0 po_4 che_7 snod_13 dang_18 
K10D0242_H0765=H0243:470a-4	rin po che'i phung po dang /	rin_0 po_4 che_7 'phung_13 po_19 dang_22 
K10D0242_H0765=H0243:470a-5	rin po che'i 'od 'phro ba dang /	rin_0 po_4 che_7 'od_13 'phro_17 ba_23 dang_26 
K10D0242_H0765=H0243:470a-6	rin po che'i gling dag na nor bu rin po	rin_0 po_4 che_7 gling_13 'dag_19 na_23 nor_26 bu_30 rin_33 po_37 
K10D0242_H0765=H0243:470a-7	che chen po rnam par dag pa'i mar me'i sdong	che_0 chen_4 po_9 rnam_12 ba_17 'dag_21 ba_25 mar_30 me_34 sdong_39 
K10D0242_H0765=H0243:470a-8	bu dang / rin po che dril bu'i sgra 'khrol	bu_0 dang_3 rin_10 po_14 che_17 'dril_21 bu_26 sgra_31 'khrol_36 
K10D0242_H0765=H0243:470a-9	ba la nor bu rin po che 'od 'phro ba	ba_0 la_3 nor_6 bu_10 rin_13 po_17 che_20 'od_24 'phro_28 ba_34 
K10D0242_H0765=H0243:470a-10	gser btso ma'i sbar khab can gyi dom dom pho	gser_0 btso_5 ma_10 sbor_15 khab_20 can_25 gyi_29 dom_33 dom_37 pho_41 
K10D0242_H0765=H0243:470a-11	long dpyangs pas yongs su khebs pa /	long_0 dpyong_5 ba_13 yongs_17 su_23 khebs_26 ba_32 
K10D0242_H0765=H0243:470a-12	gser btso ma'i me tog dzambu'i gser gyi ze ba can /	gser_0 btso_5 ma_10 me_15 tog_18 dzambu_22 gser_31 gyi_36 ze_40 ba_43 can_46 
K10D0242_H0765=H0243:470a-13	gser gyi shing ljon pas dkris pa /	gser_0 gyi_5 shing_9 ljon_15 ba_20 dkri_24 ba_30 
K10D0242_H0765=H0243:470a-14	gser gyi pho brang sna tshogs rin po che'i sprin chags pa /	gser_0 gyi_5 pho_9 brang_13 sna_19 tshogs_23 rin_30 po_34 che_37 sprin_43 chags_49 ba_55 
K10D0242_H0765=H0243:470a-15	rin po che'i thigs pa char du 'bab pa /	rin_0 po_4 che_7 thigs_13 ba_19 char_22 du_27 'bab_30 ba_35 
K10D0242_H0765=H0243:470a-16	rin po che rnam pa mang po'i mdzod kyi pho brang /	rin_0 po_4 che_7 rnam_11 ba_16 mang_19 po_24 mdzod_29 kyi_35 pho_39 brang_43 
K10D0242_H0765=H0243:470a-17	lha rdzas kyi nor bus rtsig ngos spras pa /	lha_0 rdzas_4 kyi_10 nor_14 'bud_18 rtsig_22 ngos_28 spras_33 ba_39 
K10D0242_H0765=H0243:470a-18	rin po che'i shing thams cad rig 'dzin chen po'i	rin_0 po_4 che_7 shing_13 thams_19 cad_25 rig_29 'dzin_33 chen_39 po_44 
K10D0242_H0765=H0243:470a-19	skyed mos tshal gyi ra ba yid du 'ong ba	skyed_0 mos_6 tshal_10 gyi_16 ra_20 ba_23 yid_26 du_30 'ong_33 ba_38 
K10D0242_H0765=H0243:470a-20	/ rin po che'i pho brang dang /	rin_2 po_6 che_9 pho_15 brang_19 dang_25 
K10D0242_H0765=H0243:470a-21	gnas dang /	gnas_0 dang_5 
K10D0242_H0765=H0243:470a-22	shing dang /	shing_0 dang_6 
K10D0242_H0765=H0243:470a-23	nags tshal la sogs pa thams cad kyang yid du 'ong ba de lta bu bdag po med pa /	nags_0 tshal_5 la_11 sogs_14 ba_19 thams_22 cad_28 kyang_32 yid_38 du_42 'ong_45 ba_50 de_53 lta_56 bu_60 bdag_63 po_68 med_71 ba_75 
K10D0242_H0765=H0243:470a-24	'dzin pa med pa /	'dzin_0 ba_6 med_9 ba_13 
K10D0242_H0765=H0243:470a-25	thams cad sangs rgyas dang /	thams_0 cad_6 sangs_10 rgya_16 dang_22 
K10D0242_H0765=H0243:470a-26	byang chub sems dpa' thams cad la yongs su bsngo zhing dbul lo //	byang_0 chub_6 sems_11 dpa'_16 thams_21 cad_27 la_31 yongs_34 su_40 sngo_43 zhing_49 'bul_55 lo_60 
K10D0242_H0765=H0243:470a-27	dzambu'i gling na sman bzang po ring du 'tsho bar	dzambu_0 gling_9 na_15 sman_18 bzang_23 po_29 ring_32 du_37 'tsho_40 ba_46 
K10D0242_H0765=H0243:470a-28	byed pa la sogs pa'i rnam pa ji snyed yod	byed_0 ba_5 la_8 sogs_11 ba_16 rnam_21 ba_26 ji_29 snyed_32 yod_38 
K10D0242_H0765=H0243:470a-29	pa dang; nor bu rin po che sems can thams	ba_0 dang;_3 nor_9 bu_13 rin_16 po_20 che_23 sems_27 can_32 thams_36 
K10D0242_H0765=H0243:470a-30	cad kyi re ba yongs su skong ba dang /	cad_0 kyi_4 re_8 ba_11 yongs_14 su_20 skong_23 ba_29 dang_32 
K10D0242_H0765=H0243:470a-31	ma g-yos par rang bzhin gyis bda' ba'i zhal zas bzang po dang /	ma_0 g-yos_3 ba_9 rang_13 bzhin_18 gyis_24 'ded_29 ba_34 zhal_39 zas_44 bzang_48 po_54 dang_57 
K10D0242_H0765=H0243:470a-32	spos kyi shing ljon pa rnam pa sna tshogs dang /	spros_0 kyi_5 shing_9 ljon_15 ba_20 rnam_23 ba_28 sna_31 tshogs_35 dang_42 
K10D0242_H0765=H0243:470b-0	@470b tsandan gyi shing dang /	tsandan_6 gyi_14 shing_18 dang_24 
K10D0242_H0765=H0243:470b-1	aa ga ru dang /	aa_0 ga_3 ru_6 dang_9 
K10D0242_H0765=H0243:470b-2	tsandan dmar po dang /	tsandan_0 dmar_8 po_13 dang_16 
K10D0242_H0765=H0243:470b-3	lo ma che zhing me tog rtag par bsung gis	lo_0 ma_3 che_6 zhing_10 me_16 tog_19 rtag_23 ba_28 bsung_32 gis_38 
K10D0242_H0765=H0243:470b-4	gzi bar byed pa'i shing rnam pa sna tshogs pa	gzi_0 ba_4 byed_8 ba_13 shing_18 rnam_24 ba_29 sna_32 tshogs_36 ba_43 
K10D0242_H0765=H0243:470b-5	dang / yid du 'ong ba'i lha rdzas kyi spos ma bzung yongs su ma bzung ba dang /	dang_0 yid_7 du_11 'ong_14 ba_19 lha_24 rdzas_28 kyi_34 spros_38 ma_43 bzung_46 yongs_52 su_58 ma_61 bzung_64 ba_70 dang_73 
K10D0242_H0765=H0243:470b-6	dpag bsam gyi shing rnam pa sna tshogs pa dang /	dpog_0 bsam_5 gyi_10 shing_14 rnam_20 ba_25 sna_28 tshogs_32 ba_39 dang_42 
K10D0242_H0765=H0243:470b-7	rgya mtsho chen po'i nang nas 'byung ba nor bu	rgya_0 mtsho_5 chen_11 po_16 nang_21 nas_26 'byung_30 ba_37 nor_40 bu_44 
K10D0242_H0765=H0243:470b-8	rin po che rnam pa sna tshogs yid bzhin gyi	rin_0 po_4 che_7 rnam_11 ba_16 sna_19 tshogs_23 yid_30 bzhin_34 gyi_40 
K10D0242_H0765=H0243:470b-9	nor bu rin po che la sogs pa dang; ri	nor_0 bu_4 rin_7 po_11 che_14 la_18 sogs_21 ba_26 dang;_29 ri_35 
K10D0242_H0765=H0243:470b-10	rab lhun po dang /	rab_0 lhun_4 po_9 dang_12 
K10D0242_H0765=H0243:470b-11	ri ti se dang /	ri_0 ti_3 se_6 dang_9 
K10D0242_H0765=H0243:470b-12	spos kyi ri dang /	spros_0 kyi_5 ri_9 dang_12 
K10D0242_H0765=H0243:470b-13	ri ma la ya dang /	ri_0 ma_3 la_6 ya_9 dang_12 
K10D0242_H0765=H0243:470b-14	ri btang bzung dang /	ri_0 gtong_3 bzung_9 dang_15 
K10D0242_H0765=H0243:470b-15	ri ma ha la dang /	ri_0 ma_3 ha_6 la_9 dang_12 
K10D0242_H0765=H0243:470b-16	rdo rje'i ri la sogs te ri chen po rnam	rdo_0 rje_4 ri_10 la_13 sogs_16 te_21 ri_24 chen_27 po_32 rnam_35 
K10D0242_H0765=H0243:470b-17	pa de dag gi rin po che'i zom sna tshogs	ba_0 de_3 'dag_6 gi_10 rin_13 po_17 che_20 zom_26 sna_30 tshogs_34 
K10D0242_H0765=H0243:470b-18	dang; rin po che'i stegs dang /	dang;_0 rin_6 po_10 che_13 stegs_19 dang_25 
K10D0242_H0765=H0243:470b-19	rdo ba rin po che dang /	rdo_0 ba_4 rin_7 po_11 che_14 dang_18 
K10D0242_H0765=H0243:470b-20	rin po che'i phug dang /	rin_0 po_4 che_7 'bugs_13 dang_18 
K10D0242_H0765=H0243:470b-21	rin po che'i pho brang dang /	rin_0 po_4 che_7 pho_13 brang_17 dang_23 
K10D0242_H0765=H0243:470b-22	rin po che'i rgyan dang /	rin_0 po_4 che_7 rgyan_13 dang_19 
K10D0242_H0765=H0243:470b-23	rin po che'i zhogs ma dang /	rin_0 po_4 che_7 'jog_13 ma_19 dang_22 
K10D0242_H0765=H0243:470b-24	rin po che'i lam srang mang po dang /	rin_0 po_4 che_7 lam_13 srang_17 mang_23 po_28 dang_31 
K10D0242_H0765=H0243:470b-25	nor bu rin po che'i ka ba mang po dang /	nor_0 bu_4 rin_7 po_11 che_14 ka_20 ba_23 mang_26 po_31 dang_34 
K10D0242_H0765=H0243:470b-26	rin po che'i sgron me'i 'khor lo mang po dang /	rin_0 po_4 che_7 sgron_13 me_19 'khor_24 lo_30 mang_33 po_38 dang_41 
K10D0242_H0765=H0243:470b-27	bee d'urya la sogs te /	bee_0 d_4 la_11 sogs_14 te_19 
K10D0242_H0765=H0243:470b-28	nor bu'i rigs rnam pa mang po dang /	nor_0 bu_4 rigs_9 rnam_14 ba_19 mang_22 po_27 dang_30 
K10D0242_H0765=H0243:470b-29	ji tsam du gnam gyi steng na bdag po med pa'i lha'i pho brang dang /	ji_0 tsam_3 du_8 gnam_11 gyi_16 steng_20 na_26 bdag_29 po_34 med_37 ba_41 lha_46 pho_52 brang_56 dang_62 
K10D0242_H0765=H0243:470b-30	lha'i nor rnam pa mang po yid du 'ong zhing blta bar 'os pa dang /	lha_0 nor_6 rnam_10 ba_15 mang_18 po_23 yid_26 du_30 'ong_33 zhing_38 lta_44 ba_49 'os_53 ba_57 dang_60 
K10D0242_H0765=H0243:470b-31	lha'i rol mo'i yo byad rnam pa mang po rlung	lha_0 rol_6 mo_10 yo_15 byad_18 rnam_23 ba_28 mang_31 po_36 rlung_39 
K10D0242_H0765=H0243:470b-32	gi ngad kyis bskyod pa tsam gyis sgra snyan pa	gi_0 ngad_3 kyis_8 skyod_13 ba_20 tsam_23 gyis_28 sgra_33 snyan_38 ba_44 
K10D0242_H0765=H0243:470b-33	'byin pa dang / nam mkha' la gnas pa'i pho	'byin_0 ba_6 dang_9 nam_16 mkha'_20 la_26 gnas_29 ba_34 pho_39 
K10D0242_H0765=H0243:470b-34	brang nas rol mo'i sgra snyan pa 'byin pa dang	brang_0 nas_6 rol_10 mo_14 sgra_19 snyan_24 ba_30 'byin_33 ba_39 dang_42 
K10D0242_H0765=H0243:470b-35	'byin pa dang / / lha'i rol mo rnam pa	'byin_0 ba_6 dang_9 lha_18 rol_24 mo_28 rnam_31 ba_36 
K10D0242_H0765=H0243:470b-36	mang po ma bskyod par sgra snyan par 'byin pa	mang_0 po_5 ma_8 skyod_11 ba_18 sgra_22 snyan_27 ba_33 'byin_37 ba_43 
K10D0242_H0765=H0243:471a-0	'byin pa dang / / dang / lha'i bya sna tshogs nam mkha'i pho brang @471a *//	'byin_0 ba_6 dang_9 dang_18 lha_25 byed_31 sna_35 tshogs_39 nam_46 mkha_50 pho_57 brang_61 
K10D0242_H0765=H0243:471a-1	nas snyan pa'i sgra sna tshogs 'byin pa dang /	nas_0 snyan_4 ba_10 sgra_15 sna_20 tshogs_24 'byin_31 ba_37 dang_40 
K10D0242_H0765=H0243:471a-2	rin po che'i sprin sna tshogs las sgra snyan pa chen po 'byung ba dang /	rin_0 po_4 che_7 sprin_13 sna_19 tshogs_23 las_30 sgra_34 snyan_39 ba_45 chen_48 po_53 'byung_56 ba_63 dang_66 
K10D0242_H0765=H0243:471a-3	lha'i nor bu rin po che dbyangs snyan pa'i sgra sgrogs pa dang /	lha_0 nor_6 bu_10 rin_13 po_17 che_20 dbyangs_24 snyan_32 ba_38 sgra_43 sgrogs_48 ba_55 dang_58 
K10D0242_H0765=H0243:471a-4	gzhan yang lha'i dri'i shing dang /	gzhan_0 yang_6 lha_11 'dri_17 shing_23 dang_29 
K10D0242_H0765=H0243:471a-5	me tog gi shing mang po dang /	me_0 tog_3 gi_7 shing_10 mang_16 po_21 dang_24 
K10D0242_H0765=H0243:471a-6	phreng ba'i shing dang /	phreng_0 ba_7 shing_12 dang_18 
K10D0242_H0765=H0243:471a-7	byug pa mang po dang /	'byug_0 ba_5 mang_8 po_13 dang_16 
K10D0242_H0765=H0243:471a-8	bdug pa'i spos kyi shing dang /	bdug_0 ba_5 spros_10 kyi_15 shing_19 dang_25 
K10D0242_H0765=H0243:471a-9	sgron ma'i shing dang /	sgron_0 ma_6 shing_11 dang_17 
K10D0242_H0765=H0243:471a-10	rgyal mtshan gyi shing dang /	rgyal_0 mtshan_6 gyi_13 shing_17 dang_23 
K10D0242_H0765=H0243:471a-11	ba dan gyi shing dang /	ba_0 dan_3 gyi_7 shing_11 dang_17 
K10D0242_H0765=H0243:471a-12	rin po che'i shing la sogs pa de dag thams cad ma bzung ba /	rin_0 po_4 che_7 shing_13 la_19 sogs_22 ba_27 de_30 'dag_33 thams_37 cad_43 ma_47 bzung_50 ba_56 
K10D0242_H0765=H0243:471a-13	yongs su ma bzung ba de dag thams cad kun kyang sangs rgyas dang /	yongs_0 su_6 ma_9 bzung_12 ba_18 de_21 'dag_24 thams_28 cad_34 kun_38 kyang_42 sangs_48 rgya_54 dang_60 
K10D0242_H0765=H0243:471a-14	byang chub sems dpa' thams cad la dbul lo //	byang_0 chub_6 sems_11 dpa'_16 thams_21 cad_27 la_31 'bul_34 lo_39 
K10D0242_H0765=H0243:471a-15	ji tsam du de bzhin gshegs pa thams cad kyi	ji_0 tsam_3 du_8 de_11 bzhin_14 gshegs_20 ba_27 thams_30 cad_36 kyi_40 
K10D0242_H0765=H0243:471a-16	spyan gyis gzigs pa'i sangs rgyas kyi zhing dag na	spyan_0 gyis_6 gzigs_11 ba_17 sangs_22 rgya_28 kyi_34 zhing_38 'dag_44 na_48 
K10D0242_H0765=H0243:471a-17	mchod pa'i sprin chen po me tog gi sprin dang	mchod_0 ba_6 sprin_11 chen_17 po_22 me_25 tog_28 gi_32 sprin_35 dang_41 
K10D0242_H0765=H0243:471a-18	/ spos kyi sprin dang /	spros_2 kyi_7 sprin_11 dang_17 
K10D0242_H0765=H0243:471a-19	phreng ba'i sprin dang /	phreng_0 ba_7 sprin_12 dang_18 
K10D0242_H0765=H0243:471a-20	bdug spos kyi sprin dang /	bdug_0 spros_5 kyi_10 sprin_14 dang_20 
K10D0242_H0765=H0243:471a-21	byug spos kyi sprin dang /	'byug_0 spros_5 kyi_10 sprin_14 dang_20 
K10D0242_H0765=H0243:471a-22	rin po che'i gdugs kyi sprin dang /	rin_0 po_4 che_7 gdugs_13 kyi_19 sprin_23 dang_29 
K10D0242_H0765=H0243:471a-23	rin po che'i rgyal mtshan gyi sprin dang /	rin_0 po_4 che_7 rgyal_13 mtshan_19 gyi_26 sprin_30 dang_36 
K10D0242_H0765=H0243:471a-24	rin po che'i ba dan gyi sprin dang; rin po che'i gos kyi sprin dang /	rin_0 po_4 che_7 ba_13 dan_16 gyi_20 sprin_24 dang;_30 rin_36 po_40 che_43 gos_49 kyi_53 sprin_57 dang_63 
K10D0242_H0765=H0243:471a-25	rin po che'i rnam pa'i sprin dang /	rin_0 po_4 che_7 rnam_13 ba_18 sprin_23 dang_29 
K10D0242_H0765=H0243:471a-26	rin po che'i phung po'i sprin la sogs te /	rin_0 po_4 che_7 'phung_13 po_19 sprin_24 la_30 sogs_33 te_38 
K10D0242_H0765=H0243:471a-27	rin po che chen po'i sprin rnam pa de dag dang /	rin_0 po_4 che_7 chen_11 po_16 sprin_21 rnam_27 ba_32 de_35 'dag_38 dang_42 
K10D0242_H0765=H0243:471a-28	gzhan yang /	gzhan_0 yang_6 
K10D0242_H0765=H0243:471a-29	spos kyi 'bru mar gyis mar me'i snod chen po	spros_0 kyi_5 'bru_9 mar_14 gyis_18 mar_23 me_27 snod_32 chen_37 po_42 
K10D0242_H0765=H0243:471a-30	bkang ba stong gi 'jig rten gyi tshad dang mnyam	'geng_0 ba_6 stong_9 gi_15 'jig_18 rten_23 gyi_28 tshad_32 dang_38 mnyam_43 
K10D0242_H0765=H0243:471a-31	pa / mar me'i snying po ri rab kyi tshad tsam pa sgron mar byas te /	ba_0 mar_5 me_9 snying_14 po_21 ri_24 rab_27 kyi_31 tshad_35 tsam_41 ba_46 sgron_49 mar_55 byed_59 te_64 
K10D0242_H0765=H0243:471b-0	sangs rgyas bcom ldan 'das de dag thams cad @471b	sangs_0 rgya_6 'joms_12 ldan_17 'da'_22 de_27 'dag_30 thams_34 cad_40 
K10D0242_H0765=H0243:471b-1	dang; byang chub sems dpa' chen po rnams la mchod	dang;_0 byang_6 chub_12 sems_17 dpa'_22 chen_27 po_32 rnams_35 la_41 mchod_44 
K10D0242_H0765=H0243:471b-2	cing dbul lo // de bzhin du mchod pa rnam	cing_0 'bul_5 lo_10 de_16 bzhin_19 du_25 mchod_28 ba_34 rnam_37 
K10D0242_H0765=H0243:471b-3	pa sna tshogs kyis mchod pa'i bsod nams dam pa	ba_0 sna_3 tshogs_7 kyis_14 mchod_19 ba_25 bsod_30 nams_35 dam_40 ba_44 
K10D0242_H0765=H0243:471b-4	ji tsam pa de dag thams cad bla na med	ji_0 tsam_3 ba_8 de_11 'dag_14 thams_18 cad_24 bla_28 na_32 med_35 
K10D0242_H0765=H0243:471b-5	pa'i byang chub tu yongs su bsngo'o //	ba_0 byang_5 chub_11 tu_16 yongs_19 su_25 sngo_28 
K10D0242_H0765=H0243:471b-6	gang 'das pa'i sangs rgyas bcom ldan 'das rnams kyis dge ba mang po brtsams te /	gang_0 'da'_5 ba_10 sangs_15 rgya_21 'joms_27 ldan_32 'da'_37 rnams_42 kyis_48 dge_53 ba_57 mang_60 po_65 brtsams_68 te_76 
K10D0242_H0765=H0243:471b-7	dmigs su med pa'i tshul gyis byang chub tu yongs	dmigs_0 su_6 med_9 ba_13 tshul_18 gyis_24 byang_29 chub_35 tu_40 yongs_43 
K10D0242_H0765=H0243:471b-8	su bsngos pa de bzhin du bdag gis kyang bsod	su_0 sngo_3 ba_10 de_13 bzhin_16 du_22 bdag_25 gis_30 kyang_34 bsod_40 
K10D0242_H0765=H0243:471b-9	nams de dag thams cad bla na med pa yang	nams_0 de_5 'dag_8 thams_12 cad_18 bla_22 na_26 med_29 ba_33 yang_36 
K10D0242_H0765=H0243:471b-10	dag par rdzogs pa'i byang chub tu yongs su bsngo'o	'dag_0 ba_4 rdzogs_8 ba_15 byang_20 chub_26 tu_31 yongs_34 su_40 sngo_43 
K10D0242_H0765=H0243:471b-11	// yang sangs rgyas bcom ldan 'das byang chub kyi	yang_3 sangs_8 rgya_14 'joms_20 ldan_25 'da'_30 byang_35 chub_41 kyi_46 
K10D0242_H0765=H0243:471b-12	snying por mngon par rdzogs par sangs rgyas nas chos	snying_0 por_7 mngon_11 ba_17 rdzogs_21 ba_28 sangs_32 rgya_38 nas_44 chos_48 
K10D0242_H0765=H0243:471b-13	kyi 'khor lo chen po ni bskor /	kyi_0 'khor_4 lo_10 chen_13 po_18 ni_21 skor_24 
K10D0242_H0765=H0243:471b-14	bdud kyi sde rnams ni pham par byas nas /	bdud_0 kyi_5 sde_9 rnams_13 ni_19 'pham_22 ba_27 byed_31 nas_36 
K10D0242_H0765=H0243:471b-15	mya ngan las 'da' bar gshegs par dgongs pa la /	mya_0 ngan_4 las_9 'da'_13 ba_18 gshegs_22 ba_29 dgongs_33 ba_40 la_43 
K10D0242_H0765=H0243:471b-16	sems can thams cad la phan pa dang /	sems_0 can_5 thams_9 cad_15 la_19 phan_22 ba_27 dang_30 
K10D0242_H0765=H0243:471b-17	bde ba'i phyir bskal pa chen po gcig tshang bar bzhugs par gsol zhes gsol ba gdab bo /	bde_0 ba_4 phyir_9 bskal_15 ba_21 chen_24 po_29 gcig_32 tshang_37 ba_44 bzhugs_48 ba_55 gsol_59 zhes_64 gsol_69 ba_74 gdab_77 'bo_82 
K10D0242_H0765=H0243:471b-18	sangs rgyas dang /	sangs_0 rgya_6 dang_12 
K10D0242_H0765=H0243:471b-19	byang chub sems dpa' thams cad dang /	byang_0 chub_6 sems_11 dpa'_16 thams_21 cad_27 dang_31 
K10D0242_H0765=H0243:471b-20	sems can thams cad kyis bsod nams ci bsgrubs pa	sems_0 can_5 thams_9 cad_15 kyis_19 bsod_24 nams_29 ci_34 sgrub_37 ba_45 
K10D0242_H0765=H0243:471b-21	de dag thams cad la rjes su yi rang ngo	de_0 'dag_3 thams_7 cad_13 la_17 rjes_20 su_25 yi_28 rang_31 ngo_36 
K10D0242_H0765=H0243:471b-22	// dus gsum gyi de bzhin gshegs pa dang /	dus_3 gsum_7 gyi_12 de_16 bzhin_19 gshegs_25 ba_32 dang_35 
K10D0242_H0765=H0243:471b-23	byang chub sems dpa' thams cad kyis sdig pa dang /	byang_0 chub_6 sems_11 dpa'_16 thams_21 cad_27 kyis_31 sdig_36 ba_41 dang_44 
K10D0242_H0765=H0243:471b-24	mi dge ba'i las kyi sgrib pa thams cad bshegs	mi_0 dge_3 ba_7 las_12 kyi_16 sgrib_20 ba_26 thams_29 cad_35 bshegs_39 
K10D0242_H0765=H0243:471b-25	pa de bzhin du bdag gis kyang yongs su bshags	ba_0 de_3 bzhin_6 du_12 bdag_15 gis_20 kyang_24 yongs_30 su_36 'chags_39 
K10D0242_H0765=H0243:471b-26	shing yongs su sbyong ngo //	shing_0 yongs_6 su_12 sbyong_15 ngo_22 
K10D0242_H0765=H0243:471b-27	de bzhin du mchod pa dang /	de_0 bzhin_3 du_9 mchod_12 ba_18 dang_21 
K10D0242_H0765=H0243:471b-28	bshags pa la sogs pa byas nas sangs rgyas dang /	'chags_0 ba_7 la_10 sogs_13 ba_18 byed_21 nas_26 sangs_30 rgya_36 dang_42 
K10D0242_H0765=H0243:472a-0	byang chub sems dpa' thams cad mngon sum du @472a *//	byang_0 chub_6 sems_11 dpa'_16 thams_21 cad_27 mngon_31 sum_37 du_41 
K10D0242_H0765=H0243:472a-1	dmigs pa'i spyan sngar gsang sngags 'di lan brgya rtsa brgyad bzlas so //	dmigs_0 ba_6 spyan_11 sngar_17 gsang_23 sngags_29 'di_36 lan_40 brgya_44 rtsa_50 brgyad_55 bzlas_62 so_68 
K10D0242_H0765=H0243:472a-2	aom sam bha ra /	aom_0 sam_4 bha_8 ra_12 
K10D0242_H0765=H0243:472a-3	sam bha ra /	sam_0 bha_4 ra_8 
K10D0242_H0765=H0243:472a-4	bhi ma na sa ra /	bhi_0 ma_4 na_7 sa_10 ra_13 
K10D0242_H0765=H0243:472a-5	mah'a dz'a b'a h'um/	mah_0 dz_6 b_11 
K10D0242_H0765=H0243:472a-6	gang gsang sngags de bzlas pas ci dang /	gang_0 gsang_5 sngags_11 de_18 bzlas_21 ba_27 ci_31 dang_34 
K10D0242_H0765=H0243:472a-7	ci 'dod pa de thams cad 'grub cing lha'i mchod pa'i sprin chen po dang /	ci_0 'dod_3 ba_8 de_11 thams_14 cad_20 'grub_24 cing_30 lha_35 mchod_41 ba_47 sprin_52 chen_58 po_63 dang_66 
K10D0242_H0765=H0243:472a-8	de bzhin gshegs pa thams cad kyang mngon du 'gyur ro //	de_0 bzhin_3 gshegs_9 ba_16 thams_19 cad_25 kyang_29 mngon_35 du_41 'gyur_44 ro_50 
K10D0242_H0765=H0243:472a-9	rigs kyi bu'am /	rigs_0 kyi_5 bu_9 
K10D0242_H0765=H0243:472a-10	rigs kyi bu mo gang la la zhig gis de	rigs_0 kyi_5 bu_9 mo_12 gang_15 la_20 la_23 'jig_26 gis_31 de_35 
K10D0242_H0765=H0243:472a-11	bzhin gshegs pa yid la byed cing nyin mo'ang rung	bzhin_0 gshegs_6 ba_13 yid_16 la_20 byed_23 cing_28 nyin_33 mo_38 rung_45 
K10D0242_H0765=H0243:472a-12	/ mtshan mo'ang rung /	mtshan_2 mo_9 rung_16 
K10D0242_H0765=H0243:472a-13	yongs su bsngo ba'i 'khor lo chen po 'di klog cing 'don na /	yongs_0 su_6 sngo_9 ba_15 'khor_20 lo_26 chen_29 po_34 'di_37 klog_41 cing_46 'don_51 na_56 
K10D0242_H0765=H0243:472a-14	de'i sdig pa mi dge ba'i las 'byang zhing nyon	de_0 sdig_5 ba_10 mi_13 dge_16 ba_20 las_25 'byang_29 zhing_36 nyon_42 
K10D0242_H0765=H0243:472a-15	mongs pa thams cad khad kyis sbyong bar 'gyur ba	mongs_0 ba_6 thams_9 cad_15 khad_19 kyis_24 sbyong_29 ba_36 'gyur_40 ba_46 
K10D0242_H0765=H0243:472a-16	dang / bsod nams kyi tshogs snga ma de dag thams cad thob par 'gyur ro //	dang_0 bsod_7 nams_12 kyi_17 tshogs_21 snga_28 ma_33 de_36 'dag_39 thams_43 cad_49 'thob_53 ba_58 'gyur_62 ro_68 
K10D0242_H0765=H0243:472a-17	lan gcig bklags pa tsam gyis kyang tshangs pa brgya'i	lan_0 gcig_4 bklags_9 ba_16 tsam_19 gyis_24 kyang_29 tshangs_35 ba_43 brgya_46 
K10D0242_H0765=H0243:472a-18	dpal dang ldan zhing rmi lam na'ang rtag tu sangs	dpal_0 dang_5 ldan_10 zhing_15 rmi_21 lam_25 na_29 rtag_36 tu_41 sangs_44 
K10D0242_H0765=H0243:472a-19	rgyas mthong bar 'gyur ro //	rgya_0 mthong_6 ba_13 'gyur_17 ro_23 
K10D0242_H0765=H0243:472a-20	tshe 'das nas kyang yongs su dag pa'i zhing du skye'o //	tshe_0 'da'_5 nas_10 kyang_14 yongs_20 su_26 'dag_29 ba_33 zhing_38 du_44 skye_47 
K10D0242_H0765=H0243:472a-21	bcom ldan 'das kyis de skad ces bka' stsal nas /	'joms_0 ldan_5 'da'_10 kyis_15 de_20 skad_23 ces_28 bka'_32 stsal_37 nas_43 
K10D0242_H0765=H0243:472a-22	byang chub sems dpa'i tshogs mang po de dag thams	byang_0 chub_6 sems_11 dpa_16 tshogs_22 mang_29 po_34 de_37 'dag_40 thams_44 
K10D0242_H0765=H0243:472a-23	cad bcom ldan 'das kyis gsungs pa la mngon par	cad_0 'joms_4 ldan_9 'da'_14 kyis_19 gsungs_24 ba_31 la_34 mngon_37 ba_43 
K10D0242_H0765=H0243:472a-24	bstod do // yongs su bsngo ba'i 'khor lo zhes bya ba theg pa chen po'i mdo rdzogs so ////	bstod_0 do_6 yongs_12 su_18 sngo_21 ba_27 'khor_32 lo_38 zhes_41 byed_46 ba_50 theg_53 ba_58 chen_61 po_66 mdo_71 rdzogs_75 so_82 
K10D0242_H0765=H0243:472a-25	li'i dge slong sde snod gsum dang ldan pa sh'i	li_0 dge_5 slong_9 sde_15 snod_19 gsum_24 dang_29 ldan_34 ba_39 sh_42 
K10D0242_H0765=H0243:472a-26	la dharmas rgya gar gyi dharma rgya'i yi ge las	la_0 dharmas_3 rgya_11 gar_16 gyi_20 dharma_24 rgya_31 yi_38 ge_41 las_44 
K10D0242_H0765=H0243:472a-27	bande rnam par mi rtog gis bsgyur ba ////	bande_0 rnam_6 ba_11 mi_15 rtogs_18 gis_23 sgyur_27 ba_34 
