K10Dx_H0350:489b-0	@489b / /*// rgya gar skad du /	rgya_13 gar_18 skad_22 du_27 
K10Dx_H0350:489b-1	a'arya mee tri ya by'a ka ra na /	a_0 mee_7 tri_11 ya_15 by_18 ka_23 ra_26 na_29 
K10Dx_H0350:489b-2	bod skad du /	'bod_0 skad_4 du_9 
K10Dx_H0350:489b-3	'phags pa byams pa lung bstan pa /	'phag_0 ba_7 byams_10 ba_16 lung_19 ston_24 ba_30 
K10Dx_H0350:490a-0	'phags pa @490a *//	'phag_0 ba_7 
K10Dx_H0350:490a-1	byams pa la phyag 'tshal lo //	byams_0 ba_6 la_9 phyag_12 'tshal_18 lo_25 
K10Dx_H0350:490a-2	chos kyi sde dpon khyab bdag dpal //	chos_0 kyi_5 sde_9 dpon_13 khyab_18 bdag_24 dpal_29 
K10Dx_H0350:490a-3	shes rab chen po sh'a ri'i bus //	shes_0 rab_5 chen_9 po_14 sh_17 ri_22 'bud_27 
K10Dx_H0350:490a-4	'jig rten rnams la snying brtse'i phyir //	'jig_0 rten_5 rnams_10 la_16 snying_19 brtse_26 phyir_34 
K10Dx_H0350:490a-5	ston pa la ni yongs zhus pa //	ston_0 ba_5 la_8 ni_11 yongs_14 zhus_20 ba_25 
K10Dx_H0350:490a-6	sngon dang phyi mtha'i mdo las ni //	sngon_0 dang_6 phyi_11 mtha_16 mdo_23 las_27 ni_31 
K10Dx_H0350:490a-7	ma 'ongs pa yi sangs rgyas gang //	ma_0 'ongs_3 ba_9 yi_12 sangs_15 rgya_21 gang_27 
K10Dx_H0350:490a-8	'jig rten 'dren par mdzad pa po //	'jig_0 rten_5 bgrang_10 ba_16 mdzad_20 ba_26 po_29 
K10Dx_H0350:490a-9	byams pa zhes bya bstan pa de //	byams_0 ba_6 zhes_9 byed_14 ston_18 ba_24 de_27 
K10Dx_H0350:490a-10	'dren pa bdag ni de'i mthu dang //	bgrang_0 ba_6 bdag_9 ni_14 de_17 mthu_22 dang_27 
K10Dx_H0350:490a-11	rdzu 'phrul dang ni don thams cad //	rdzu_0 'phrul_5 dang_12 ni_17 don_20 thams_24 cad_30 
K10Dx_H0350:490a-12	rgyas par rab tu nyan 'tshal ni //	rgya_0 ba_6 rab_10 tu_14 nyan_17 'tshal_22 ni_29 
K10Dx_H0350:490a-13	de ni mi mchog bdag la gsungs //	de_0 ni_3 mi_6 mchog_9 bdag_15 la_20 gsungs_23 
K10Dx_H0350:490a-14	de la ston pas bka' stsal pa //	de_0 la_3 ston_6 ba_11 bka'_15 stsal_20 ba_26 
K10Dx_H0350:490a-15	sangs rgyas byams pa'i mchog de'i //	sangs_0 rgya_6 byams_12 ba_18 mchog_23 de_29 
K10Dx_H0350:490a-16	'byor pa rgyas par khyod la ngas //	'byor_0 ba_6 rgya_9 ba_15 khyod_19 la_25 ngas_28 
K10Dx_H0350:490a-17	lung bstan bya yi nga la nyon //	lung_0 ston_5 byed_11 yi_15 nga_18 la_22 nyon_25 
K10Dx_H0350:490a-18	de yi tshe na rgya mtsho ni //	de_0 yi_3 tshe_6 na_11 rgya_14 mtsho_19 ni_25 
K10Dx_H0350:490a-19	khor yug tu ni dpag tshad brgya //	khor_0 yug_5 tu_9 ni_12 dpog_15 tshad_20 brgya_26 
K10Dx_H0350:490a-20	skam par 'gyur te de yang ni; ;'khor los bsgyur ba'i lam bzang yin //	skam_0 ba_5 'gyur_9 te_15 de_18 yang_21 ni;_26 ;'khor_30 los_37 sgyur_41 ba_48 lam_53 bzang_57 yin_63 
K10Dx_H0350:490a-21	de tshe dzambu'i gling 'di yang //	de_0 tshe_3 dzambu_8 gling_17 'di_23 yang_27 
K10Dx_H0350:490a-22	chu zheng tha gru mnyam par ni //	chu_0 zheng_4 tha_10 gru_14 mnyam_18 ba_24 ni_28 
K10Dx_H0350:490a-23	dpag tshad stong phrag bcu pa ste //	dpog_0 tshad_5 stong_11 phrag_17 'chu_23 ba_27 ste_30 
K10Dx_H0350:490a-24	'byung po kun gyi gnas su 'gyur; ;de yi tshe na yul gyi mi //	'byung_0 po_7 kun_10 gyi_14 gnas_18 su_23 'gyur;_26 ;de_33 yi_37 tshe_40 na_45 yul_48 gyi_52 mi_56 
K10Dx_H0350:490a-25	dar cing 'byor la chad pa med //	dar_0 cing_4 'byor_9 la_15 'chad_18 ba_23 med_26 
K10Dx_H0350:490a-26	'tshe med mi ni de dag kyang //	'tshe_0 med_6 mi_10 ni_13 de_16 'dag_19 kyang_23 
K10Dx_H0350:490a-27	dge ba byed pa dag tu 'gyur //	dge_0 ba_4 byed_7 ba_12 'dag_15 tu_19 'gyur_22 
K10Dx_H0350:490a-28	sa gzhi tsher ma med pa dang //	sa_0 gzhi_3 tsher_8 ma_14 med_17 ba_21 dang_24 
K10Dx_H0350:490a-29	mnyam zhing ne'u gsing sngo dang ldan //	mnyam_0 zhing_6 ne_12 gsing_17 sngo_23 dang_28 ldan_33 
K10Dx_H0350:490a-30	'phar zhing nem zhes byed pa ste //	'phar_0 zhing_6 nem_12 zhes_16 byed_21 ba_26 ste_29 
K10Dx_H0350:490a-31	shing bal 'dab ma bzhin du 'jam //	shing_0 bal_6 'dab_10 ma_15 bzhin_18 du_24 'jam_27 
K10Dx_H0350:490a-32	mngar zhing dri ni zhim pa yi //	mngar_0 zhing_6 'dri_12 ni_16 zhim_19 ba_24 yi_27 
K10Dx_H0350:490a-33	s'a lu ma rmos par skye'o //	s_0 lu_4 ma_7 rmos_10 ba_15 skye_19 
K10Dx_H0350:490b-0	sna tshogs tshon gyis mdzes byas @490b pa'i; ;gos kyi ljon shing 'byung bar 'gyur //	sna_0 tshogs_4 tshon_11 gyis_17 mdzes_22 byed_28 pa;_39 ;gos_45 kyi_50 ljon_54 shing_59 'byung_65 ba_72 'gyur_76 
K10Dx_H0350:490b-1	me tog lo ma 'bras ldan pa'i //	me_0 tog_3 lo_7 ma_10 'bras_13 ldan_19 ba_24 
K10Dx_H0350:490b-2	ljon shing 'phang du rgyang grags 'byung //	ljon_0 shing_5 'phen_11 du_18 rgyang_21 grags_28 'byung_34 
K10Dx_H0350:490b-3	de dag rnams kyi tshe lo ni //	de_0 'dag_3 rnams_7 kyi_13 tshe_17 lo_22 ni_25 
K10Dx_H0350:490b-4	brgyad khri kho na thub par 'gyur //	brgyad_0 khri_7 kho_12 na_16 thub_19 ba_24 'gyur_28 
K10Dx_H0350:490b-5	sems can de dag skyon med cing //	sems_0 can_5 de_9 'dag_12 skyon_16 med_22 cing_26 
K10Dx_H0350:490b-6	nyes bral spro ba tshe dang ldan pa //	nyes_0 'bral_5 spro_10 ba_15 tshe_18 dang_23 ldan_28 ba_33 
K10Dx_H0350:490b-7	lus chen kha dog ldan pa ste //	lus_0 chen_4 kha_9 dog_13 ldan_17 ba_22 ste_25 
K10Dx_H0350:490b-8	tshan po cho yi stobs dang ldan //	tshan_0 po_6 cho_9 yi_13 stobs_16 dang_22 ldan_27 
K10Dx_H0350:490b-9	nad ni gsum zhig 'byung bar 'gyur //	nad_0 ni_4 gsum_7 'jig_12 'byung_17 ba_24 'gyur_28 
K10Dx_H0350:490b-10	'dod dang mi za rga ba'o; ;bu mo la ni lnga brgya dag /	'dod_0 dang_5 mi_10 za_13 rga_16 ba;_20 ;bu_26 mo_30 la_33 ni_36 lnga_39 brgya_44 'dag_50 
K10Dx_H0350:490b-11	lon nas khyo la bag mar 'gro /	lon_0 nas_4 khyo_8 la_13 bag_16 mar_20 'gro_24 
K10Dx_H0350:490b-12	de tshe tog ldan zhes bya ba'i //	de_0 tshe_3 tog_8 ldan_12 zhes_17 byed_22 ba_26 
K10Dx_H0350:490b-13	rgyal po'i pho brang 'byung 'gyur te //	rgyal_0 po_6 pho_11 brang_15 'byung_21 'gyur_28 te_34 
K10Dx_H0350:490b-14	srog chags dge ba'i las byed pa'i //	srog_0 chags_5 dge_11 ba_15 las_20 byed_24 ba_29 
K10Dx_H0350:490b-15	sems can rnams kyi gnas yin no //	sems_0 can_5 rnams_9 kyi_15 gnas_19 yin_24 no_28 
K10Dx_H0350:490b-16	chur ni dpag tshad bcu gnyis te //	'chur(d)_0 ni_5 dpog_8 tshad_13 'chu_19 gnyis_23 te_29 
K10Dx_H0350:490b-17	rgyar ni dpag tshad bdun yod pa'i //	rgyar_0 ni_6 dpog_9 tshad_14 bdun_20 yod_25 ba_29 
K10Dx_H0350:490b-18	bsod nams byas pa rnam dag gi /	bsod_0 nams_5 byed_10 ba_15 rnam_18 'dag_23 gi_27 
K10Dx_H0350:490b-19	grong khyer yid 'ong 'byung bar 'gyur //	grong_0 'khyer_6 yid_12 'ong_16 'byung_21 ba_28 'gyur_32 
K10Dx_H0350:490b-20	rin chen bdun las byas mtho ba'i //	rin_0 chen_4 bdun_9 las_14 byed_18 mtho_23 ba_28 
K10Dx_H0350:490b-21	ra ba 'phang du rgyang grags 'byung //	ra_0 ba_3 'phen_6 du_13 rgyang_16 grags_23 'byung_29 
K10Dx_H0350:490b-22	shing thags dang ni sgo khang rnams //	shing_0 thags_6 dang_12 ni_17 sgo_20 khang_24 rnams_30 
K10Dx_H0350:490b-23	rin chen sna tshogs dag gis brgyan //	rin_0 chen_4 sna_9 tshogs_13 'dag_20 gis_24 rgyan_28 
K10Dx_H0350:490b-24	rin chen so phag gis brtsegs shing //	rin_0 chen_4 so_9 phag_12 gis_17 brtsegs_21 shing_29 
K10Dx_H0350:490b-25	padma autpal gcal du bkram //	padma_0 autpal_6 gcal_13 du_18 'grem_21 
K10Dx_H0350:490b-26	dur pas mdzes par byas pa yi //	dur_0 ba_4 mdzes_8 ba_14 byed_18 ba_23 yi_26 
K10Dx_H0350:490b-27	'obs kyang 'byung ba kho nar 'gyur //	'obs_0 kyang_5 'byung_11 ba_18 kho_21 nar_25 'gyur_29 
K10Dx_H0350:490b-28	khor yug tu ni ta la yi //	khor_0 yug_5 tu_9 ni_12 ta_15 la_18 yi_21 
K10Dx_H0350:490b-29	phreng ba bdun gyis yongs su bskor //	phreng_0 ba_7 bdun_10 gyis_15 yongs_20 su_26 skor_29 
K10Dx_H0350:490b-30	dril bu'i dra bas mdzes byas pa //	'dril_0 bu_5 'dra_10 ba_14 mdzes_18 byed_24 ba_29 
K10Dx_H0350:490b-31	rin chen bzhi rgyu'i ta la dag /	rin_0 chen_4 bzhi_9 rgyu_14 ta_21 la_24 'dag_27 
K10Dx_H0350:490b-32	rlung bskyod ta la de dag las //	rlung_0 skyod_6 ta_13 la_16 de_19 'dag_22 las_26 
K10Dx_H0350:490b-33	snyan pa'i sgra ni 'di ltar dper //	snyan_0 ba_6 sgra_11 ni_16 'di_19 ltar_23 dper_28 
K10Dx_H0350:490b-34	sil snyan yan lag lnga ldan bzhin //	sil_0 snyan_4 yan_10 lag_14 lnga_18 ldan_23 bzhin_28 
K10Dx_H0350:491a-0	de las yid 'ong @491a *//	de_0 las_3 yid_7 'ong_11 
K10Dx_H0350:491a-1	sgra grag 'gyur //	sgra_0 grag_5 'gyur_10 
K10Dx_H0350:491a-2	mi rnams gang dag grong khyer der //	mi_0 rnams_3 gang_9 'dag_14 grong_18 'khyer_24 der_30 
K10Dx_H0350:491a-3	rtse dga' bde don gnyer ba rnams //	rtse_0 dga'_5 bde_10 don_14 gnyer_18 ba_24 rnams_27 
K10Dx_H0350:491a-4	de dag ta la'i sgra de yis //	de_0 'dag_3 ta_7 la_10 sgra_15 de_20 yis_23 
K10Dx_H0350:491a-5	rab tu mgu zhing rtsen par byed; ;autpal ku mu das gang ba'i //	rab_0 tu_4 mgu_7 zhing_11 rtsen_17 ba_23 byed;_27 ;autpal_33 ku_41 mu_44 das_47 gang_51 ba_56 
K10Dx_H0350:491a-6	rdzing bu dag kyang 'byung bar 'gyur //	rdzing_0 bu_7 'dag_10 kyang_14 'byung_20 ba_27 'gyur_31 
K10Dx_H0350:491a-7	grong de skyed mos tshal dang ni //	grong_0 de_6 skyed_9 mos_15 tshal_19 dang_25 ni_30 
K10Dx_H0350:491a-8	nags tshal phun sum tshogs par 'gyur //	nags_0 tshal_5 phun_11 sum_16 tshogs_20 ba_27 'gyur_31 
K10Dx_H0350:491a-9	der ni dung zhes bya ba yi //	der_0 ni_4 dung_7 zhes_12 byed_17 ba_21 yi_24 
K10Dx_H0350:491a-10	rgyal po gzi brjid che ldan zhing //	rgyal_0 po_6 gzi_9 brjid_13 che_19 ldan_23 zhing_28 
K10Dx_H0350:491a-11	stobs che gling bzhi'i dbang phyug pa //	stobs_0 che_6 gling_10 bzhi_16 dbang_23 phyug_29 ba_35 
K10Dx_H0350:491a-12	mnga' bdag 'khor los bsgyur ba 'byung //	mnga'_0 bdag_6 'khor_11 los_17 sgyur_21 ba_28 'byung_31 
K10Dx_H0350:491a-13	dpung gi yan lag bzhi 'byor cing //	dpung_0 gi_6 yan_9 lag_13 bzhi_17 'byor_22 cing_28 
K10Dx_H0350:491a-14	rin chen bdun dang yang dag ldan //	rin_0 chen_4 bdun_9 dang_14 yang_19 'dag_24 ldan_28 
K10Dx_H0350:491a-15	rgyal po de yi sras rnams ni //	rgyal_0 po_6 de_9 yi_12 sras_15 rnams_20 ni_26 
K10Dx_H0350:491a-16	stong du tshang bar 'byung bar 'gyur //	stong_0 du_6 tshang_9 ba_16 'byung_20 ba_27 'gyur_31 
K10Dx_H0350:491a-17	mi yi dbang po de yang ni //	mi_0 yi_3 dbang_6 po_12 de_15 yang_18 ni_23 
K10Dx_H0350:491a-18	sa 'di rgya mtsho'i mtha' klas par //	sa_0 'di_3 rgya_7 mtsho_12 mtha'_20 klas_26 ba_31 
K10Dx_H0350:491a-19	chad pa med cing chos dang ni //	'chad_0 ba_5 med_8 cing_12 chos_17 dang_22 ni_27 
K10Dx_H0350:491a-20	mthun pas yongs su skyong bar 'gyur //	mthun_0 ba_6 yongs_10 su_16 skyong_19 ba_26 'gyur_30 
K10Dx_H0350:491a-21	de tshe dung zhes bya ba yi //	de_0 tshe_3 dung_8 zhes_13 byed_18 ba_22 yi_25 
K10Dx_H0350:491a-22	sa bdag rgyal po de la ni //	sa_0 bdag_3 rgyal_8 po_14 de_17 la_20 ni_23 
K10Dx_H0350:491a-23	rin chen khrag khrig brgyas mtshon pa'i //	rin_0 chen_4 khrag_9 khrig_15 brgyas_21 mtshon_28 ba_35 
K10Dx_H0350:491a-24	gter chen bzhi ni 'byung bar 'gyur //	gter_0 chen_5 bzhi_10 ni_15 'byung_18 ba_25 'gyur_29 
K10Dx_H0350:491a-25	su yi mtshan ni ser skya sta //	su_0 yi_3 mtshan_6 ni_13 ser_16 skya_20 sta_25 
K10Dx_H0350:491a-26	bcom brlag na ni dkar po yin //	'joms_0 brlag_5 na_11 ni_14 dkar_17 po_22 yin_25 
K10Dx_H0350:491a-27	sa 'dzin na ni ae la'i 'dab //	sa_0 'dzin_3 na_9 ni_12 ae_15 la_18 'dab_23 
K10Dx_H0350:491a-28	w'a ra n'a si'i grong khyer dung //	w_0 ra_4 n_7 si_11 grong_16 'khyer_22 dung_28 
K10Dx_H0350:491a-29	gter ni bzhi po kho na dang //	gter_0 ni_5 bzhi_8 po_13 kho_16 na_20 dang_23 
K10Dx_H0350:491a-30	rgyal po yang dag ldan par ni; ;'byung 'gyur dpa' po chen po de //	rgyal_0 po_6 yang_9 'dag_14 ldan_18 ba_23 ni;_27 ;'byung_31 'gyur_39 dpa'_45 po_50 chen_53 po_58 de_61 
K10Dx_H0350:491a-31	bsod nams brgya lo stobs las skyes //	bsod_0 nams_5 brgya_10 lo_16 stobs_19 las_25 skye_29 
K10Dx_H0350:491a-32	de tshe rgyal de'i mdun na 'don //	de_0 tshe_3 rgyal_8 de_14 mdun_19 na_24 'don_27 
K10Dx_H0350:491a-33	bram ze tshangs rab ces bya ba //	bram_0 ze_5 tshangs_8 rab_16 ces_20 byed_24 ba_28 
K10Dx_H0350:491a-34	thos mang rig byed bzhi 'don pa'i //	thos_0 mang_5 rig_10 byed_14 bzhi_19 'don_24 ba_29 
K10Dx_H0350:491b-0	@491b mkhan po zhig ni 'byung bar 'gyur //	mkhan_6 po_12 'jig_15 ni_20 'byung_23 ba_30 'gyur_34 
K10Dx_H0350:491b-1	'don du 'jug dang gsang tshig 'dzin //	'don_0 du_5 'jug_8 dang_13 gsang_18 tshig_24 'dzin_30 
K10Dx_H0350:491b-2	dran ldan rig byed gzhung 'grel dang //	dran_0 ldan_5 rig_10 byed_14 gzhung_19 'grel_26 dang_32 
K10Dx_H0350:491b-3	sgra nges sbyor bcas pha rol phyin //	sgra_0 nges_5 sbyor_10 'cha'_16 pha_21 rol_25 phyin_29 
K10Dx_H0350:491b-4	brda sprod pa dang tshig dang ldan //	brda_0 sprod_5 ba_11 dang_14 tshig_19 dang_25 ldan_30 
K10Dx_H0350:491b-5	de tshe de yi chung ma ni //	de_0 tshe_3 de_8 yi_11 chung_14 ma_20 ni_23 
K10Dx_H0350:491b-6	tshangs ldan ma zhes bya ba ste //	tshangs_0 ldan_8 ma_13 zhes_16 byed_21 ba_25 ste_28 
K10Dx_H0350:491b-7	mdzes shing blta na sdug pa dang //	mdzes_0 shing_6 lta_12 na_17 sdug_20 ba_25 dang_28 
K10Dx_H0350:491b-8	gzugs mthong grags dang ldan pa 'byung //	gzugs_0 mthong_6 grags_13 dang_19 ldan_24 ba_29 'byung_32 
K10Dx_H0350:491b-9	byams pa gang zag mchog gyur pa //	byams_0 ba_6 gang_9 zag_14 mchog_18 gyur_24 ba_29 
K10Dx_H0350:491b-10	dga' ldan gnas nas shi 'phos nas //	dga'_0 ldan_5 gnas_10 nas_15 'chi_19 'pho_23 nas_29 
K10Dx_H0350:491b-11	de tshe de yi lhums su ni //	de_0 tshe_3 de_8 yi_11 lhums_14 su_20 ni_23 
K10Dx_H0350:491b-12	nges par nying mtshams sbyor bar 'gyur //	nges_0 ba_5 nying_9 mtshams_15 sbyor_23 ba_29 'gyur_33 
K10Dx_H0350:491b-13	gzi brjid chen po zla ba bcu //	gzi_0 brjid_4 chen_10 po_15 zla_18 ba_22 'chu_25 
K10Dx_H0350:491b-14	tshangs par lhums su zhugs nas kyang //	tshangs_0 ba_8 lhums_12 su_18 'jug_21 nas_27 kyang_31 
K10Dx_H0350:491b-15	byams pa'i yum ni skyed mos tshal //	byams_0 ba_6 yum_11 ni_15 skyed_18 mos_24 tshal_28 
K10Dx_H0350:491b-16	me tog bzang rgyas nang gshegs nas //	me_0 tog_3 bzang_7 rgya_13 nang_19 gshegs_24 nas_31 
K10Dx_H0350:491b-17	chos ston ma de mi 'dug cing //	chos_0 ston_5 ma_10 de_13 mi_16 'dug_19 cing_24 
K10Dx_H0350:491b-18	mi nyal 'greng bzhin dag tu ni //	mi_0 nyal_3 'greng_8 bzhin_15 'dag_21 tu_25 ni_28 
K10Dx_H0350:491b-19	shing gi yal ga la bzung nas //	shing_0 gi_6 yal_9 ga_13 la_16 bzung_19 nas_25 
K10Dx_H0350:491b-20	byams pa bltams pa nyid du 'gyur //	byams_0 ba_6 ltems_9 ba_16 nyid_19 du_24 'gyur_27 
K10Dx_H0350:491b-21	mi yi mchog tu gyur pa de //	mi_0 yi_3 mchog_6 tu_12 gyur_15 ba_20 de_23 
K10Dx_H0350:491b-22	glo g-yas nas ni 'byung 'gyur te //	glo_0 g-yas_4 nas_10 ni_14 'byung_17 'gyur_24 te_30 
K10Dx_H0350:491b-23	dper na sprin gyi phung po nas //	dper_0 na_5 sprin_8 gyi_14 'phung_18 po_24 nas_27 
K10Dx_H0350:491b-24	nyi ma byung ba bzhin du gsal //	nyi_0 ma_4 'byung_7 ba_13 bzhin_16 du_22 gsal_25 
K10Dx_H0350:491b-25	ji ltar chu yi padma bzhin //	ji_0 ltar_3 chu_8 yi_12 padma_15 bzhin_21 
K10Dx_H0350:491b-26	mngal gyi 'dam gyis mi gos so //	mngal_0 gyi_6 'dam_10 gyis_15 mi_20 gos_23 so_27 
K10Dx_H0350:491b-27	khams gsum 'di ni thams cad du //	khams_0 gsum_6 'di_11 ni_15 thams_18 cad_24 du_28 
K10Dx_H0350:491b-28	'od kyis rgyas par 'gengs par 'gyur //	'od_0 kyis_4 rgya_9 ba_15 'gengs_19 ba_26 'gyur_30 
K10Dx_H0350:491b-29	de nas brgya byin lha dbang po //	de_0 nas_3 brgya_7 byin_13 lha_18 dbang_22 po_28 
K10Dx_H0350:491b-30	bde sogs mnga' bdag dga' gyur nas //	bde_0 sogs_4 mnga'_9 bdag_15 dga'_20 gyur_25 nas_30 
K10Dx_H0350:491b-31	byams pa rkang gnyis mchog gyur pa //	byams_0 ba_6 rkang_9 gnyis_15 mchog_21 gyur_27 ba_32 
K10Dx_H0350:491b-32	bltams pa'i tshe na lon par 'gyur //	ltems_0 ba_7 tshe_12 na_17 lon_20 ba_24 'gyur_28 
K10Dx_H0350:491b-33	de ni bltams ma thag tu yang //	de_0 ni_3 ltems_6 ma_13 thag_16 tu_21 yang_24 
K10Dx_H0350:492a-0	gom pa bdun dag @492a *//	'gom_0 ba_4 bdun_7 'dag_12 
K10Dx_H0350:492a-1	'dor bar 'gyur //	'dor_0 ba_5 'gyur_9 
K10Dx_H0350:492a-2	gom pa re rer gter dang ni //	'gom_0 ba_4 re_7 rer_10 gter_14 dang_19 ni_24 
K10Dx_H0350:492a-3	padma re re 'byung bar 'gyur //	padma_0 re_6 re_9 'byung_12 ba_19 'gyur_23 
K10Dx_H0350:492a-4	phyogs bzhi dag tu gzigs nas ni //	phyogs_0 bzhi_7 'dag_12 tu_16 gzigs_19 nas_25 ni_29 
K10Dx_H0350:492a-5	bdag gi skye ba tha mas ni; ;'di yin yang srid yod ma yin //	bdag_0 gi_5 skye_8 ba_13 tha_16 mas_20 ni;_24 ;'di_28 yin_33 yang_37 srid_42 yod_47 ma_51 yin_54 
K10Dx_H0350:492a-6	yang dang yang du phyir mi 'ong //	yang_0 dang_5 yang_10 du_15 phyir_18 mi_24 'ong_27 
K10Dx_H0350:492a-7	zag mad mya ngan 'das 'gro zhes //	zag_0 mad_4 mya_8 ngan_12 'da'_17 'gro_22 zhes_27 
K10Dx_H0350:492a-8	gsung yang rab tu bka' stsal to //	gsung_0 yang_6 rab_11 tu_15 bka'_18 stsal_23 to_29 
K10Dx_H0350:492a-9	klu rnams kyis ni chu yi rgyun; ;bsil dang 'jam pas sku bsil 'gyur //	klu_0 rnams_4 kyis_10 ni_15 chu_18 yi_22 rgyun;_25 ;bsil_32 dang_38 'jam_43 ba_48 sku_52 bsil_56 'gyur_61 
K10Dx_H0350:492a-10	nam mkha'i ngos nas lha rdzas kyi //	nam_0 mkha_4 ngos_11 nas_16 lha_20 rdzas_24 kyi_30 
K10Dx_H0350:492a-11	gos dang me tog 'bab par 'gyur //	gos_0 dang_4 me_9 tog_12 'bab_16 ba_21 'gyur_25 
K10Dx_H0350:492a-12	de yi dbu la gdugs dkar po //	de_0 yi_3 dbu_6 la_10 gdugs_13 dkar_19 po_24 
K10Dx_H0350:492a-13	lha rnams kyis ni 'dzin par 'gyur //	lha_0 rnams_4 kyis_10 ni_15 'dzin_18 ba_24 'gyur_28 
K10Dx_H0350:492a-14	mtshan mchog sum cu gnyis mnga' ba //	mtshan_0 mchog_7 sum_13 cu_17 gnyis_20 mnga'_26 ba_32 
K10Dx_H0350:492a-15	byams pa dpal gyis 'bar ba de //	byams_0 ba_6 dpal_9 gyis_14 'bar_19 ba_24 de_27 
K10Dx_H0350:492a-16	ma mas yang dag blangs nas su //	ma_0 mas_3 yang_7 'dag_12 blangs_16 nas_23 su_27 
K10Dx_H0350:492a-17	yum gyi phyag tu 'bul bar 'gyur //	yum_0 gyi_4 phyag_8 tu_14 'bul_17 ba_22 'gyur_26 
K10Dx_H0350:492a-18	rin chen sna tshogs kyis brgyan pa'i //	rin_0 chen_4 sna_9 tshogs_13 kyis_20 rgyan_25 ba_32 
K10Dx_H0350:492a-19	khyogs ni yid du 'ong ba la //	khyogs_0 ni_7 yid_10 du_14 'ong_17 ba_22 la_25 
K10Dx_H0350:492a-20	sras dang bcas par bzhugs gsol nas //	sras_0 dang_5 'cha'_10 ba_15 bzhugs_19 gsol_26 nas_31 
K10Dx_H0350:492a-21	lha rnams kyis ni khyer bar 'gyur //	lha_0 rnams_4 kyis_10 ni_15 'khyer_18 ba_24 'gyur_28 
K10Dx_H0350:492a-22	sil snyan stong phrag du ma dag /	sil_0 snyan_4 stong_10 phrag_16 du_22 ma_25 'dag_28 
K10Dx_H0350:492a-23	sgra 'byin 'khrol ba'i grong khyer der //	sgra_0 'byin_5 'khrol_11 ba_18 grong_23 'khyer_29 der_35 
K10Dx_H0350:492a-24	byams pa gshegs pa tsam gyis ni //	byams_0 ba_6 gshegs_9 ba_16 tsam_19 gyis_24 ni_29 
K10Dx_H0350:492a-25	me tog char ba 'bab pa 'gyur //	me_0 tog_3 char_7 ba_12 'bab_15 ba_20 'gyur_23 
K10Dx_H0350:492a-26	de yi nyin par sbrum pa yi //	de_0 yi_3 nyin_6 ba_11 sbrum_15 ba_21 yi_24 
K10Dx_H0350:492a-27	bud med rnams kyang btsa' bar 'gyur //	'bud_0 med_4 rnams_8 kyang_14 btsa'_20 ba_26 'gyur_30 
K10Dx_H0350:492a-28	de dag thams cad nyams bde zhing //	de_0 'dag_3 thams_7 cad_13 nyams_17 bde_23 zhing_27 
K10Dx_H0350:492a-29	bde legs su ni btsa' bar 'gyur //	bde_0 legs_4 su_9 ni_12 btsa'_15 ba_21 'gyur_25 
K10Dx_H0350:492b-0	tshangs rab tshen [?] @492b mchog sum cu gnyis //	tshangs_0 rab_8 tshen_12 mchog_28 sum_34 cu_38 gnyis_41 
K10Dx_H0350:492b-1	ldan pa'i sras de mthong nas ni //	ldan_0 ba_5 sras_10 de_15 mthong_18 nas_25 ni_29 
K10Dx_H0350:492b-2	gsang tshig dgal rab brtags nas //	gsang_0 tshig_6 'gel_12 rab_17 rtog_21 nas_28 
K10Dx_H0350:492b-3	de yi 'og tu dga' bar 'gyur //	de_0 yi_3 'og_6 tu_10 dga'_13 ba_18 'gyur_22 
K10Dx_H0350:492b-4	ji ltar gsang tshig las 'byung bzhin; ;gzhon nu'i 'gro ba gnyis yin te //	ji_0 ltar_3 gsang_8 tshig_14 las_20 'byung_24 bzhin;_31 ;gzhon_38 nu_45 'gro_50 ba_55 gnyis_58 yin_64 te_68 
K10Dx_H0350:492b-5	mi dbang 'khor los bsgyur ba'am //	mi_0 dbang_3 'khor_9 los_15 sgyur_19 ba_26 
K10Dx_H0350:492b-6	sangs rgyas rkang gnyis mchog tu 'gyur //	sangs_0 rgya_6 rkang_12 gnyis_18 mchog_24 tu_30 'gyur_33 
K10Dx_H0350:492b-7	byams pa rkang gnyis mchog gyur pa; ;dpal de na tshod rdzogs nas ni //	byams_0 ba_6 rkang_9 gnyis_15 mchog_21 gyur_27 pa;_32 ;dpal_36 de_42 na_45 tshod_48 rdzogs_54 nas_61 ni_65 
K10Dx_H0350:492b-8	skye rgu 'di ni sdug bsngal snyam //	skye_0 rgu_5 'di_9 ni_13 sdug_16 sngal_21 snyam_28 
K10Dx_H0350:492b-9	chos kyi bdag nyid dgongs par mdzad //	chos_0 kyi_5 bdag_9 nyid_14 dgongs_19 ba_26 mdzad_30 
K10Dx_H0350:492b-10	dbyangs che tshangs pa'i dbyangs dang ldan //	dbyangs_0 che_8 tshangs_12 ba_20 dbyangs_25 dang_33 ldan_38 
K10Dx_H0350:492b-11	'od che gser gyi mdog dang ldan //	'od_0 che_4 gser_8 gyi_13 mdog_17 dang_22 ldan_27 
K10Dx_H0350:492b-12	steng phel che zhing thal gong rgyas //	steng_0 phel_6 che_11 zhing_15 thal_21 gong_26 rgya_31 
K10Dx_H0350:492b-13	padma'i 'dab ma 'dra ba'i spyan //	padma_0 'dab_8 ma_13 'dra_16 ba_21 spyan_26 
K10Dx_H0350:492b-14	de yi sku yi khrun du ni //	de_0 yi_3 sku_6 yi_10 khrun_13 du_19 ni_22 
K10Dx_H0350:492b-15	khru ni brgyad cu dag tu 'gyur //	khru_0 ni_5 brgyad_8 cu_15 'dag_18 tu_22 'gyur_25 
K10Dx_H0350:492b-16	zheng ni khru rnams nyi shu ste; ;zhal gyi dkyil 'khor de yi phyed //	zheng_0 ni_6 khru_9 rnams_14 nyi_20 shu_24 ste;_28 ;zhal_33 gyi_39 dkyil_43 'khor_49 de_55 yi_58 phyed_61 
K10Dx_H0350:492b-17	byams pa de ni bram ze'i bu //	byams_0 ba_6 de_9 ni_12 bram_15 ze_20 bu_25 
K10Dx_H0350:492b-18	stong phrag bzhi po dag dang ni //	stong_0 phrag_6 bzhi_12 po_17 'dag_20 dang_24 ni_29 
K10Dx_H0350:492b-19	brgyad cus mdun du bdar nas ni //	brgyad_0 cus_7 mdun_11 du_16 bdar_19 nas_24 ni_28 
K10Dx_H0350:492b-20	gsang tshig dag kyang 'don du 'jug /	gsang_0 tshig_6 'dag_12 kyang_16 'don_22 du_27 'jug_30 
K10Dx_H0350:492b-21	de nas rgyal po chen po dung //	de_0 nas_3 rgyal_7 po_13 chen_16 po_21 dung_24 
K10Dx_H0350:492b-22	spoms su 'dom ni drug cu bzhi //	spoms_0 su_6 'dom_9 ni_14 drug_17 cu_22 bzhi_25 
K10Dx_H0350:492b-23	'phang du 'dom ni stong yod pa'i //	'phen_0 du_7 'dom_10 ni_15 stong_18 yod_24 ba_28 
K10Dx_H0350:492b-24	mchod sdong zhig ni 'dzugs par 'gyur //	mchod_0 sdong_6 'jig_12 ni_17 'dzugs_20 ba_27 'gyur_31 
K10Dx_H0350:492b-25	mi dbang de yis mchod sdong de //	mi_0 dbang_3 de_9 yis_12 mchod_16 sdong_22 de_28 
K10Dx_H0350:492b-26	rin chen sna tshogs kyis brgyan nas //	rin_0 chen_4 sna_9 tshogs_13 kyis_20 rgyan_25 nas_32 
K10Dx_H0350:492b-27	mchod sbyin gyis ni spyan drangs te //	mchod_0 sbyin_6 gyis_12 ni_17 spyan_20 drangs_26 te_33 
K10Dx_H0350:492b-28	bram ze dag la rab tu 'bul //	bram_0 ze_5 'dag_8 la_12 rab_15 tu_19 'bul_22 
K10Dx_H0350:492b-29	mchod sdong yid 'ong rin chen rgyu //	mchod_0 sdong_6 yid_12 'ong_16 rin_21 chen_25 rgyu_30 
K10Dx_H0350:493a-0	de ni @493a *//	de_0 ni_3 
K10Dx_H0350:493a-1	phul ma thag tu yang //	'bul_0 ma_5 thag_8 tu_13 yang_16 
K10Dx_H0350:493a-2	bram ze stong po rnams kyis ni //	bram_0 ze_5 stong_8 po_14 rnams_17 kyis_23 ni_28 
K10Dx_H0350:493a-3	de mi mod la bged par gyur //	de_0 mi_3 mod_6 la_10 bged_13 ba_18 gyur_22 
K10Dx_H0350:493a-4	byams pas mchod sdong de yi ni //	byams_0 ba_6 mchod_10 sdong_16 de_22 yi_25 ni_28 
K10Dx_H0350:493a-5	mi rtag nyid de mthong nas kyang //	mi_0 rtag_3 nyid_8 de_13 mthong_16 nas_23 kyang_27 
K10Dx_H0350:493a-6	'khor ba mtha' dag rnams bsam ste //	'khor_0 ba_6 mtha'_9 'dag_15 rnams_19 bsam_25 ste_30 
K10Dx_H0350:493a-7	rab tu 'byung bar 'dod par 'gyur //	rab_0 tu_4 'byung_7 ba_14 'dod_18 ba_23 'gyur_27 
K10Dx_H0350:493a-8	'dir bdag rab tu byung nas ni //	'dir_0 bdag_5 rab_10 tu_14 'byung_17 nas_23 ni_27 
K10Dx_H0350:493a-9	bdud rtsi'i go 'phang reg 'gyur dang //	bdud_0 rtsi_5 go_12 'phen_15 reg_22 'gyur_26 dang_32 
K10Dx_H0350:493a-10	skye bo 'chi bdag nad rga ba'i //	skye_0 'bo_5 'chi_8 bdag_13 nad_18 rga_22 ba_26 
K10Dx_H0350:493a-11	'jigs las 'grol bar 'gyur snyam zhes //	'jigs_0 las_6 'grol_10 ba_16 'gyur_20 snyam_26 zhes_32 
K10Dx_H0350:493a-12	skye bo rab dang gzigs nas ni //	skye_0 'bo_5 rab_8 dang_12 gzigs_17 nas_23 ni_27 
K10Dx_H0350:493a-13	sdug bsngal sdug bsngal kun 'byung dang //	sdug_0 sngal_5 sdug_12 sngal_17 kun_24 'byung_28 dang_35 
K10Dx_H0350:493a-14	sdug bsngal yang dag 'gog pa dang //	sdug_0 sngal_5 yang_12 'dag_17 'gog_21 ba_26 dang_29 
K10Dx_H0350:493a-15	bde ba mya ngan las 'das 'gro //	bde_0 ba_4 mya_7 ngan_11 las_16 'da'_20 'gro_25 
K10Dx_H0350:493a-16	'phags lam yan lag brgyad pa yi //	'phag_0 lam_7 yan_11 lag_15 brgyad_19 ba_26 yi_29 
K10Dx_H0350:493a-17	bden pa dag kyang ston par 'gyur //	bden_0 ba_5 'dag_8 kyang_12 ston_18 ba_23 'gyur_27 
K10Dx_H0350:493a-18	de yi chos de thos nas kyang //	de_0 yi_3 chos_6 de_11 thos_14 nas_19 kyang_23 
K10Dx_H0350:493a-19	bstan pa la ni nan tan sgrub //	ston_0 ba_6 la_9 ni_12 nan_15 tan_19 sgrub_23 
K10Dx_H0350:493a-20	byams pa gang zag mchog gyur de //	byams_0 ba_6 gang_9 zag_14 mchog_18 gyur_24 de_29 
K10Dx_H0350:493a-21	stong phrag bzhi po dag dang ni //	stong_0 phrag_6 bzhi_12 po_17 'dag_20 dang_24 ni_29 
K10Dx_H0350:493a-22	brgyad cu dag gis mdun bdar nas //	brgyad_0 cu_7 'dag_10 gis_14 mdun_18 bdar_23 nas_28 
K10Dx_H0350:493a-23	rab tu 'byung bar nges 'byung 'gyur; ;de tshe de yi byang chub shing //	rab_0 tu_4 'byung_7 ba_14 nges_18 'byung_23 'gyur;_30 ;de_37 tshe_41 de_46 yi_49 byang_52 chub_58 shing_63 
K10Dx_H0350:493a-24	klu shing zhes bya 'byung 'gyur te //	klu_0 shing_4 zhes_10 byed_15 'byung_19 'gyur_26 te_32 
K10Dx_H0350:493a-25	de yi yal ga gnam 'phang du //	de_0 yi_3 yal_6 ga_10 gnam_13 'phen_18 du_25 
K10Dx_H0350:493a-26	dpag tshad tsam du yang dag 'phags //	dpog_0 tshad_5 tsam_11 du_16 yang_19 'dag_24 'phag_28 
K10Dx_H0350:493a-27	de ni byang chub shing de yi; ;yal ga gel pa thams cad du //	de_0 ni_3 byang_6 chub_12 shing_17 de_23 yi;_26 ;yal_30 ga_35 gel_38 ba_42 thams_45 cad_51 du_55 
K10Dx_H0350:493a-28	kho ra khor yug rgyang grags drug /	kho_0 ra_4 khor_7 yug_12 rgyang_16 grags_23 drug_29 
K10Dx_H0350:493a-29	khebs pa kho na dag tu 'gyur //	khebs_0 ba_6 kho_9 na_13 'dag_16 tu_20 'gyur_23 
K10Dx_H0350:493a-30	byams pa rkang gnyis mchog gyur de //	byams_0 ba_6 rkang_9 gnyis_15 mchog_21 gyur_27 de_32 
K10Dx_H0350:493b-0	de yi drung du gshegs nas @493b su; ;bla med byang chub zhi ba ni //	de_0 yi_3 drung_6 du_12 gshegs_15 nas_22 su;_32 ;bla_36 med_41 byang_45 chub_51 zhi_56 ba_60 ni_63 
K10Dx_H0350:493b-1	thob 'gyur 'di la the tshom med //	'thob_0 'gyur_5 'di_11 la_15 the_18 tshom_22 med_28 
K10Dx_H0350:493b-2	gang gi nub mo kho na la //	gang_0 gi_5 nub_8 mo_12 kho_15 na_19 la_22 
K10Dx_H0350:493b-3	rab tu 'byung bar mngon 'byung ba //	rab_0 tu_4 'byung_7 ba_14 mngon_18 'byung_24 ba_31 
K10Dx_H0350:493b-4	de yi nub mo kho na la //	de_0 yi_3 nub_6 mo_10 kho_13 na_17 la_20 
K10Dx_H0350:493b-5	byang chub dam pa 'thob par 'gyur; ;de yi 'og tu thub mchog go /	byang_0 chub_6 dam_11 ba_15 'thob_18 ba_24 'gyur;_28 ;de_35 yi_39 'og_42 tu_46 thub_49 mchog_54 go_60 
K10Dx_H0350:493b-6	dam chos sdug bsngal kun spong zhing //	dam_0 chos_4 sdug_9 sngal_14 kun_21 spong_25 zhing_31 
K10Dx_H0350:493b-7	zhi ba yan lag brgyad ldan pa'i //	zhi_0 ba_4 yan_7 lag_11 brgyad_15 ldan_22 ba_27 
K10Dx_H0350:493b-8	gsung gis ston par mdzad par 'gyur //	gsung_0 gis_6 ston_10 ba_15 mdzad_19 ba_25 'gyur_29 
K10Dx_H0350:493b-9	me tog mdzes pa brgyus pa yi; ;skyed mos tshal du de yi 'khor //	me_0 tog_3 mdzes_7 ba_13 rgyud_16 ba_23 yi;_26 ;skyed_30 mos_37 tshal_41 du_47 de_50 yi_53 'khor_56 
K10Dx_H0350:493b-10	dpag tshad brgya khyon gang ba dag /	dpog_0 tshad_5 brgya_11 khyon_17 gang_23 ba_28 'dag_31 
K10Dx_H0350:493b-11	yang dag 'du ba kho nar 'gyur //	yang_0 'dag_5 'du_9 ba_13 kho_16 nar_20 'gyur_24 
K10Dx_H0350:493b-12	de nas mi dbang rgyal po dung //	de_0 nas_3 mi_7 dbang_10 rgyal_16 po_22 dung_25 
K10Dx_H0350:493b-13	grags pa chen pos thos nas ni //	grags_0 ba_6 chen_9 pos_14 thos_18 nas_23 ni_27 
K10Dx_H0350:493b-14	sbyin pa grangs med byas nas kyang //	sbyin_0 ba_6 grangs_9 med_16 byed_20 nas_25 kyang_29 
K10Dx_H0350:493b-15	rab tu 'byung bar 'dod par 'gyur //	rab_0 tu_4 'byung_7 ba_14 'dod_18 ba_23 'gyur_27 
K10Dx_H0350:493b-16	rgyal po stong phrag bzhi dang ni //	rgyal_0 po_6 stong_9 phrag_15 bzhi_21 dang_26 ni_31 
K10Dx_H0350:493b-17	brgyad cu dag gis mdun bdar te //	brgyad_0 cu_7 'dag_10 gis_14 mdun_18 bdar_23 te_28 
K10Dx_H0350:493b-18	khyim nas des par byung nas ni //	khyim_0 nas_6 des_10 ba_14 'byung_18 nas_24 ni_28 
K10Dx_H0350:493b-19	rab tu 'byung bar 'gro bar 'gyur //	rab_0 tu_4 'byung_7 ba_14 'gro_18 ba_23 'gyur_27 
K10Dx_H0350:493b-20	byams pa'i yab kyang de bzhin du //	byams_0 ba_6 yab_11 kyang_15 de_21 bzhin_24 du_30 
K10Dx_H0350:493b-21	de yi tshad dang mnyam pa yi //	de_0 yi_3 tshad_6 dang_12 mnyam_17 ba_23 yi_26 
K10Dx_H0350:493b-22	bram ze rnams kyis mdun bdar nas //	bram_0 ze_5 rnams_8 kyis_14 mdun_19 bdar_24 nas_29 
K10Dx_H0350:493b-23	rab tu 'byung bar 'gro bar 'gyur //	rab_0 tu_4 'byung_7 ba_14 'gro_18 ba_23 'gyur_27 
K10Dx_H0350:493b-24	de nas de tshe khyim bdag ni //	de_0 nas_3 de_7 tshe_10 khyim_15 bdag_21 ni_26 
K10Dx_H0350:493b-25	nor bzang tshogs ni rnam grags pa //	nor_0 bzang_4 tshogs_10 ni_17 rnam_20 grags_25 ba_31 
K10Dx_H0350:493b-26	chos kyi bdag nyid stong dag gis //	chos_0 kyi_5 bdag_9 nyid_14 stong_19 'dag_25 gis_29 
K10Dx_H0350:493b-27	bskor nas rab tu 'byung bar 'gyur //	skor_0 nas_6 rab_10 tu_14 'byung_17 ba_24 'gyur_28 
K10Dx_H0350:493b-28	dung gi bud med rin po che //	dung_0 gi_5 'bud_8 med_12 rin_16 po_20 che_23 
K10Dx_H0350:493b-29	sa ga zhes ni rnam grags pa //	sa_0 ga_3 zhes_6 ni_11 rnam_14 grags_19 ba_25 
K10Dx_H0350:493b-30	bud med stong phrag bzhi dang ni //	'bud_0 med_4 stong_8 phrag_14 bzhi_20 dang_25 ni_30 
K10Dx_H0350:493b-31	brgyad cu dag gis mdun bdar te //	brgyad_0 cu_7 'dag_10 gis_14 mdun_18 bdar_23 te_28 
K10Dx_H0350:493b-32	de yi 'og tu mngon byung nas //	de_0 yi_3 'og_6 tu_10 mngon_13 'byung_19 nas_25 
K10Dx_H0350:493b-33	rab tu 'byung bar 'gro bar 'gyur //	rab_0 tu_4 'byung_7 ba_14 'gro_18 ba_23 'gyur_27 
K10Dx_H0350:493b-34	de yi tshe na byams pa yi //	de_0 yi_3 tshe_6 na_11 byams_14 ba_20 yi_23 
K10Dx_H0350:494a-0	bstan pa la ni srog chags @494a *//	ston_0 ba_6 la_9 ni_12 srog_15 chags_20 
K10Dx_H0350:494a-1	dag /	'dag_0 
K10Dx_H0350:494a-2	stong phrag dang ni brgya phrag rnams //	stong_0 phrag_6 dang_12 ni_17 brgya_20 phrag_26 rnams_32 
K10Dx_H0350:494a-3	rab tu 'byung bar 'gro bar 'gyur //	rab_0 tu_4 'byung_7 ba_14 'gro_18 ba_23 'gyur_27 
K10Dx_H0350:494a-4	de yi 'og tu thugs rje can //	de_0 yi_3 'og_6 tu_10 thugs_13 rje_19 can_23 
K10Dx_H0350:494a-5	ston pa byams pa rkang gnyis mchog /	ston_0 ba_5 byams_8 ba_14 rkang_17 gnyis_23 mchog_29 
K10Dx_H0350:494a-6	'khor lo rnam par gzigs nas ni //	'khor_0 lo_6 rnam_9 ba_14 gzigs_18 nas_24 ni_28 
K10Dx_H0350:494a-7	sh'akya sengge thub pa ste //	sh_0 sengge_8 thub_15 ba_20 ste_23 
K10Dx_H0350:494a-8	gtso bo skyob par mdzad pa po //	gtso_0 'bo_5 skyob_8 ba_14 mdzad_18 ba_24 po_27 
K10Dx_H0350:494a-9	dam pa'i chos dbyings gzigs gyur pa //	dam_0 ba_4 chos_9 dbyings_14 gzigs_22 gyur_28 ba_33 
K10Dx_H0350:494a-10	'jig rten mgon pos 'di dag kun //	'jig_0 rten_5 mgon_10 pos_15 'di_19 'dag_23 kun_27 
K10Dx_H0350:494a-11	thar pa'i lam de bskyed nas kyang //	thar_0 ba_5 lam_10 de_14 skyed_17 nas_24 kyang_28 
K10Dx_H0350:494a-12	don gyis nga yi bstan la btang //	don_0 gyis_4 nga_9 yi_13 ston_16 la_22 gtong_25 
K10Dx_H0350:494a-13	gdugs dang rgyal mtshan pa dan dang //	gdugs_0 dang_6 rgyal_11 mtshan_17 ba_24 dan_27 dang_31 
K10Dx_H0350:494a-14	dri dang phreng ba byug pa yis //	'dri_0 dang_4 phreng_9 ba_16 'byug_19 ba_24 yis_27 
K10Dx_H0350:494a-15	sh'akya thub la mchod nas ni //	sh_0 thub_8 la_13 mchod_16 nas_22 ni_26 
K10Dx_H0350:494a-16	nga yi bstan la lhags pa yin //	nga_0 yi_4 ston_7 la_13 lhags_16 ba_22 yin_25 
K10Dx_H0350:494a-17	gur gum chu yis gdab pa dang //	gur_0 'gum_4 chu_8 yis_12 gdab_16 ba_21 dang_24 
K10Dx_H0350:494a-18	tsandan gyi ni byug pa yis //	tsandan_0 gyi_8 ni_12 'byug_15 ba_20 yis_23 
K10Dx_H0350:494a-19	sh'akya thub pa'i mchod rten la //	sh_0 thub_8 ba_13 mchod_18 rten_24 la_29 
K10Dx_H0350:494a-20	mchod nas nga yi bstan la lhags //	mchod_0 nas_6 nga_10 yi_14 ston_17 la_23 lhags_26 
K10Dx_H0350:494a-21	de tshe sangs rgyas chos dang ni //	de_0 tshe_3 sangs_8 rgya_14 chos_20 dang_25 ni_30 
K10Dx_H0350:494a-22	dge 'dun la yang skyabs song zhing //	dge_0 'dun_4 la_9 yang_12 skyob_17 'gro_24 zhing_29 
K10Dx_H0350:494a-23	dge ba'i las kyang byas nas ni //	dge_0 ba_4 las_9 kyang_13 byed_19 nas_24 ni_28 
K10Dx_H0350:494a-24	nga yi bstan la lhags pa yin //	nga_0 yi_4 ston_7 la_13 lhags_16 ba_22 yin_25 
K10Dx_H0350:494a-25	sh'akya sengge'i bstan pa la //	sh_0 sengge_8 ston_17 ba_23 la_26 
K10Dx_H0350:494a-26	bslab gzhi yang dag blangs nas su //	bslab_0 gzhi_6 yang_11 'dag_16 blangs_20 nas_27 su_31 
K10Dx_H0350:494a-27	ji ltar gsung bzhin bsgrubs nas ni //	ji_0 ltar_3 gsung_8 bzhin_14 sgrub_20 nas_28 ni_32 
K10Dx_H0350:494a-28	nga yi bstan la lhags pa yin //	nga_0 yi_4 ston_7 la_13 lhags_16 ba_22 yin_25 
K10Dx_H0350:494a-29	dge 'dun la yang chos gos dang //	dge_0 'dun_4 la_9 yang_12 chos_17 gos_22 dang_26 
K10Dx_H0350:494a-30	zhal zas dang ni btung ba dang /	zhal_0 zas_5 dang_9 ni_14 'thung_17 ba_23 dang_26 
K10Dx_H0350:494a-31	snyun gsos sna tshogs sbyin pa rnams //	snyun_0 gsos_6 sna_11 tshogs_15 sbyin_22 ba_28 rnams_31 
K10Dx_H0350:494a-32	phul nas nga yi bstan la lhags //	'bul_0 nas_5 nga_9 yi_13 ston_16 la_22 lhags_25 
K10Dx_H0350:494a-33	bcu bzhi dang ni bco lnga dang //	'chu_0 bzhi_4 dang_9 ni_14 'chos_17 lnga_21 dang_26 
K10Dx_H0350:494a-34	de bzhin zla gcig tshes brgyad dang //	de_0 bzhin_3 zla_9 gcig_13 tshes_18 brgyad_24 dang_31 
K10Dx_H0350:494a-35	cho 'phrul wa yi zla ba la //	cho_0 'phrul_4 wa_11 yi_14 zla_17 ba_21 la_24 
K10Dx_H0350:494b-0	@494b yan lag brgyad legs mnyam bzhag cing //	yan_6 lag_10 brgyad_14 legs_21 mnyam_26 'jog_32 cing_38 
K10Dx_H0350:494b-1	bsnyen gnas gso sbyong byas nas ni //	snyen_0 gnas_7 gso_12 sbyong_16 byed_23 nas_28 ni_32 
K10Dx_H0350:494b-2	nga yi bstan la lhags so zhes //	nga_0 yi_4 ston_7 la_13 lhags_16 so_22 zhes_25 
K10Dx_H0350:494b-3	don 'di rab tu gsung bar 'gyur //	don_0 'di_4 rab_8 tu_12 gsung_15 ba_21 'gyur_25 
K10Dx_H0350:494b-4	de yi nyan thos rnams kyang ni //	de_0 yi_3 nyan_6 thos_11 rnams_16 kyang_22 ni_28 
K10Dx_H0350:494b-5	cho 'phrul gsum gyis 'dul bar 'gyur //	cho_0 'phrul_4 gsum_11 gyis_16 'dul_21 ba_26 'gyur_30 
K10Dx_H0350:494b-6	de tshe de dag thams cad ni //	de_0 tshe_3 de_8 'dag_11 thams_15 cad_21 ni_25 
K10Dx_H0350:494b-7	zag zad 'grogs na bde bar 'gyur //	zag_0 zad_4 'grogs_8 na_15 bde_18 ba_22 'gyur_26 
K10Dx_H0350:494b-8	de yi 'dus pa dang po ni //	de_0 yi_3 'du_6 ba_11 dang_14 po_19 ni_22 
K10Dx_H0350:494b-9	nyan thos srid pa bcad gyur pa //	nyan_0 thos_5 srid_10 ba_15 gcod_18 gyur_23 ba_28 
K10Dx_H0350:494b-10	dung phyur phrag dgu bye phrag drug /	dung_0 phyur_5 phrag_11 dgu_17 'bye_21 phrag_25 drug_31 
K10Dx_H0350:494b-11	tshang ba'i nyan thos 'byung bar 'gyur //	tshang_0 ba_7 nyan_12 thos_17 'byung_22 ba_29 'gyur_33 
K10Dx_H0350:494b-12	de yi 'dus pa gnyis pa ni //	de_0 yi_3 'du_6 ba_11 gnyis_14 ba_20 ni_23 
K10Dx_H0350:494b-13	nyon mongs 'ching ba las grol ba'i //	nyon_0 mongs_5 'ching_11 ba_18 las_21 grol_25 ba_30 
K10Dx_H0350:494b-14	dung phyur phrag dgu bye phrag bzhi //	dung_0 phyur_5 phrag_11 dgu_17 'bye_21 phrag_25 bzhi_31 
K10Dx_H0350:494b-15	tshang ba'i nyan thos 'byung par 'gyur //	tshang_0 ba_7 nyan_12 thos_17 'byung_22 ba_29 'gyur_33 
K10Dx_H0350:494b-16	de yi 'dus pa gsum pa ni //	de_0 yi_3 'du_6 ba_11 gsum_14 ba_19 ni_22 
K10Dx_H0350:494b-17	sems zhi rnam par grol gyur pa //	sems_0 zhi_5 rnam_9 ba_14 grol_18 gyur_23 ba_28 
K10Dx_H0350:494b-18	dung phyur phrag dgu bye phrag gnyis //	dung_0 phyur_5 phrag_11 dgu_17 'bye_21 phrag_25 gnyis_31 
K10Dx_H0350:494b-19	tshang ba'i nyan thos 'byung bar 'gyur //	tshang_0 ba_7 nyan_12 thos_17 'byung_22 ba_29 'gyur_33 
K10Dx_H0350:494b-20	chos kyi 'khor lo rab bskor nas //	chos_0 kyi_5 'khor_9 lo_15 rab_18 skor_22 nas_28 
K10Dx_H0350:494b-21	lha dang mi rnams rnam btul te //	lha_0 dang_4 mi_9 rnams_12 rnam_18 'dul_23 te_28 
K10Dx_H0350:494b-22	nyan thos dge 'dun thabs cig tu //	nyan_0 thos_5 dge_10 'dun_14 thabs_19 cig_25 tu_29 
K10Dx_H0350:494b-23	grong du bsod snyoms spyod la rgyu //	grong_0 du_6 bsod_9 snyom_14 spyod_21 la_27 rgyu_30 
K10Dx_H0350:494b-24	de nas rtog ldan dga' lta yi //	de_0 nas_3 rtogs_7 ldan_12 dga'_17 lta_22 yi_26 
K10Dx_H0350:494b-25	grong khyer der ni gshegs pa na //	grong_0 'khyer_6 der_12 ni_16 gshegs_19 ba_26 na_29 
K10Dx_H0350:494b-26	grong khyer mchog tu mand'a ra'i //	grong_0 'khyer_6 mchog_12 tu_18 mand_21 ra_28 
K10Dx_H0350:494b-27	me tog char chen 'bab par 'gyur //	me_0 tog_3 char_7 chen_12 'bab_17 ba_22 'gyur_26 
K10Dx_H0350:494b-28	thub pa grong der gshegs pa la //	thub_0 ba_5 grong_8 der_14 gshegs_18 ba_25 la_28 
K10Dx_H0350:494b-29	lha yis me tog 'thor bar 'gyur //	lha_0 yis_4 me_8 tog_11 'thor_15 ba_21 'gyur_25 
K10Dx_H0350:494b-30	rgyal po chen po bzhi dag dang //	rgyal_0 po_6 chen_9 po_14 bzhi_17 'dag_22 dang_26 
K10Dx_H0350:494b-31	brgya byin sum cu rtsa gsum dbang //	brgya_0 byin_6 sum_11 cu_15 rtsa_18 gsum_23 dbang_28 
K10Dx_H0350:494b-32	tshangs pa lha sogs thabs cig tu //	tshangs_0 ba_8 lha_11 sogs_15 thabs_20 cig_26 tu_30 
K10Dx_H0350:494b-33	de la mchod pa byed par 'gyur //	de_0 la_3 mchod_6 ba_12 byed_15 ba_20 'gyur_24 
K10Dx_H0350:494b-34	lha yi bu ni mthu chen gyis //	lha_0 yi_4 bu_7 ni_10 mthu_13 chen_18 gyis_23 
K10Dx_H0350:494b-35	autpal padma ku mu ta //	autpal_0 padma_7 ku_13 mu_16 ta_19 
K10Dx_H0350:494b-36	padma dkar po dri zhim dang //	padma_0 dkar_6 po_11 'dri_14 zhim_18 dang_23 
K10Dx_H0350:495a-0	aa ga ru dang @495a *//	aa_0 ga_3 ru_6 dang_9 
K10Dx_H0350:495a-1	tsandan dang //	tsandan_0 dang_8 
K10Dx_H0350:495a-2	de bzhin lha rdzas phreng ba dang //	de_0 bzhin_3 lha_9 rdzas_13 phreng_19 ba_26 dang_29 
K10Dx_H0350:495a-3	lha rdzas gos kyang 'thor par 'gyur //	lha_0 rdzas_4 gos_10 kyang_14 'thor_20 ba_26 'gyur_30 
K10Dx_H0350:495a-4	'jig rten mgon de grong khyer gyi //	'jig_0 rten_5 mgon_10 de_15 grong_18 'khyer_24 gyi_30 
K10Dx_H0350:495a-5	mchog tu gshegs pa mthong nas ni; ;shing bal 'dab ltar 'jam pa yi //	mchog_0 tu_6 gshegs_9 ba_16 mthong_19 nas_26 ni;_30 ;shing_34 bal_41 'dab_45 ltar_50 'jam_55 ba_60 yi_63 
K10Dx_H0350:495a-6	sa der gding brgya cher 'ding //	sa_0 der_3 'ding_7 brgya_13 cher_19 'ding_24 
K10Dx_H0350:495a-7	de dag lam gar phreng ba ni //	de_0 'dag_3 lam_7 gar_11 phreng_15 ba_22 ni_25 
K10Dx_H0350:495a-8	sna tshogs mdzes pa rnam par 'grem //	sna_0 tshogs_4 mdzes_11 ba_17 rnam_20 ba_25 'grem_29 
K10Dx_H0350:495a-9	lha yi bu ni mthu chen dang //	lha_0 yi_4 bu_7 ni_10 mthu_13 chen_18 dang_23 
K10Dx_H0350:495a-10	mi rnams yid ni rab dang ba //	mi_0 rnams_3 yid_9 ni_13 rab_16 dang_20 ba_25 
K10Dx_H0350:495a-11	gdugs dang rgyal mtshan ba dan dang //	gdugs_0 dang_6 rgyal_11 mtshan_17 ba_24 dan_27 dang_31 
K10Dx_H0350:495a-12	spos dang phreng ba byug pa dang //	spros_0 dang_5 phreng_10 ba_17 'byug_20 ba_25 dang_28 
K10Dx_H0350:495a-13	rol mo sgra snyan bsgrags pa yis //	rol_0 mo_4 sgra_7 snyan_12 sgrog_18 ba_26 yis_29 
K10Dx_H0350:495a-14	ston pa la ni mchod par 'gyur //	ston_0 ba_5 la_8 ni_11 mchod_14 ba_20 'gyur_24 
K10Dx_H0350:495a-15	brgya byin mig stong lha rnams kyi //	brgya_0 byin_6 mig_11 stong_15 lha_21 rnams_25 kyi_31 
K10Dx_H0350:495a-16	rgyal po bde sogs bdag po de //	rgyal_0 po_6 bde_9 sogs_13 bdag_18 po_23 de_26 
K10Dx_H0350:495a-17	rab mgu thal mo sbyar nas ni //	rab_0 mgu_4 thal_8 mo_13 sbyor_16 nas_22 ni_26 
K10Dx_H0350:495a-18	'jig rten mgon la bstod par byed //	'jig_0 rten_5 mgon_10 la_15 bstod_18 ba_24 byed_28 
K10Dx_H0350:495a-19	skyes bu cang shes khyod la 'dud //	skye_0 bu_6 cang_9 shes_14 khyod_19 la_25 'dud_28 
K10Dx_H0350:495a-20	skyes mchog khyed la phyag 'tshal lo //	skye_0 mchog_6 'khyed_12 la_18 phyag_21 'tshal_27 lo_34 
K10Dx_H0350:495a-21	gang zag mchog gyur bcom ldan 'das //	gang_0 zag_5 mchog_9 gyur_15 'joms_20 ldan_25 'da'_30 
K10Dx_H0350:495a-22	skye rgu la ni thugs brtser mdzod //	skye_0 rgu_5 la_9 ni_12 thugs_15 brtser_21 mdzod_28 
K10Dx_H0350:495a-23	de yi tshe na lha yi bu //	de_0 yi_3 tshe_6 na_11 lha_14 yi_18 bu_21 
K10Dx_H0350:495a-24	mthu chen bdud ces bya ba 'byung //	mthu_0 chen_5 bdud_10 ces_15 byed_19 ba_23 'byung_26 
K10Dx_H0350:495a-25	de yang thal mo rab sbyar nas //	de_0 yang_3 thal_8 mo_13 rab_16 sbyor_20 nas_26 
K10Dx_H0350:495a-26	'jig rten mgon la bstod par byed //	'jig_0 rten_5 mgon_10 la_15 bstod_18 ba_24 byed_28 
K10Dx_H0350:495a-27	tshangs pa'i 'khor gyis yongs bskor cing //	tshangs_0 ba_8 'khor_13 gyis_19 yongs_24 skor_30 cing_36 
K10Dx_H0350:495a-28	tshangs pas kyang ni mdun bdar te //	tshangs_0 ba_8 kyang_12 ni_18 mdun_21 bdar_26 te_31 
K10Dx_H0350:495a-29	tshangs pa'i dbyangs ni sgrog bzhin du //	tshangs_0 ba_8 dbyangs_13 ni_21 sgrog_24 bzhin_30 du_36 
K10Dx_H0350:495a-30	dam pa'i chos ni gsung bar 'gyur //	dam_0 ba_4 chos_9 ni_14 gsung_17 ba_23 'gyur_27 
K10Dx_H0350:495a-31	zag zad nyes pa rnams bral zhing //	zag_0 zad_4 nyes_8 ba_13 rnams_16 'bral_22 zhing_27 
K10Dx_H0350:495a-32	srid pa'i 'ching ba rab spangs pa'i //	srid_0 ba_5 'ching_10 ba_17 rab_20 spong_24 ba_31 
K10Dx_H0350:495a-33	dgra bcom rnams kyis sa 'di ni //	dgra_0 'joms_5 rnams_10 kyis_16 sa_21 'di_24 ni_28 
K10Dx_H0350:495b-0	thams cad kun tu gang bar @495b 'gyur; ;lha dang mi dang dri za dang //	thams_0 cad_6 kun_10 tu_14 gang_17 ba_22 'gyur;_32 ;lha_39 dang_44 mi_49 dang_52 'dri_57 za_61 dang_64 
K10Dx_H0350:495b-1	gnod sbyin dang ni srin po klu //	gnod_0 sbyin_5 dang_11 ni_16 srin_19 po_24 klu_27 
K10Dx_H0350:495b-2	mthu chen rnams ni mgu gyur nas //	mthu_0 chen_5 rnams_10 ni_16 mgu_19 gyur_23 nas_28 
K10Dx_H0350:495b-3	ston la mchod pa byed par 'gyur //	ston_0 la_5 mchod_8 ba_14 byed_17 ba_22 'gyur_26 
K10Dx_H0350:495b-4	gang dag byams pa'i bstan pa la //	gang_0 'dag_5 byams_9 ba_15 ston_20 ba_26 la_29 
K10Dx_H0350:495b-5	tshangs par spyad pa spyod gyur pa //	tshangs_0 ba_8 spyod_12 ba_18 spyod_21 gyur_27 ba_32 
K10Dx_H0350:495b-6	de dag gdon mi za bar ni //	de_0 'dag_3 'don_7 mi_12 za_15 ba_18 ni_22 
K10Dx_H0350:495b-7	nyon mongs med cing the tshom med //	nyon_0 mongs_5 med_11 cing_15 the_20 tshom_24 med_30 
K10Dx_H0350:495b-8	gang dag byams pa'i bstan pa la //	gang_0 'dag_5 byams_9 ba_15 ston_20 ba_26 la_29 
K10Dx_H0350:495b-9	tshangs par spyod pa spyod gyur pa //	tshangs_0 ba_8 spyod_12 ba_18 spyod_21 gyur_27 ba_32 
K10Dx_H0350:495b-10	de dag gdon mi za bar ni; ;nga yi med cing yongs 'dzin med //	de_0 'dag_3 'don_7 mi_12 za_15 ba_18 ni;_22 ;nga_26 yi_31 med_34 cing_38 yongs_43 'dzin_49 med_55 
K10Dx_H0350:495b-11	gser dang dngul la 'dzin med cing //	gser_0 dang_5 dngul_10 la_16 'dzin_19 med_25 cing_29 
K10Dx_H0350:495b-12	gnas med chags pa'ang yod pa min //	gnas_0 med_5 chags_9 ba_15 yod_22 ba_26 min_29 
K10Dx_H0350:495b-13	gang dag byams pa'i bstan pa la //	gang_0 'dag_5 byams_9 ba_15 ston_20 ba_26 la_29 
K10Dx_H0350:495b-14	tshangs par spyad pa spyod gyur pa; ;de dag gdon mi za bar ni //	tshangs_0 ba_8 spyod_12 ba_18 spyod_21 gyur_27 pa;_32 ;de_36 'dag_40 'don_44 mi_49 za_52 ba_55 ni_59 
K10Dx_H0350:495b-15	sred pa'i dra ba bcad pa dang //	sred_0 ba_5 'dra_10 ba_14 gcod_17 ba_22 dang_25 
K10Dx_H0350:495b-16	bsam gtan rdzogs par byas nas ni //	bsam_0 gtan_5 rdzogs_10 ba_17 byed_21 nas_26 ni_30 
K10Dx_H0350:495b-17	dga' dang bde dang yang dag ldan //	dga'_0 dang_5 bde_10 dang_14 yang_19 'dag_24 ldan_28 
K10Dx_H0350:495b-18	'byung po kun la thugs brtse ba //	'byung_0 po_7 kun_10 la_14 thugs_17 brtse_23 ba_29 
K10Dx_H0350:495b-19	byams pa rkang gnyis rnams kyi mchog /	byams_0 ba_6 rkang_9 gnyis_15 rnams_21 kyi_27 mchog_31 
K10Dx_H0350:495b-20	lo ni drug khri dag tu yang //	lo_0 ni_3 drug_6 khri_11 'dag_16 tu_20 yang_23 
K10Dx_H0350:495b-21	dam pa'i chos ni ston par 'gyur //	dam_0 ba_4 chos_9 ni_14 ston_17 ba_22 'gyur_26 
K10Dx_H0350:495b-22	de na srog chags brgya stong dang //	de_0 na_3 srog_6 chags_11 brgya_17 stong_23 dang_29 
K10Dx_H0350:495b-23	'bum phrag rnam par 'dren pa ste //	'bum_0 phrag_5 rnam_11 ba_16 bgrang_20 ba_26 ste_29 
K10Dx_H0350:495b-24	dam pa'i chos la btul nas ni //	dam_0 ba_4 chos_9 la_14 'dul_17 nas_22 ni_26 
K10Dx_H0350:495b-25	de nas mya ngan 'da' bar 'gyur //	de_0 nas_3 mya_7 ngan_11 'da'_16 ba_21 'gyur_25 
K10Dx_H0350:495b-26	thub pa chen pos gsungs pa de //	thub_0 ba_5 chen_8 pos_13 gsungs_17 ba_24 de_27 
K10Dx_H0350:495b-27	yongs su mya ngan 'das nas kyang //	yongs_0 su_6 mya_9 ngan_13 'da'_18 nas_23 kyang_27 
K10Dx_H0350:495b-28	de tshe de yi dam chos ni //	de_0 tshe_3 de_8 yi_11 dam_14 chos_18 ni_23 
K10Dx_H0350:495b-29	lo khri dag tu gnas par 'gyur; ;rgyal ba sh'akya thub de la //	lo_0 khri_3 'dag_8 tu_12 gnas_15 ba_20 'gyur;_24 ;rgyal_31 ba_38 sh_41 thub_49 de_54 la_57 
K10Dx_H0350:495b-30	sems ni rab tu dad par gyis //	sems_0 ni_5 rab_8 tu_12 dad_15 ba_19 gyis_23 
K10Dx_H0350:495b-31	des na byams pa rkang gnyis mchog /	des_0 na_4 byams_7 ba_13 rkang_16 gnyis_22 mchog_28 
K10Dx_H0350:495b-32	rdzogs pa'i sangs rgyas mthong bar 'gyur //	rdzogs_0 ba_7 sangs_12 rgya_18 mthong_24 ba_31 'gyur_35 
K10Dx_H0350:496a-0	de phyir sangs rgyas chos dag @496a *//	de_0 phyir_3 sangs_9 rgya_15 chos_21 'dag_26 
K10Dx_H0350:496a-1	dang //	dang_0 
K10Dx_H0350:496a-2	dge 'dun tshogs kyi mchog la ni //	dge_0 'dun_4 tshogs_9 kyi_16 mchog_20 la_26 ni_29 
K10Dx_H0350:496a-3	sems ni rab tu dad gyis dang //	sems_0 ni_5 rab_8 tu_12 dad_15 gyis_19 dang_24 
K10Dx_H0350:496a-4	don chen rab tu 'grub par 'gyur //	don_0 chen_4 rab_9 tu_13 'grub_16 ba_22 'gyur_26 
K10Dx_H0350:496a-5	thugs rje che ldan de lta bu'i //	thugs_0 rje_6 che_10 ldan_14 de_19 lta_22 bu_26 
K10Dx_H0350:496a-6	byams pa rkang gnyis mchog gyur pa //	byams_0 ba_6 rkang_9 gnyis_15 mchog_21 gyur_27 ba_32 
K10Dx_H0350:496a-7	de tshe mnyes par byas nas ni //	de_0 tshe_3 mnyes_8 ba_14 byed_18 nas_23 ni_27 
K10Dx_H0350:496a-8	de nas mya ngan 'da' bar 'gyur //	de_0 nas_3 mya_7 ngan_11 'da'_16 ba_21 'gyur_25 
K10Dx_H0350:496a-9	ya mtshan 'di dag thos gyur cing //	ya_0 mtshan_3 'di_10 'dag_14 thos_18 gyur_23 cing_28 
K10Dx_H0350:496a-10	'byor pa mi nyung mthong mdzad de //	'byor_0 ba_6 mi_9 nyung_12 mthong_18 mdzad_25 de_31 
K10Dx_H0350:496a-11	nag po'i rigs kyang dad 'gyur na //	nag_0 po_4 rigs_9 kyang_14 dad_20 'gyur_24 na_30 
K10Dx_H0350:496a-12	mkhas pa su zhig dad mi 'gyur //	mkhas_0 ba_6 su_9 'jig_12 dad_17 mi_21 'gyur_24 
K10Dx_H0350:496a-13	de phyir 'di na bdag nyid che //	de_0 phyir_3 'di_9 na_13 bdag_16 nyid_21 che_26 
K10Dx_H0350:496a-14	'dod cing bdag la legs 'dod pas //	'dod_0 cing_5 bdag_10 la_15 legs_18 'dod_23 ba_28 
K10Dx_H0350:496a-15	sangs rgyas bstan pa dran bzhin du //	sangs_0 rgya_6 ston_12 ba_18 dran_21 bzhin_26 du_32 
K10Dx_H0350:496a-16	dam pa'i chos la gus par bya //	dam_0 ba_4 chos_9 la_14 gus_17 ba_21 byed_25 
K10Dx_H0350:496a-17	'phags pa byams pa lung bstan pa rdzogs so ////	'phag_0 ba_7 byams_10 ba_16 lung_19 ston_24 ba_30 rdzogs_33 so_40 
K10Dx_H0350:496a-18	rgya gar gyi mkhan po dzi na mi tra dang /	rgya_0 gar_5 gyi_9 mkhan_13 po_19 dzi_22 na_26 mi_29 tra_32 dang_36 
K10Dx_H0350:496a-19	lotstsha ba bandhe dpal brtsegs rakshi tas bsgyur //	lotstsha_0 ba_9 bandhe_12 dpal_19 brtsegs_24 rakshi_32 tas_39 sgyur_43 
