K10D0276_H0278:114b-0	@114b / / gya gar skad @115a *//	gar_14 skad_18 
K10D0276_H0278:114b-1	du; a'arya buddha kshe pa na n'a ma h'a y'a na s'u tra /	du;_0 a_4 buddha_11 kshe_18 ba_23 na_26 n_29 ma_33 h_36 y_40 na_44 s_47 tra_51 
K10D0276_H0278:114b-2	bod skad du /	'bod_0 skad_4 du_9 
K10D0276_H0278:114b-3	'phags pa sangs rgyas mi spang pa zhes bya ba theg pa chen po'i mdo /	'phag_0 ba_7 sangs_10 rgya_16 mi_22 spong_25 ba_31 zhes_34 byed_39 ba_43 theg_46 ba_51 chen_54 po_59 mdo_64 
K10D0276_H0278:114b-4	sangs rgyas dang /	sangs_0 rgya_6 dang_12 
K10D0276_H0278:114b-5	byang chub sems dpa' thams cad la phyag 'tshal lo //	byang_0 chub_6 sems_11 dpa'_16 thams_21 cad_27 la_31 phyag_34 'tshal_40 lo_47 
K10D0276_H0278:114b-6	'di skad bdag gis thos pa dus gcig na /	'di_0 skad_4 bdag_9 gis_14 thos_18 ba_23 dus_26 gcig_30 na_35 
K10D0276_H0278:114b-7	bcom ldan 'das rgyal po'i khab na bya rgod kyi	'joms_0 ldan_5 'da'_10 rgyal_15 po_21 khab_26 na_31 byed_34 rgod_38 kyi_43 
K10D0276_H0278:114b-8	phung po'i ri la dge slong stong nyi sa brgya	'phung_0 po_6 ri_11 la_14 dge_17 slong_21 stong_27 nyi_33 sa_37 brgya_40 
K10D0276_H0278:114b-9	lnga bcu'i dge slong gi dge 'dun chen po dang	lnga_0 'chu_5 dge_11 slong_15 gi_21 dge_24 'dun_28 chen_33 po_38 dang_41 
K10D0276_H0278:114b-10	/ byang chub sems dpa' brgyad khri dang thabs gcig tu bzhugs te /	byang_2 chub_8 sems_13 dpa'_18 brgyad_23 khri_30 dang_35 thabs_40 gcig_46 tu_51 bzhugs_54 te_61 
K10D0276_H0278:114b-11	de'i tshe byang chub sems dpa' sems dpa' chen po	de_0 tshe_5 byang_10 chub_16 sems_21 dpa'_26 sems_31 dpa'_36 chen_41 po_46 
K10D0276_H0278:114b-12	mya ngan med kyis byin pa 'khor de nyid du	mya_0 ngan_4 med_9 kyis_13 byin_18 ba_23 'khor_26 de_32 nyid_35 du_40 
K10D0276_H0278:114b-13	'dus par gyur te 'dug go /	'du_0 ba_5 gyur_9 te_14 'dug_17 go_22 
K10D0276_H0278:114b-14	byang chub sems dpa' sems dpa' chen po mya ngan	byang_0 chub_6 sems_11 dpa'_16 sems_21 dpa'_26 chen_31 po_36 mya_39 ngan_43 
K10D0276_H0278:114b-15	gyi mun pa thams cad nges par 'joms pa dang	gyi_0 mun_4 ba_8 thams_11 cad_17 nges_21 ba_26 'joms_30 ba_36 dang_39 
K10D0276_H0278:114b-16	/ byang chub sems dpa' sems dpa' chen po ye shes kyi 'od dang /	byang_2 chub_8 sems_13 dpa'_18 sems_23 dpa'_28 chen_33 po_38 ye_41 shes_44 kyi_49 'od_53 dang_57 
K10D0276_H0278:114b-17	byang chub sems dpa' sems dpa' chen po tshangs pa	byang_0 chub_6 sems_11 dpa'_16 sems_21 dpa'_26 chen_31 po_36 tshangs_39 ba_47 
K10D0276_H0278:114b-18	las byung ba 'brug dbyangs sprin gyi nga ro dang	las_0 'byung_4 ba_10 'brug_13 dbyangs_19 sprin_27 gyi_33 nga_37 ro_41 dang_44 
K10D0276_H0278:114b-19	/ byang chub sems dpa' sems dpa' chen po yon	byang_2 chub_8 sems_13 dpa'_18 sems_23 dpa'_28 chen_33 po_38 yon_41 
K10D0276_H0278:114b-20	tan rin po che'i me tog kun tu rgyas pa'i	tan_0 rin_4 po_8 che_11 me_17 tog_20 kun_24 tu_28 rgya_31 ba_37 
K10D0276_H0278:114b-21	gzi brjid lta bu dang /	gzi_0 brjid_4 lta_10 bu_14 dang_17 
K10D0276_H0278:114b-22	byang chub sems dpa' sems dpa' chen po seng ge'i	byang_0 chub_6 sems_11 dpa'_16 sems_21 dpa'_26 chen_31 po_36 seng_39 ge_44 
K10D0276_H0278:114b-23	yon tan las byung ba 'brug gi nga ros 'gro	yon_0 tan_4 las_8 'byung_12 ba_18 'brug_21 gi_27 nga_30 ros_34 'gro_38 
K10D0276_H0278:114b-24	ba dang / byang chub sems dpa' sems dpa' chen	ba_0 dang_3 byang_10 chub_16 sems_21 dpa'_26 sems_31 dpa'_36 chen_41 
K10D0276_H0278:114b-25	po 'od kyi gzi brjid rnam par bsgrags pa grags	po_0 'od_3 kyi_7 gzi_11 brjid_15 rnam_21 ba_26 sgrog_30 ba_38 grags_41 
K10D0276_H0278:114b-26	ba dang / pa dang / byang chub sems dpa'	ba_0 dang_3 ba_10 dang_13 byang_20 chub_26 sems_31 dpa'_36 
K10D0276_H0278:115b-0	sems dpa' chen po ye shes kyi @115b bkod pa	sems_0 dpa'_5 chen_10 po_15 ye_18 shes_21 kyi_26 bkod_36 ba_41 
K10D0276_H0278:115b-1	mtha' yas pa bsgrub pa la sems pa dang /	mtha'_0 yas_6 ba_10 sgrub_13 ba_20 la_23 sems_26 ba_31 dang_34 
K10D0276_H0278:115b-2	byang chub sems dpa' sems dpa' chen po yon tan	byang_0 chub_6 sems_11 dpa'_16 sems_21 dpa'_26 chen_31 po_36 yon_39 tan_43 
K10D0276_H0278:115b-3	rin po che mtha' yas pa'i me tog kun tu	rin_0 po_4 che_7 mtha'_11 yas_17 ba_21 me_26 tog_29 kun_33 tu_37 
K10D0276_H0278:115b-4	rgyas pa'i rnam par bsgrags pa grags pa dang /	rgya_0 ba_6 rnam_11 ba_16 sgrog_20 ba_28 grags_31 ba_37 dang_40 
K10D0276_H0278:115b-5	byang chub sems dpa' sems dpa' chen po shes rab	byang_0 chub_6 sems_11 dpa'_16 sems_21 dpa'_26 chen_31 po_36 shes_39 rab_44 
K10D0276_H0278:115b-6	kyi snang bas spobs pa bstan pa'i blo gros dang	kyi_0 snang_4 ba_10 spobs_14 ba_20 ston_23 ba_29 blo_34 gros_38 dang_43 
K10D0276_H0278:115b-7	/ byang chub sems dpa' sems dpa' chen po bcu	byang_2 chub_8 sems_13 dpa'_18 sems_23 dpa'_28 chen_33 po_38 'chu_41 
K10D0276_H0278:115b-8	po de dag 'khor de nyid du 'dus par gyur	po_0 de_3 'dag_6 'khor_10 de_16 nyid_19 du_24 'du_27 ba_32 gyur_36 
K10D0276_H0278:115b-9	/ te 'khod do // de dag ni gzungs thob	te_2 'khod_5 do_11 de_17 'dag_20 ni_24 gzungs_27 'thob_34 
K10D0276_H0278:115b-10	par bya ba'i phyir lo bdun du brtson par gyur	ba_0 byed_4 ba_8 phyir_13 lo_19 bdun_22 du_27 brtson_30 ba_37 gyur_41 
K10D0276_H0278:115b-11	/ te 'khod do // pa dag go / de	te_2 'khod_5 do_11 ba_17 'dag_20 go_24 de_29 
K10D0276_H0278:115b-12	dag ni lo bdun 'das nas sems mnyam par bzhag	'dag_0 ni_4 lo_7 bdun_10 'da'_15 nas_20 sems_24 mnyam_29 ba_35 'jog_39 
K10D0276_H0278:115b-13	pa'ang ma thob na gang gzungs thob par 'gyur ba	ba_0 ma_7 'thob_10 na_15 gang_18 gzungs_23 'thob_30 ba_35 'gyur_39 ba_45 
K10D0276_H0278:115b-14	/ te 'khod do // pa dag go / lta	te_2 'khod_5 do_11 ba_17 'dag_20 go_24 lta_29 
K10D0276_H0278:115b-15	ci smos / de dag ni lo bdun du rmugs	ci_0 smos_3 de_10 'dag_13 ni_17 lo_20 bdun_23 du_28 rmugs_31 
K10D0276_H0278:115b-16	/ te 'khod do // pa dag go / lta	te_2 'khod_5 do_11 ba_17 'dag_20 go_24 lta_29 
K10D0276_H0278:115b-17	ci smos / pa dang / gnyid yongs su spangs	ci_0 smos_3 ba_10 dang_13 rnyid_20 yongs_26 su_32 spong_35 
K10D0276_H0278:115b-18	shing 'dug pa dang /	shing_0 'dug_6 ba_11 dang_14 
K10D0276_H0278:115b-19	'chag pa la brtson par byas /	'chag_0 ba_6 la_9 brtson_12 ba_19 byed_23 
K10D0276_H0278:115b-20	'dod pa'i rnam par rtog pa yongs su spang ba	'dod_0 ba_5 rnam_10 ba_15 rtogs_19 ba_24 yongs_27 su_33 spong_36 ba_42 
K10D0276_H0278:115b-21	la brtson par byas kyang bsam pa bzhin ma thob	la_0 brtson_3 ba_10 byed_14 kyang_19 bsam_25 ba_30 bzhin_33 ma_39 'thob_42 
K10D0276_H0278:115b-22	cing gzungs ma thob nas yongs su skyo ba'i yid	cing_0 gzungs_5 ma_12 'thob_15 nas_20 yongs_24 su_30 skyo_33 ba_38 yid_43 
K10D0276_H0278:115b-23	kyis bslab pa phul nas nyams par gyur la /	kyis_0 bslab_5 ba_11 'bul_14 nas_19 nyams_23 ba_29 gyur_33 la_38 
K10D0276_H0278:115b-24	thams cad kyang khyim na gnas pa'i skyon khas blangs	thams_0 cad_6 kyang_10 khyim_16 na_22 gnas_25 ba_30 skyon_35 khas_41 blangs_46 
K10D0276_H0278:115b-25	shing bstan pa 'di las phyir dong ba sha stag	shing_0 ston_6 ba_12 'di_15 las_19 phyir_23 'dong_29 ba_34 sha_37 stag_41 
K10D0276_H0278:115b-26	go / yang de'i tshe rgyal po ma skyes sgra	go_0 yang_5 de_10 tshe_15 rgyal_20 po_26 ma_29 skye_32 sgra_38 
K10D0276_H0278:115b-27	'khor de nyid du 'dus par gyur te 'dug go	'khor_0 de_6 nyid_9 du_14 'du_17 ba_22 gyur_26 te_31 'dug_34 go_39 
K10D0276_H0278:115b-28	go / / de'i tshe bcom ldan 'das kyis rgyal po ma skyes dgra'i 'gyod pa bsal to //	go_0 de_7 tshe_12 'joms_17 ldan_22 'da'_27 kyis_32 rgyal_37 po_43 ma_46 skye_49 dgra_55 'gyod_62 ba_68 bsal_71 to_76 
K10D0276_H0278:115b-29	'gyod pa bsal ba des kyang zhag bdun du sbyin	'gyod_0 ba_6 bsal_9 ba_14 des_17 kyang_21 zhag_27 bdun_32 du_37 sbyin_40 
K10D0276_H0278:115b-30	pa byin zhing bcings pa thams cad kyang rab tu	ba_0 byin_3 zhing_8 'ching_14 ba_21 thams_24 cad_30 kyang_34 rab_40 tu_44 
K10D0276_H0278:115b-31	thar bar byas so //	thar_0 ba_5 byed_9 so_14 
K10D0276_H0278:116a-0	de sbyin pa byin te zhag @116a *//	de_0 sbyin_3 ba_9 byin_12 te_17 zhag_20 
K10D0276_H0278:116a-1	bdun po de dag 'das nas srog chags bye ba	bdun_0 po_5 de_8 'dag_11 'da'_15 nas_20 srog_24 chags_29 'bye_35 ba_39 
K10D0276_H0278:116a-2	phrag bdun dang lhan cig tu chos mnyan pa'i phyir	phrag_0 bdun_6 dang_11 lhan_16 cig_21 tu_25 chos_28 nyan_33 ba_39 phyir_44 
K10D0276_H0278:116a-3	bcom ldan 'das kyi thad du lhags so //	'joms_0 ldan_5 'da'_10 kyi_15 thad_19 du_24 lhags_27 so_33 
K10D0276_H0278:116a-4	rigs kyi bu bcu po khyim na gnas pa'i skyon	rigs_0 kyi_5 bu_9 'chu_12 po_16 khyim_19 na_25 gnas_28 ba_33 skyon_38 
K10D0276_H0278:116a-5	khas blangs pa bstan pa 'di las phyir dong ba	khas_0 blangs_5 ba_12 ston_15 ba_21 'di_24 las_28 phyir_32 'dong_38 ba_43 
K10D0276_H0278:116a-6	de dag kyang 'khor de nyid du lhags so //	de_0 'dag_3 kyang_7 'khor_13 de_19 nyid_22 du_27 lhags_30 so_36 
K10D0276_H0278:116a-7	de nas byang chub sems dpa' sems dpa' chen po	de_0 nas_3 byang_7 chub_13 sems_18 dpa'_23 sems_28 dpa'_33 chen_38 po_43 
K10D0276_H0278:116a-8	bag tsha ba med par gnas pa zhes bya ba	bag_0 tsha_4 ba_9 med_12 ba_16 gnas_20 ba_25 zhes_28 byed_33 ba_37 
K10D0276_H0278:116a-9	/ gzungs thob pa /	gzungs_2 'thob_9 ba_14 
K10D0276_H0278:116a-10	bskal pa grangs med par rjes su mthun pa'i chos kyi bzod pa dang ldan pa /	bskal_0 ba_6 grangs_9 med_16 ba_20 rjes_24 su_29 mthun_32 ba_38 chos_43 kyi_48 bzod_52 ba_57 dang_60 ldan_65 ba_70 
K10D0276_H0278:116a-11	mi skye ba'i chos la bzod pa thob pa /	mi_0 skye_3 ba_8 chos_13 la_18 bzod_21 ba_26 'thob_29 ba_34 
K10D0276_H0278:116a-12	spobs pa sna tshogs pa; ye shes kyi sgo dang /	spobs_0 ba_6 sna_9 tshogs_13 pa;_20 ye_24 shes_27 kyi_32 sgo_36 dang_40 
K10D0276_H0278:116a-13	chos kyi sgo thams cad sgrub pa la mkhas pa /	chos_0 kyi_5 sgo_9 thams_13 cad_19 sgrub_23 ba_29 la_32 mkhas_35 ba_41 
K10D0276_H0278:116a-14	chos bshad pa'i phyir sems can rnams kyi bsam pa dang /	chos_0 'chad_5 ba_11 phyir_16 sems_22 can_27 rnams_31 kyi_37 bsam_41 ba_46 dang_49 
K10D0276_H0278:116a-15	lhag pa'i bsam pa dang /	lhag_0 ba_5 bsam_10 ba_15 dang_18 
K10D0276_H0278:116a-16	mos pa la mkhas pa zhig kyang 'khor de nyid du 'ongs so //	mos_0 ba_4 la_7 mkhas_10 ba_16 'jig_19 kyang_24 'khor_30 de_36 nyid_39 du_44 'ongs_47 so_53 
K10D0276_H0278:116a-17	de nas byang chub sems dpa' sems dpa' chen po	de_0 nas_3 byang_7 chub_13 sems_18 dpa'_23 sems_28 dpa'_33 chen_38 po_43 
K10D0276_H0278:116a-18	bag tsha ba med par gnas pa stan las langs	bag_0 tsha_4 ba_9 med_12 ba_16 gnas_20 ba_25 stan_28 las_33 ldang_37 
K10D0276_H0278:116a-19	te / chos gos phrag pa gcig tu gzar nas	te_0 chos_5 gos_10 phrag_14 ba_20 gcig_23 tu_28 gzar_31 nas_36 
K10D0276_H0278:116a-20	bus mo g-yas pa'i lha nga sa la btsugs te	'bud_0 mo_4 g-yas_7 ba_13 lha_18 nga_22 sa_26 la_29 btsugs_32 te_39 
K10D0276_H0278:116a-21	te / / bcom ldan 'das ga la ba de logs su thal mo sbyar ba btud nas /	te_0 'joms_7 ldan_12 'da'_17 ga_22 la_25 ba_28 de_31 logs_34 su_39 thal_42 mo_47 sbyor_50 ba_56 'dud_59 nas_64 
K10D0276_H0278:116a-22	bcom ldan 'das la 'di skad ces gsol to; ;bcom ldan 'das /	'joms_0 ldan_5 'da'_10 la_15 'di_18 skad_22 ces_27 gsol_31 to;_36 ;bcom_40 ldan_46 'da'_51 
K10D0276_H0278:116a-23	rigs kyi bu bcu po 'di dag ni dgung lo	rigs_0 kyi_5 bu_9 'chu_12 po_16 'di_19 'dag_23 ni_27 dgung_30 lo_36 
K10D0276_H0278:116a-24	bdun du gzungs kyi don la brtson par gyur na	bdun_0 du_5 gzungs_8 kyi_15 don_19 la_23 brtson_26 ba_33 gyur_37 na_42 
K10D0276_H0278:116a-25	de dag bsam pa ma grub cing bstan pa 'di	de_0 'dag_3 bsam_7 ba_12 ma_15 'grub_18 cing_23 ston_28 ba_34 'di_37 
K10D0276_H0278:116b-0	las slar mchis @116b pa khyim na gnas par g-yar	las_0 slar_4 mchis_9 ba_21 khyim_24 na_30 gnas_33 ba_38 g-yar_42 
K10D0276_H0278:116b-1	gyis blangs pa lags na /	gyis_0 blangs_5 ba_12 lags_15 na_20 
K10D0276_H0278:116b-2	de'i slad du bcom ldan 'das kyis rigs kyi bu	de_0 slad_5 du_10 'joms_13 ldan_18 'da'_23 kyis_28 rigs_33 kyi_38 bu_42 
K10D0276_H0278:116b-3	de dag la ci nas myur ba kho nar ye	de_0 'dag_3 la_7 ci_10 nas_13 myur_17 ba_22 kho_25 nar_29 ye_33 
K10D0276_H0278:116b-4	shes thob par 'gyur ba de ltar legs par lung	shes_0 'thob_5 ba_10 'gyur_14 ba_20 de_23 ltar_26 legs_31 ba_36 lung_40 
K10D0276_H0278:116b-5	dbog par mdzad du gsol /	'bogs_0 ba_5 mdzad_9 du_15 gsol_18 
K10D0276_H0278:116b-6	de nas bcom ldan 'das kyis byang chub sems dpa'	de_0 nas_3 'joms_7 ldan_12 'da'_17 kyis_22 byang_27 chub_33 sems_38 dpa'_43 
K10D0276_H0278:116b-7	sems dpa' chen po bag tsha ba med par gnas	sems_0 dpa'_5 chen_10 po_15 bag_18 tsha_22 ba_27 med_30 ba_34 gnas_38 
K10D0276_H0278:116b-8	pa la 'di skad ces bka' stsal to //	ba_0 la_3 'di_6 skad_10 ces_15 bka'_19 stsal_24 to_30 
K10D0276_H0278:116b-9	rigs kyi bu /	rigs_0 kyi_5 bu_9 
K10D0276_H0278:116b-10	'di ltar de dag gis sangs rgyas mi spang ba	'di_0 ltar_4 de_9 'dag_12 gis_16 sangs_20 rgya_26 mi_32 spong_35 ba_41 
K10D0276_H0278:116b-11	zhes bya ba'i chos kyi rnam grangs 'di ma thos	zhes_0 byed_5 ba_9 chos_14 kyi_19 rnam_23 grangs_28 'di_35 ma_39 thos_42 
K10D0276_H0278:116b-12	la / sangs rgyas spong ba ni rjes su thob ste /	la_0 sangs_5 rgya_11 spong_17 ba_23 ni_26 rjes_29 su_34 'thob_37 ste_42 
K10D0276_H0278:116b-13	des na rigs kyi bu de dag myur du shes pa 'di la ma skyes so //	des_0 na_4 rigs_7 kyi_12 bu_16 de_19 'dag_22 myur_26 du_31 shes_34 ba_39 'di_42 la_46 ma_49 skye_52 so_58 
K10D0276_H0278:116b-14	de nas bcom ldan 'das la byang chub sems dpa'	de_0 nas_3 'joms_7 ldan_12 'da'_17 la_22 byang_25 chub_31 sems_36 dpa'_41 
K10D0276_H0278:116b-15	sems dpa' chen po bag tsha ba med par gnas	sems_0 dpa'_5 chen_10 po_15 bag_18 tsha_22 ba_27 med_30 ba_34 gnas_38 
K10D0276_H0278:116b-16	pas tshigs su bcad pa 'di dag gis zhus so	ba_0 tshigs_4 su_11 gcod_14 ba_19 'di_22 'dag_26 gis_30 zhus_34 so_39 
K10D0276_H0278:116b-17	// chos kyi rgyal po 'od mdzad pa //	chos_3 kyi_8 rgyal_12 po_18 'od_21 mdzad_25 ba_31 
K10D0276_H0278:116b-18	mi yi nyi ma khyod la zhu //	mi_0 yi_3 nyi_6 ma_10 khyod_13 la_19 'ju_22 
K10D0276_H0278:116b-19	byang chub sems dpa'i las spyod pa //	byang_0 chub_6 sems_11 dpa_16 las_22 spyod_26 ba_32 
K10D0276_H0278:116b-20	spyod pa gang lags de bstan gsol //	spyod_0 ba_6 gang_9 lags_14 de_19 ston_22 gsol_28 
K10D0276_H0278:116b-21	dpag med khyad par 'phags pa'i blo grags pa; ;sangs rgyas thogs med stobs bcu mtshungs ma mchis //	dpog_0 med_5 khyad_9 ba_15 'phag_19 ba_26 blo_31 grags_35 pa;_41 ;sangs_45 rgya_52 thogs_58 med_64 stobs_68 'chu_74 mtshungs_78 ma_87 mchis_90 
K10D0276_H0278:116b-22	srid gsum 'byung ba rnam grol spros mi mnga'//	srid_0 gsum_5 'byung_10 ba_17 rnam_20 grol_25 spros_30 mi_36 
K10D0276_H0278:116b-23	sangs rgyas byang chub spyod pa dri med gsungs //	sangs_0 rgya_6 byang_12 chub_18 spyod_23 ba_29 'dri_32 med_36 gsungs_40 
K10D0276_H0278:116b-24	dpag med ye shes mnga' ba khyod la zhu //	dpog_0 med_5 ye_9 shes_12 mnga'_17 ba_23 khyod_26 la_32 'ju_35 
K10D0276_H0278:116b-25	yid gnyis gcod par mdzad pa khyod la zhu //	yid_0 gnyis_4 gcod_10 ba_15 mdzad_19 ba_25 khyod_28 la_34 'ju_37 
K10D0276_H0278:116b-26	bcom ldan mtshungs pa mi mnga' khyod la zhu //	'joms_0 ldan_5 mtshungs_10 ba_19 mi_22 mnga'_25 khyod_31 la_37 'ju_40 
K10D0276_H0278:116b-27	byang chub sems dpa'i spyod pa'i tshul gang lags //	byang_0 chub_6 sems_11 dpa_16 spyod_22 ba_28 tshul_33 gang_39 lags_44 
K10D0276_H0278:117a-0	rgyal @117a *//	rgyal_0 
K10D0276_H0278:117a-1	ba bdud thul bde gshegs gang gis na //	ba_0 bdud_3 thul_8 bde_13 gshegs_17 gang_24 gis_29 na_33 
K10D0276_H0278:117a-2	nyon mongs kun las rnam par grol bar 'gyur //	nyon_0 mongs_5 kun_11 las_15 rnam_19 ba_24 grol_28 ba_33 'gyur_37 
K10D0276_H0278:117a-3	thugs rjes nyon mongs thul la byang chub lam //	thugs_0 rjes_6 nyon_11 mongs_16 thul_22 la_27 byang_30 chub_36 lam_41 
K10D0276_H0278:117a-4	'phags pa de ni rab tu bshad du gsol //	'phag_0 ba_7 de_10 ni_13 rab_16 tu_20 'chad_23 du_29 gsol_32 
K10D0276_H0278:117a-5	legs gsal legs byung legs 'brel gsung ba po //	legs_0 gsal_5 legs_10 'byung_15 legs_21 'brel_26 gsung_32 ba_38 po_41 
K10D0276_H0278:117a-6	srid sel srid 'gro rnam 'joms lhur mdzad pa //	srid_0 sel_5 srid_9 'gro_14 rnam_19 'joms_24 lhur_30 mdzad_35 ba_41 
K10D0276_H0278:117a-7	dge sbyong bzang po smra mchog yid gnyis sel; ;rgyal ba bde gshegs dri med spyod kun gsungs //	dge_0 sbyong_4 bzang_11 po_17 smra_20 mchog_25 yid_31 gnyis_35 sel;_41 ;rgyal_46 ba_53 bde_56 gshegs_60 'dri_67 med_71 spyod_75 kun_81 gsungs_85 
K10D0276_H0278:117a-8	sngon gyi srid brgyar legs spyad yon tan dge /	sngon_0 gyi_6 srid_10 brgyar_15 legs_22 spyod_27 yon_33 tan_37 dge_41 
K10D0276_H0278:117a-9	'gro ba phan bder bsngo la brtson pa po //	'gro_0 ba_5 phan_8 bder_13 sngo_18 la_24 brtson_27 ba_34 po_37 
K10D0276_H0278:117a-10	rin chen glang po rta spangs yun kyang ring //	rin_0 chen_4 glang_9 po_15 rta_18 spong_22 yun_29 kyang_33 ring_39 
K10D0276_H0278:117a-11	bud med tshogs dang bu yang spangs mdzad pa //	'bud_0 med_4 tshogs_8 dang_15 bu_20 yang_23 spong_28 mdzad_35 ba_41 
K10D0276_H0278:117a-12	bzod dang dul dgyes tshul khrims yon tan gzhol //	bzod_0 dang_5 dul_10 dgyes_14 tshul_20 khrims_26 yon_33 tan_37 gzhol_41 
K10D0276_H0278:117a-13	blo gros dgyes gzhol brtul zhugs dka' thub brtsams //	blo_0 gros_4 dgyes_9 gzhol_15 brtul_21 'jug_27 dka'_33 thub_38 brtsams_43 
K10D0276_H0278:117a-14	yon tan tshol bas sdug bsngal brgya bzod pa //	yon_0 tan_4 tshol_8 ba_14 sdug_18 sngal_23 brgya_30 bzod_36 ba_41 
K10D0276_H0278:117a-15	rgyal ba khyod kyis de brnyes yid gnyis bral //	rgyal_0 ba_6 khyod_9 kyis_15 de_20 brnyes_23 yid_30 gnyis_34 'bral_40 
K10D0276_H0278:117a-16	spyod lam mkhas pa yid gnyis rnam spangs pa //	spyod_0 lam_6 mkhas_10 ba_16 yid_19 gnyis_23 rnam_29 spong_34 ba_41 
K10D0276_H0278:117a-17	skyon tshogs dri ma gsum gyi tha ba bral; ;'gro ba thams cad du yang rab gshegs pa //	skyon_0 tshogs_6 'dri_13 ma_17 gsum_20 gyi_25 tha_29 ba_33 bral;_36 ;'gro_42 ba_48 thams_51 cad_57 du_61 yang_64 rab_69 gshegs_73 ba_80 
K10D0276_H0278:117a-18	mgon po byang chub mchog gi tshul bshad gsol //	mgon_0 po_5 byang_8 chub_14 mchog_19 gi_25 tshul_28 'chad_34 gsol_40 
K10D0276_H0278:117a-19	de nas bcom ldan 'das kyis byang chub sems dpa'	de_0 nas_3 'joms_7 ldan_12 'da'_17 kyis_22 byang_27 chub_33 sems_38 dpa'_43 
K10D0276_H0278:117a-20	sems dpa' chen po bag tsha ba med par gnas	sems_0 dpa'_5 chen_10 po_15 bag_18 tsha_22 ba_27 med_30 ba_34 gnas_38 
K10D0276_H0278:117a-21	pa la 'di skad ces bka' stsal to //	ba_0 la_3 'di_6 skad_10 ces_15 bka'_19 stsal_24 to_30 
K10D0276_H0278:117a-22	rigs kyi bu /	rigs_0 kyi_5 bu_9 
K10D0276_H0278:117a-23	byang chub sems dpa' bcu po 'di dag thams cad kyis ni sangs rgyas mi spang ba byas so //	byang_0 chub_6 sems_11 dpa'_16 'chu_21 po_25 'di_28 'dag_32 thams_36 cad_42 kyis_46 ni_51 sangs_54 rgya_60 mi_66 spong_69 ba_75 byed_78 so_83 
K10D0276_H0278:117b-0	@117b gsol pa /	gsol_6 ba_11 
K10D0276_H0278:117b-1	bcom ldan 'das /	'joms_0 ldan_5 'da'_10 
K10D0276_H0278:117b-2	sangs rgyas mi spang ba zhes bgyi ba de gang lags /	sangs_0 rgya_6 mi_12 spong_15 ba_21 zhes_24 bgyid_29 ba_34 de_37 gang_40 lags_45 
K10D0276_H0278:117b-3	bka' stsal pa /	bka'_0 stsal_5 ba_11 
K10D0276_H0278:117b-4	rigs kyi bu /	rigs_0 kyi_5 bu_9 
K10D0276_H0278:117b-5	sngon byung ba 'das pa'i dus na bskal pa sum	sngon_0 'byung_6 ba_12 'da'_15 ba_20 dus_25 na_29 bskal_32 ba_38 sum_41 
K10D0276_H0278:117b-6	cu 'das pa de'i tshe de'i dus na 'jig rten	cu_0 'da'_3 ba_8 de_11 tshe_16 de_21 dus_26 na_30 'jig_33 rten_38 
K10D0276_H0278:117b-7	gyi khams smig rgyu can du de bzhin gshegs pa	gyi_0 khams_4 smig_10 rgyu_15 can_20 du_24 de_27 bzhin_30 gshegs_36 ba_43 
K10D0276_H0278:117b-8	rnam par gzigs pa'i nga ro zhes bya ba byung	rnam_0 ba_5 gzigs_9 ba_15 nga_20 ro_24 zhes_27 byed_32 ba_36 'byung_39 
K10D0276_H0278:117b-9	bar gyur pa de'i tshe de bzhin gshegs pa de	ba_0 gyur_4 ba_9 de_12 tshe_17 de_22 bzhin_25 gshegs_31 ba_38 de_41 
K10D0276_H0278:117b-10	yongs su mya ngan las 'das pa'i phyi ma'i dus	yongs_0 su_6 mya_9 ngan_13 las_18 'da'_22 ba_27 phyi_32 ma_37 dus_42 
K10D0276_H0278:117b-11	phyi ma'i tshe na rigs kyi bu bcu po 'di	phyi_0 ma_5 tshe_10 na_15 rigs_18 kyi_23 bu_27 'chu_30 po_34 'di_37 
K10D0276_H0278:117b-12	dag khyim bdag shing s'a la chen po lta bu'i	'dag_0 khyim_4 bdag_10 shing_15 s_21 la_25 chen_28 po_33 lta_36 bu_40 
K10D0276_H0278:117b-13	gzhon nur gyur to //	gzhon_0 nur_6 gyur_10 to_15 
K10D0276_H0278:117b-14	de'i tshe rigs kyi bu bcu po de dag thams	de_0 tshe_5 rigs_10 kyi_15 bu_19 'chu_22 po_26 de_29 'dag_32 thams_36 
K10D0276_H0278:117b-15	cad kyis gtsug lag khang lnga brgya byed du bcug	cad_0 kyis_4 gtsug_9 lag_15 khang_19 lnga_25 brgya_30 byed_36 du_41 'jug_44 
K10D0276_H0278:117b-16	go / gtsug lag khang re rer yang dge slong stong stong gnas par gyur to //	go_0 gtsug_5 lag_11 khang_15 re_21 rer_24 yang_28 dge_33 slong_37 stong_43 stong_49 gnas_55 ba_60 gyur_64 to_69 
K10D0276_H0278:117b-17	rigs kyi bu /	rigs_0 kyi_5 bu_9 
K10D0276_H0278:117b-18	de'i tshe chos smra ba spobs pa brtsegs pa zhes bya ba gzungs thob pa zhig chos ston to //	de_0 tshe_5 chos_10 smra_15 ba_20 spobs_23 ba_29 brtsegs_32 ba_40 zhes_43 byed_48 ba_52 gzungs_55 'thob_62 ba_67 'jig_70 chos_75 ston_80 to_85 
K10D0276_H0278:117b-19	rigs kyi bu /	rigs_0 kyi_5 bu_9 
K10D0276_H0278:117b-20	chos smra ba spobs pa brtsegs pa de chos kyi	chos_0 smra_5 ba_10 spobs_13 ba_19 brtsegs_22 ba_30 de_33 chos_36 kyi_41 
K10D0276_H0278:117b-21	stan la 'dug pa la sangs rgyas lnga stong spobs	stan_0 la_5 'dug_8 ba_13 la_16 sangs_19 rgya_25 lnga_31 stong_36 spobs_42 
K10D0276_H0278:117b-22	pa sgrub par mdzad de /	ba_0 sgrub_3 ba_9 mdzad_13 de_19 
K10D0276_H0278:117b-23	lha dung phyur phrag brgyad kyang lus yongs su spyad pa'i phyir brtson par gyur to //	lha_0 dung_4 phyur_9 phrag_15 brgyad_21 kyang_28 lus_34 yongs_38 su_44 spyod_47 ba_53 phyir_58 brtson_64 ba_71 gyur_75 to_80 
K10D0276_H0278:117b-24	de'i chos bshad pa gcig gis srog chags bdun khri	de_0 chos_5 'chad_10 ba_16 gcig_19 gis_24 srog_28 chags_33 bdun_39 khri_44 
K10D0276_H0278:117b-25	bla na med pa yang dag par rdzogs pa'i byang	bla_0 na_4 med_7 ba_11 yang_14 'dag_19 ba_23 rdzogs_27 ba_34 byang_39 
K10D0276_H0278:117b-26	chub las phyir mi ldog par 'gyur to //	chub_0 las_5 phyir_9 mi_15 ldog_18 ba_23 'gyur_27 to_33 
K10D0276_H0278:117b-27	srog chags khri ni rgyun du zhugs pa'i 'bras bu thob bo //	srog_0 chags_5 khri_11 ni_16 rgyun_19 du_25 'jug_28 ba_34 'bras_39 bu_45 'thob_48 'bo_53 
K10D0276_H0278:117b-28	rigs kyi bu /	rigs_0 kyi_5 bu_9 
K10D0276_H0278:117b-29	de'i tshe rgyal po zla bas byin pa zhes bya ba zhig byung ngo //	de_0 tshe_5 rgyal_10 po_16 zla_19 ba_23 byin_27 ba_32 zhes_35 byed_40 ba_44 'jig_47 'byung_52 ngo_58 
K10D0276_H0278:118a-0	des chos la gus pas chos smra ba de la mchod pa'i phyir @118a *//	des_0 chos_4 la_9 gus_12 ba_16 chos_20 smra_25 ba_30 de_33 la_36 mchod_39 ba_45 phyir_50 
K10D0276_H0278:118a-1	bud med lnga brgya dang /	'bud_0 med_4 lnga_8 brgya_13 dang_19 
K10D0276_H0278:118a-2	glu dbyangs dang /	glu_0 dbyangs_4 dang_12 
K10D0276_H0278:118a-3	rol mo byas so //	rol_0 mo_4 byed_7 so_12 
K10D0276_H0278:118a-4	dge slong de la rin po che'i me tog sna tshogs kyis kyang mngon par gtor te /	dge_0 slong_4 de_10 la_13 rin_16 po_20 che_23 me_29 tog_32 sna_36 tshogs_40 kyis_47 kyang_52 mngon_58 ba_64 'thor_68 te_73 
K10D0276_H0278:118a-5	tsandan gyi byug pas kyang byugs so //	tsandan_0 gyi_8 'byug_12 ba_17 kyang_21 'byug_27 so_33 
K10D0276_H0278:118a-6	ras bcos bu lnga brgyas kyang bkab bo //	ras_0 'chos_4 bu_9 lnga_12 brgyas_17 kyang_24 'gebs_30 'bo_35 
K10D0276_H0278:118a-7	bde ba'i rim gro thams cad kyis mchod pa /	bde_0 ba_4 rim_9 gro_13 thams_17 cad_23 kyis_27 mchod_32 ba_38 
K10D0276_H0278:118a-8	'di lta ste /	'di_0 lta_4 ste_8 
K10D0276_H0278:118a-9	chos smra ba la mchod pa'i mchod pa mchog gis zhag bdun du rim gro byas so //	chos_0 smra_5 ba_10 la_13 mchod_16 ba_22 mchod_27 ba_33 mchog_36 gis_42 zhag_46 bdun_51 du_56 rim_59 gro_63 byed_67 so_72 
K10D0276_H0278:118a-10	de nas dge slong de la khyim bdag gi bu	de_0 nas_3 dge_7 slong_11 de_17 la_20 khyim_23 bdag_29 gi_34 bu_37 
K10D0276_H0278:118a-11	de dag gis 'chal pa'i tshul khrims kyis glengs so	de_0 'dag_3 gis_7 'chal_11 ba_17 tshul_22 khrims_28 kyis_35 gleng_40 so_47 
K10D0276_H0278:118a-12	// las de'i rnam par smin pas de dag lo	las_3 de_7 rnam_12 ba_17 smin_21 ba_26 de_30 'dag_33 lo_37 
K10D0276_H0278:118a-13	dgu khrir sems can dmyal ba rnams su skyes so	dgu_0 khrir_4 sems_10 can_15 dmyal_19 ba_25 rnams_28 su_34 skye_37 so_43 
K10D0276_H0278:118a-14	// // tshe rabs lnga brgyar ni mi rnams kyi nang du za ma dang /	tshe_6 rabs_11 lnga_16 brgyar_21 ni_28 mi_31 rnams_34 kyi_40 nang_44 du_49 za_52 ma_55 dang_58 
K10D0276_H0278:118a-15	kla klo dang /	kla_0 klo_4 dang_8 
K10D0276_H0278:118a-16	log par lta ba'i khyim rnams su skyes so //	log_0 ba_4 lta_8 ba_12 khyim_17 rnams_23 su_29 skye_32 so_38 
K10D0276_H0278:118a-17	tshe rabs drug brgyar ni dmus long dang; lce med par gyur to //	tshe_0 rabs_5 drug_10 brgyar_15 ni_22 dmus_25 long_30 dang;_35 lce_41 med_45 ba_49 gyur_53 to_58 
K10D0276_H0278:118a-18	tshe rabs bdun brgyar ni rab tu byung nas ji	tshe_0 rabs_5 bdun_10 brgyar_15 ni_22 rab_25 tu_29 'byung_32 nas_38 ji_42 
K10D0276_H0278:118a-19	srid 'tsho'i mthar thug gi bar du gzungs ma thob	srid_0 'tsho_5 mthar_13 thug_19 gi_24 ba_27 du_31 gzungs_34 ma_41 'thob_44 
K10D0276_H0278:118a-20	par 'chi ba'i dus byas te /	ba_0 'chi_4 ba_9 dus_14 byed_18 te_23 
K10D0276_H0278:118a-21	las kyi sgrib pa de nyid kyis rigs kyi bu de dag bsgribs so //	las_0 kyi_4 sgrib_8 ba_14 de_17 nyid_20 kyis_25 rigs_30 kyi_35 bu_39 de_42 'dag_45 sgrib_49 so_57 
K10D0276_H0278:118a-22	rigs kyi bu /	rigs_0 kyi_5 bu_9 
K10D0276_H0278:118a-23	de lta bas na khyod mos par bya'o //	de_0 lta_3 ba_7 na_11 khyod_14 mos_20 ba_24 byed_28 
K10D0276_H0278:118a-24	khyod kyi khong du chud par bya'o //	khyod_0 kyi_6 khong_10 du_16 chud_19 ba_24 byed_28 
K10D0276_H0278:118a-25	chos kyi rnam grangs 'di thos nas chos smra ba	chos_0 kyi_5 rnam_9 grangs_14 'di_21 thos_25 nas_30 chos_34 smra_39 ba_44 
K10D0276_H0278:118a-26	la mngon sum du mthong yang 'chal pa'i tshul khrims	la_0 mngon_3 sum_9 du_13 mthong_16 yang_23 'chal_28 ba_34 tshul_39 khrims_45 
K10D0276_H0278:118a-27	kyis brjod par mi bya na thos pas lta ci	kyis_0 rjod_5 ba_11 mi_15 byed_18 na_22 thos_25 ba_30 lta_34 ci_38 
K10D0276_H0278:118a-28	smos / rigs kyi bu /	smos_0 rigs_7 kyi_12 bu_16 
K10D0276_H0278:118a-29	gang zhig sems can thams cad kyi mig 'byin par	gang_0 'jig_5 sems_10 can_15 thams_19 cad_25 kyi_29 mig_33 'byin_37 ba_43 
K10D0276_H0278:118b-0	byed pa bas @118b ni gang zhig chos smra ba	byed_0 ba_5 ba_8 ni_18 gang_21 'jig_26 chos_31 smra_36 ba_41 
K10D0276_H0278:118b-1	la gshe ba'i bsam pas lta bar byed na /	la_0 gshe_3 ba_8 bsam_13 ba_18 lta_22 ba_26 byed_30 na_35 
K10D0276_H0278:118b-2	de ni de bas ches kha na ma tho ba'i las che ba yin no //	de_0 ni_3 de_6 ba_9 ches_13 kha_18 na_22 ma_25 tho_28 ba_32 las_37 che_41 ba_45 yin_48 no_52 
K10D0276_H0278:118b-3	gang zhig sems can thams cad 'ching bar byed la /	gang_0 'jig_5 sems_10 can_15 thams_19 cad_25 'ching_29 ba_36 byed_40 la_45 
K10D0276_H0278:118b-4	gang zhig chos smra ba mthong na rgyab kyis phyegs te 'dug par byed na /	gang_0 'jig_5 chos_10 smra_15 ba_20 mthong_23 na_30 rgyab_33 kyis_39 phyegs_44 te_51 'dug_54 ba_59 byed_63 na_68 
K10D0276_H0278:118b-5	bsod nams ma yin pa 'di la bsod nams ma	bsod_0 nams_5 ma_10 yin_13 ba_17 'di_20 la_24 bsod_27 nams_32 ma_37 
K10D0276_H0278:118b-6	yin pa snga ma des brgya'i char yang nye bar	yin_0 ba_4 snga_7 ma_12 des_15 brgya_19 char_27 yang_32 nye_37 ba_41 
K10D0276_H0278:118b-7	mi 'gro / stong gi cha dang /	mi_0 'gro_3 stong_10 gi_16 cha_19 dang_23 
K10D0276_H0278:118b-8	'bum gyi cha dang /	'bum_0 gyi_5 cha_9 dang_13 
K10D0276_H0278:118b-9	grangs dang /	grangs_0 dang_7 
K10D0276_H0278:118b-10	cha dang /	cha_0 dang_4 
K10D0276_H0278:118b-11	bgrang ba dang /	bgrong_0 ba_7 dang_10 
K10D0276_H0278:118b-12	dpe dang /	dpe_0 dang_4 
K10D0276_H0278:118b-13	rgyur yang nye bar mi 'gro'o //	rgyur_0 yang_6 nye_11 ba_15 mi_19 'gro_22 
K10D0276_H0278:118b-14	de ci'i phyir zhe na /	de_0 ci_3 phyir_8 zhe_14 na_18 
K10D0276_H0278:118b-15	gang chos smra ba la skur pa 'debs pa des	gang_0 chos_5 smra_10 ba_15 la_18 skur_21 ba_26 'debs_29 ba_35 des_38 
K10D0276_H0278:118b-16	ni sangs rgyas la skur pa btab par 'gyur ba'i	ni_0 sangs_3 rgya_9 la_15 skur_18 ba_23 'debs_26 ba_31 'gyur_35 ba_41 
K10D0276_H0278:118b-17	phyir ro // sangs rgyas la bsnyen bkur bya bar 'dod pas chos smra ba la bsnyen bkur bya'o //	phyir_0 ro_6 sangs_12 rgya_18 la_24 snyen_27 bkur_34 byed_39 ba_43 'dod_47 ba_52 chos_56 smra_61 ba_66 la_69 snyen_72 bkur_79 byed_84 
K10D0276_H0278:118b-18	sangs rgyas la mchod par 'dod pas chos smra ba la mchod par bya'o //	sangs_0 rgya_6 la_12 mchod_15 ba_21 'dod_25 ba_30 chos_34 smra_39 ba_44 la_47 mchod_50 ba_56 byed_60 
K10D0276_H0278:118b-19	sangs rgyas la phyag 'tshal bar 'dod pas chos smra ba la phyag bya'o //	sangs_0 rgya_6 la_12 phyag_15 'tshal_21 ba_28 'dod_32 ba_37 chos_41 smra_46 ba_51 la_54 phyag_57 byed_63 
K10D0276_H0278:118b-20	de ci'i phyir zhe na /	de_0 ci_3 phyir_8 zhe_14 na_18 
K10D0276_H0278:118b-21	thams cad mkhyen pa nyid ni byang chub sems dpa' las byung ba'i phyir dang /	thams_0 cad_6 mkhyen_10 ba_17 nyid_20 ni_25 byang_28 chub_34 sems_39 dpa'_44 las_49 'byung_53 ba_59 phyir_64 dang_70 
K10D0276_H0278:118b-22	sangs rgyas bcom ldan 'das rnams byang chub sems dpa' las byung ba'i phyir ro //	sangs_0 rgya_6 'joms_12 ldan_17 'da'_22 rnams_27 byang_33 chub_39 sems_44 dpa'_49 las_54 'byung_58 ba_64 phyir_69 ro_75 
K10D0276_H0278:118b-23	gang las brten te byang chub sems dpa'i byang chub	gang_0 las_5 rten_9 te_15 byang_18 chub_24 sems_29 dpa_34 byang_40 chub_46 
K10D0276_H0278:118b-24	tu sems skyes pa de las brten nas de ni	tu_0 sems_3 skye_8 ba_14 de_17 las_20 rten_24 nas_30 de_34 ni_37 
K10D0276_H0278:118b-25	nyon mongs pa rnams kyi 'dod pa'i longs spyod la	nyon_0 mongs_5 ba_11 rnams_14 kyi_20 'dod_24 ba_29 longs_34 spyod_40 la_46 
K10D0276_H0278:118b-26	gnas par brjod par mi bya /	gnas_0 ba_5 rjod_9 ba_15 mi_19 byed_22 
K10D0276_H0278:118b-27	de ni nam du'ang tshangs par spyod pa la mi gnas par brjod par mi bya /	de_0 ni_3 nam_6 du_10 tshangs_17 ba_25 spyod_29 ba_35 la_38 mi_41 gnas_44 ba_49 rjod_53 ba_59 mi_63 byed_66 
K10D0276_H0278:119a-0	de ni gzugs med pa'i ting nge @119a *//	de_0 ni_3 gzugs_6 med_12 ba_16 ting_21 nge_26 
K10D0276_H0278:119a-1	'dzin la snyoms par zhugs kyang gzugs med par nye bar 'gro bar brjod par mi bya'o //	'dzin_0 la_6 snyom_9 ba_16 'jug_20 kyang_26 gzugs_32 med_38 ba_42 nye_46 ba_50 'gro_54 ba_59 rjod_63 ba_69 mi_73 byed_76 
K10D0276_H0278:119a-2	de ci'i phyir zhe na /	de_0 ci_3 phyir_8 zhe_14 na_18 
K10D0276_H0278:119a-3	byang chub sems dpa' de ni nyon mongs pa'i dbang gis mi skye ste /	byang_0 chub_6 sems_11 dpa'_16 de_21 ni_24 nyon_27 mongs_32 ba_38 dbang_43 gis_49 mi_53 skye_56 ste_61 
K10D0276_H0278:119a-4	byang chub sems dpa' ni smon lam gyi dbang gis skye ba'i phyir ro //	byang_0 chub_6 sems_11 dpa'_16 ni_21 smon_24 lam_29 gyi_33 dbang_37 gis_43 skye_47 ba_52 phyir_57 ro_63 
K10D0276_H0278:119a-5	de ni byis pa'i spyod pa thams cad las grol ba'o //	de_0 ni_3 byis_6 ba_11 spyod_16 ba_22 thams_25 cad_31 las_35 grol_39 ba_44 
K10D0276_H0278:119a-6	gang byang chub sems dpa'i nyon mongs pa rnams ston	gang_0 byang_5 chub_11 sems_16 dpa_21 nyon_27 mongs_32 ba_38 rnams_41 ston_47 
K10D0276_H0278:119a-7	par 'dod pa des ni nam mkha'i khams kyi gzugs	ba_0 'dod_4 ba_9 des_12 ni_16 nam_19 mkha_23 khams_30 kyi_36 gzugs_40 
K10D0276_H0278:119a-8	bstan par 'dod du zad do //	ston_0 ba_6 'dod_10 du_15 zad_18 do_22 
K10D0276_H0278:119a-9	rigs kyi bu /	rigs_0 kyi_5 bu_9 
K10D0276_H0278:119a-10	'di lta ste /	'di_0 lta_4 ste_8 
K10D0276_H0278:119a-11	dper na /	dper_0 na_5 
K10D0276_H0278:119a-12	klu thams cad klu nyid du spyir song ba yin	klu_0 thams_4 cad_10 klu_14 nyid_18 du_23 spyir_26 'gro_32 ba_37 yin_40 
K10D0276_H0278:119a-13	pas klu'i rgyal po ma dros pa ni klu'i bgrang	ba_0 klu_4 rgyal_10 po_16 ma_19 dro_22 ba_27 ni_30 klu_33 bgrong_39 
K10D0276_H0278:119a-14	bar yang 'gro la klu'i nyes pa gsum gyis kyang	ba_0 yang_4 'gro_9 la_14 klu_17 nyes_23 ba_28 gsum_31 gyis_36 kyang_41 
K10D0276_H0278:119a-15	gos par mi 'gyur ro //	gos_0 ba_4 mi_8 'gyur_11 ro_17 
K10D0276_H0278:119a-16	gsum gang zhe na /	gsum_0 gang_5 zhe_10 na_14 
K10D0276_H0278:119a-17	mgo la bye tshan mi 'bab pa dang /	mgo_0 la_4 'bye_7 tshan_11 mi_17 'bab_20 ba_25 dang_28 
K10D0276_H0278:119a-18	skyob po'i lus dang lhan cig tu kun tu mi gnas pa dang /	skyob_0 po_6 lus_11 dang_15 lhan_20 cig_25 tu_29 kun_32 tu_36 mi_39 gnas_42 ba_47 dang_50 
K10D0276_H0278:119a-19	de la nam mkha' lding gi 'jigs pa mi 'byung ba ste /	de_0 la_3 nam_6 mkha'_10 lding_16 gi_22 'jigs_25 ba_31 mi_34 'byung_37 ba_44 ste_47 
K10D0276_H0278:119a-20	rigs kyi bu /	rigs_0 kyi_5 bu_9 
K10D0276_H0278:119a-21	klu'i skyon gsum po de dag gis gos par mi 'gyur ro //	klu_0 skyon_6 gsum_12 po_17 de_20 'dag_23 gis_27 gos_31 ba_35 mi_39 'gyur_42 ro_48 
K10D0276_H0278:119a-22	rigs kyi bu /	rigs_0 kyi_5 bu_9 
K10D0276_H0278:119a-23	de bzhin du byang chub sems dpa' sems dpa' chen po rtsed mo dang /	de_0 bzhin_3 du_9 byang_12 chub_18 sems_23 dpa'_28 sems_33 dpa'_38 chen_43 po_48 rtsed_51 mo_57 dang_60 
K10D0276_H0278:119a-24	dga' ba thams cad nyams su myong bar byed kyang	dga'_0 ba_5 thams_8 cad_14 nyams_18 su_24 myong_27 ba_33 byed_37 kyang_42 
K10D0276_H0278:119a-25	srid pa gsum du 'dod pa dang; nyon mongs pa	srid_0 ba_5 gsum_8 du_13 'dod_16 ba_21 dang;_24 nyon_30 mongs_35 ba_41 
K10D0276_H0278:119a-26	dang / sdug bsngal rnams kyis zil gyis mi non par brjod par bya'o //	dang_0 sdug_7 sngal_12 rnams_19 kyis_25 zil_30 gyis_34 mi_39 non_42 ba_46 rjod_50 ba_56 byed_60 
K10D0276_H0278:119a-27	rigs kyi bu /	rigs_0 kyi_5 bu_9 
K10D0276_H0278:119a-28	'di lta ste /	'di_0 lta_4 ste_8 
K10D0276_H0278:119a-29	dper na /	dper_0 na_5 
K10D0276_H0278:119b-0	sems can gyi ris nya pa zhes bya ba yod @119b do; ;de ni chu la spyod /	sems_0 can_5 gyi_9 ris_13 nya_17 ba_21 zhes_24 byed_29 ba_33 yod_36 do;_46 ;de_50 ni_54 chu_57 la_61 spyod_64 
K10D0276_H0278:119b-1	chu la blta'ang der 'chi ba'i dus byed par mi 'gyur ro //	chu_0 la_4 lta_7 der_16 'chi_20 ba_25 dus_30 byed_34 ba_39 mi_43 'gyur_46 ro_52 
K10D0276_H0278:119b-2	rigs kyi bu /	rigs_0 kyi_5 bu_9 
K10D0276_H0278:119b-3	de bzhin du byang chub sems dpa' sems dpa' chen	de_0 bzhin_3 du_9 byang_12 chub_18 sems_23 dpa'_28 sems_33 dpa'_38 chen_43 
K10D0276_H0278:119b-4	po 'khor ba na spyod kyang de nyid du byis	po_0 'khor_3 ba_9 na_12 spyod_15 kyang_21 de_27 nyid_30 du_35 byis_38 
K10D0276_H0278:119b-5	pa'i spyod pa la gnas nas ye shes kyi spyod	ba_0 spyod_5 ba_11 la_14 gnas_17 nas_22 ye_26 shes_29 kyi_34 spyod_38 
K10D0276_H0278:119b-6	pa tshol lo // chos yang dag par blangs pas kyang rmongs par mi 'gyur ro //	ba_0 tshol_3 lo_9 chos_15 yang_20 'dag_25 ba_29 blangs_33 ba_40 kyang_44 rmongs_50 ba_57 mi_61 'gyur_64 ro_70 
K10D0276_H0278:119b-7	byis pa dang lhan cig tu gnas pas srid pa	byis_0 ba_5 dang_8 lhan_13 cig_18 tu_22 gnas_25 ba_30 srid_34 ba_39 
K10D0276_H0278:119b-8	gsum gyi sdug bsngal nyams su myong bar yang mi	gsum_0 gyi_5 sdug_9 sngal_14 nyams_21 su_27 myong_30 ba_36 yang_40 mi_45 
K10D0276_H0278:119b-9	'gyur ro // de bas na byang chub sems dpa' sems dpa' chen pos bdag bsrung bar bya'o //	'gyur_0 ro_6 de_12 ba_15 na_19 byang_22 chub_28 sems_33 dpa'_38 sems_43 dpa'_48 chen_53 pos_58 bdag_62 bsrung_67 ba_74 byed_78 
K10D0276_H0278:119b-10	de nas de'i tshe bcom ldan 'das kyis tshigs su bcad pa 'di dag bka' stsal to //	de_0 nas_3 de_7 tshe_12 'joms_17 ldan_22 'da'_27 kyis_32 tshigs_37 su_44 gcod_47 ba_52 'di_55 'dag_59 bka'_63 stsal_68 to_74 
K10D0276_H0278:119b-11	bde bar gshegs pa gang zhig mchod bya dang //	bde_0 ba_4 gshegs_8 ba_15 gang_18 'jig_23 mchod_28 byed_34 dang_38 
K10D0276_H0278:119b-12	de la gang zhig phyag kyang 'tshal 'dod pa //	de_0 la_3 gang_6 'jig_11 phyag_16 kyang_22 'tshal_28 'dod_35 ba_40 
K10D0276_H0278:119b-13	des 'dir bde gshegs sras rnams mchod par bya //	des_0 'dir_4 bde_9 gshegs_13 sras_20 rnams_25 mchod_31 ba_37 byed_41 
K10D0276_H0278:119b-14	'di ni rgyal ba rnams la mchod pa mchog /	'di_0 ni_4 rgyal_7 ba_13 rnams_16 la_22 mchod_25 ba_31 mchog_34 
K10D0276_H0278:119b-15	nga yi gos dang lhung gzed gding ba dang //	nga_0 yi_4 gos_7 dang_11 lhung_16 gzed_22 'ding_27 ba_33 dang_36 
K10D0276_H0278:119b-16	mal cha dang ni 'chags gang yin pa //	mal_0 cha_4 dang_8 ni_13 'chag_16 gang_23 yin_28 ba_32 
K10D0276_H0278:119b-17	gang dag byang chub don du brtson byed pa //	gang_0 'dag_5 byang_9 chub_15 don_20 du_24 brtson_27 byed_34 ba_39 
K10D0276_H0278:119b-18	de dag la ni nga yis gnang ba yin //	de_0 'dag_3 la_7 ni_10 nga_13 yis_17 gnang_21 ba_27 yin_30 
K10D0276_H0278:119b-19	'di ltar mi mchog sangs rgyas thams cad kyang //	'di_0 ltar_4 mi_9 mchog_12 sangs_18 rgya_24 thams_30 cad_36 kyang_40 
K10D0276_H0278:119b-20	de las nges par shin tu byung ba'i phyir //	de_0 las_3 nges_7 ba_12 shin_16 tu_21 'byung_24 ba_30 phyir_35 
K10D0276_H0278:119b-21	sangs rgyas rnams la ji ltar mchod bya ba //	sangs_0 rgya_6 rnams_12 la_18 ji_21 ltar_24 mchod_29 byed_35 ba_39 
K10D0276_H0278:119b-22	de bzhin de dag la yang mchod par bya //	de_0 bzhin_3 de_9 'dag_12 la_16 yang_19 mchod_24 ba_30 byed_34 
K10D0276_H0278:119b-23	de dang de dag mgon dang mkhas pa ste //	de_0 dang_3 de_8 'dag_11 mgon_15 dang_20 mkhas_25 ba_31 ste_34 
K10D0276_H0278:119b-24	long ba rnams la mig kyang sbyin par byed //	long_0 ba_5 rnams_8 la_14 mig_17 kyang_21 sbyin_27 ba_33 byed_37 
K10D0276_H0278:119b-25	lam la rmongs pa rnams kyi ston pa ste //	lam_0 la_4 rmongs_7 ba_14 rnams_17 kyi_23 ston_27 ba_32 ste_35 
K10D0276_H0278:120a-0	'chi ba med pa'i phyogs su @120a *//	'chi_0 ba_5 med_8 ba_12 phyogs_17 su_24 
K10D0276_H0278:120a-1	'dren pa yin //	bgrang_0 ba_6 yin_9 
K10D0276_H0278:120a-2	gal te sems can rnams kyis de dag la //	gal_0 te_4 sems_7 can_12 rnams_16 kyis_22 de_27 'dag_30 la_34 
K10D0276_H0278:120a-3	rtag tu dga' bas longs spyod kun byin yang //	rtag_0 tu_5 dga'_8 ba_13 longs_17 spyod_23 kun_29 byin_33 yang_38 
K10D0276_H0278:120a-4	de dag rnams kyi dang po'i sems brten pa //	de_0 'dag_3 rnams_7 kyi_13 dang_17 po_22 sems_27 rten_32 ba_38 
K10D0276_H0278:120a-5	de la'ang lan glan byas par mi 'gyur ro //	de_0 la_3 lan_10 glan_14 byed_19 ba_24 mi_28 'gyur_31 ro_37 
K10D0276_H0278:120a-6	de nas bcom ldan 'das la byang chub sems dpa'	de_0 nas_3 'joms_7 ldan_12 'da'_17 la_22 byang_25 chub_31 sems_36 dpa'_41 
K10D0276_H0278:120a-7	sems dpa' chen po bag tsha ba med par gnas	sems_0 dpa'_5 chen_10 po_15 bag_18 tsha_22 ba_27 med_30 ba_34 gnas_38 
K10D0276_H0278:120a-8	pas 'di skad ces gsol to //	ba_0 'di_4 skad_8 ces_13 gsol_17 to_22 
K10D0276_H0278:120a-9	bcom ldan 'das /	'joms_0 ldan_5 'da'_10 
K10D0276_H0278:120a-10	byang chub sems dpa' de dag gi las kyi sgrib	byang_0 chub_6 sems_11 dpa'_16 de_21 'dag_24 gi_28 las_31 kyi_35 sgrib_39 
K10D0276_H0278:120a-11	pa de gang gis rnam par dag par 'gyur ba'i	ba_0 de_3 gang_6 gis_11 rnam_15 ba_20 'dag_24 ba_28 'gyur_32 ba_38 
K10D0276_H0278:120a-12	rnam grangs 'ga' zhig mchis lags sam /	rnam_0 grangs_5 'ga'_12 'jig_17 mchis_22 lags_28 sam_33 
K10D0276_H0278:120a-13	bka' stsal pa /	bka'_0 stsal_5 ba_11 
K10D0276_H0278:120a-14	yod de /	yod_0 de_4 
K10D0276_H0278:120a-15	bag tsha ba med par gnas pa /	bag_0 tsha_4 ba_9 med_12 ba_16 gnas_20 ba_25 
K10D0276_H0278:120a-16	gal te rig kyi bu de dag rab tu byung	gal_0 te_4 rig_7 kyi_11 bu_15 de_18 'dag_21 rab_25 tu_29 'byung_32 
K10D0276_H0278:120a-17	nas gzungs sngags kyi gzhi dag zlos par byed na'o	nas_0 gzungs_4 sngags_11 kyi_18 gzhi_22 'dag_27 zlos_31 ba_36 byed_40 na_45 
K10D0276_H0278:120a-18	// sy'ad ya thed na /	sy_3 ya_9 thed_12 na_17 
K10D0276_H0278:120a-19	aa datstsha /	aa_0 datstsha_3 
K10D0276_H0278:120a-20	aa da tstsha ba ti /	aa_0 da_3 tstsha_6 ba_13 ti_16 
K10D0276_H0278:120a-21	aa n'a bi le /	aa_0 n_3 bi_7 le_10 
K10D0276_H0278:120a-22	aa k'e she /	aa_0 k_3 she_7 
K10D0276_H0278:120a-23	aa kri te /	aa_0 kri_3 te_7 
K10D0276_H0278:120a-24	aa n'a y'u he /	aa_0 n_3 y_7 he_11 
K10D0276_H0278:120a-25	aa be /	aa_0 be_3 
K10D0276_H0278:120a-26	aa pa dzi ra te /	aa_0 ba_3 dzi_6 ra_10 te_13 
K10D0276_H0278:120a-27	bha ba tu /	bha_0 ba_4 tu_7 
K10D0276_H0278:120a-28	aam ga mi /	aam_0 ga_4 mi_7 
K10D0276_H0278:120a-29	yu t'a dzny'a pa /	yu_0 t_3 dzny_7 ba_14 
K10D0276_H0278:120a-30	pra kshi be /	pra_0 kshi_4 be_9 
K10D0276_H0278:120a-31	ni rga te /	ni_0 rga_3 te_7 
K10D0276_H0278:120a-32	au gra he /	au_0 gra_3 he_7 
K10D0276_H0278:120a-33	hu hu me /	hu_0 hu_3 me_6 
K10D0276_H0278:120a-34	tsa ba le /	tsa_0 ba_4 le_7 
K10D0276_H0278:120a-35	sa de /	sa_0 de_3 
K10D0276_H0278:120a-36	sa me /	sa_0 me_3 
K10D0276_H0278:120a-37	sa ma de /	sa_0 ma_3 de_6 
K10D0276_H0278:120a-38	yo ti /	yo_0 ti_3 
K10D0276_H0278:120a-39	na yo /	na_0 yo_3 
K10D0276_H0278:120a-40	pa ri sho dhi /	ba_0 ri_3 sho_6 dhi_10 
K10D0276_H0278:120a-41	rigs kyi bu'am /	rigs_0 kyi_5 bu_9 
K10D0276_H0278:120a-42	rigs kyi bu mo de dag gis gzungs sngags kyi gzhi 'di dag bzlas la /	rigs_0 kyi_5 bu_9 mo_12 de_15 'dag_18 gis_22 gzungs_26 sngags_33 kyi_40 gzhi_44 'di_49 'dag_53 bzlas_57 la_63 
K10D0276_H0278:120a-43	zhag bdun du 'dzin pa med pa dang /	zhag_0 bdun_5 du_10 'dzin_13 ba_19 med_22 ba_26 dang_29 
K10D0276_H0278:120a-44	'jog pa med pa dang /	'jog_0 ba_5 med_8 ba_12 dang_15 
K10D0276_H0278:120a-45	gzugs med pa dang /	gzugs_0 med_6 ba_10 dang_13 
K10D0276_H0278:120a-46	rnam par rtog pa med pa dang /	rnam_0 ba_5 rtogs_9 ba_14 med_17 ba_21 dang_24 
K10D0276_H0278:120a-47	rab tu dang ba med pa dang /	rab_0 tu_4 dang_7 ba_12 med_15 ba_19 dang_22 
K10D0276_H0278:120a-48	yun ring du 'gro ba med pa dang /	yun_0 ring_4 du_9 'gro_12 ba_17 med_20 ba_24 dang_27 
K10D0276_H0278:120a-49	byed pa med pa dang /	byed_0 ba_5 med_8 ba_12 dang_15 
K10D0276_H0278:120a-50	gos pa med pa dang; mnyam pa'i sems dang bral ba dang /	gos_0 ba_4 med_7 ba_11 dang;_14 mnyam_20 ba_26 sems_31 dang_36 'bral_41 ba_46 dang_49 
K10D0276_H0278:120a-51	phung po lnga dang bral ba dang /	'phung_0 po_6 lnga_9 dang_14 'bral_19 ba_24 dang_27 
K10D0276_H0278:120a-52	mi bzod pa med pa'i tshul gyis sangs rgyas rjes	mi_0 bzod_3 ba_8 med_11 ba_15 tshul_20 gyis_26 sangs_31 rgya_37 rjes_43 
K10D0276_H0278:120a-53	su dran pa'i ting nge 'dzin bsgom par bya dgos	su_0 dran_3 ba_8 ting_13 nge_18 'dzin_22 bsgom_28 ba_34 byed_38 dgos_42 
K10D0276_H0278:120b-0	te / de ni de dag phyogs bcu'i sangs @120b rgyas stong gi zhal mthong bar byed pa dang /	te_0 de_5 ni_8 de_11 'dag_14 phyogs_18 'chu_25 sangs_31 rgya_43 stong_49 gi_55 zhal_58 mthong_63 ba_70 byed_74 ba_79 dang_82 
K10D0276_H0278:120b-1	nyes pa 'chags su 'jug par byed pa'o //	nyes_0 ba_5 'chag_8 su_15 'jug_18 ba_23 byed_27 ba_32 
K10D0276_H0278:120b-2	de nas rigs kyi bu de dag gis rab tu byung ste /	de_0 nas_3 rigs_7 kyi_12 bu_16 de_19 'dag_22 gis_26 rab_30 tu_34 'byung_37 ste_43 
K10D0276_H0278:120b-3	gsang sngags kyi gzhi 'di dag bzlas nas zhag bdun du brtson par 'dzin pa med pa dang /	gsang_0 sngags_6 kyi_13 gzhi_17 'di_22 'dag_26 bzlas_30 nas_36 zhag_40 bdun_45 du_50 brtson_53 ba_60 'dzin_64 ba_70 med_73 ba_77 dang_80 
K10D0276_H0278:120b-4	gzugs med pa dang /	gzugs_0 med_6 ba_10 dang_13 
K10D0276_H0278:120b-5	rnam par rtog pa med pa dang /	rnam_0 ba_5 rtogs_9 ba_14 med_17 ba_21 dang_24 
K10D0276_H0278:120b-6	rab tu dang ba med pa dang /	rab_0 tu_4 dang_7 ba_12 med_15 ba_19 dang_22 
K10D0276_H0278:120b-7	yun ring du 'gro ba med pa dang /	yun_0 ring_4 du_9 'gro_12 ba_17 med_20 ba_24 dang_27 
K10D0276_H0278:120b-8	byed pa med pa dang /	byed_0 ba_5 med_8 ba_12 dang_15 
K10D0276_H0278:120b-9	gos pa med pa dang /	gos_0 ba_4 med_7 ba_11 dang_14 
K10D0276_H0278:120b-10	mnyam pa'i sems dang bral ba dang /	mnyam_0 ba_6 sems_11 dang_16 'bral_21 ba_26 dang_29 
K10D0276_H0278:120b-11	phung po lnga dang bral ba dang /	'phung_0 po_6 lnga_9 dang_14 'bral_19 ba_24 dang_27 
K10D0276_H0278:120b-12	mi bzod pa med pa'i tshul gyis sangs rgyas rjes	mi_0 bzod_3 ba_8 med_11 ba_15 tshul_20 gyis_26 sangs_31 rgya_37 rjes_43 
K10D0276_H0278:120b-13	su dran pa'i ting nge 'dzin bsgom par bya dgos	su_0 dran_3 ba_8 ting_13 nge_18 'dzin_22 bsgom_28 ba_34 byed_38 dgos_42 
K10D0276_H0278:120b-14	te de dag ni phyogs bcu'i sangs rgyas stong gi	te_0 de_3 'dag_6 ni_10 phyogs_13 'chu_20 sangs_26 rgya_32 stong_38 gi_44 
K10D0276_H0278:120b-15	zhal mthong bar byed pa dang /	zhal_0 mthong_5 ba_12 byed_16 ba_21 dang_24 
K10D0276_H0278:120b-16	nyes pa 'chags su 'jug par byed pa'o //	nyes_0 ba_5 'chag_8 su_15 'jug_18 ba_23 byed_27 ba_32 
K10D0276_H0278:120b-17	de nas rigs kyi bu de dag gis rab tu	de_0 nas_3 rigs_7 kyi_12 bu_16 de_19 'dag_22 gis_26 rab_30 tu_34 
K10D0276_H0278:120b-18	byung ste gsang sngags kyi gzhi 'di dag bzlas nas	'byung_0 ste_6 gsang_10 sngags_16 kyi_23 gzhi_27 'di_32 'dag_36 bzlas_40 nas_46 
K10D0276_H0278:120b-19	zhag bdun du brtson par 'dzin pa med pa la	zhag_0 bdun_5 du_10 brtson_13 ba_20 'dzin_24 ba_30 med_33 ba_37 la_40 
K10D0276_H0278:120b-20	sogs pas sangs rgyas rjes su dran pa'i ting nge	sogs_0 ba_5 sangs_9 rgya_15 rjes_21 su_26 dran_29 ba_34 ting_39 nge_44 
K10D0276_H0278:120b-21	'dzin bsgoms te / sangs rgyas stong yang mthong ngo //	'dzin_0 sgom_6 te_13 sangs_18 rgya_24 stong_30 yang_36 mthong_41 ngo_48 
K10D0276_H0278:120b-22	las kyi sgrib pa de'ang bshags so //	las_0 kyi_4 sgrib_8 ba_14 de_17 'chags_24 so_31 
K10D0276_H0278:120b-23	de nyid kyi tshe thams cad sgrub pa'i ye shes kyi sgo zhes bya ba'i gzungs kyang thob bo //	de_0 nyid_3 kyi_8 tshe_12 thams_17 cad_23 sgrub_27 ba_33 ye_38 shes_41 kyi_46 sgo_50 zhes_54 byed_59 ba_63 gzungs_68 kyang_75 'thob_81 'bo_86 
K10D0276_H0278:120b-24	'khor ba las bskal pa sum cu'ang phyir bsnyil lo //	'khor_0 ba_6 las_9 bskal_13 ba_19 sum_22 cu_26 phyir_33 snyil_39 lo_46 
K10D0276_H0278:120b-25	bla na med pa yang dag par rdzogs pa'i byang chub las kyang phyir mi ldog par gyur to //	bla_0 na_4 med_7 ba_11 yang_14 'dag_19 ba_23 rdzogs_27 ba_34 byang_39 chub_45 las_50 kyang_54 phyir_60 mi_66 ldog_69 ba_74 gyur_78 to_83 
K10D0276_H0278:120b-26	bag tsha ba med par gnas pa /	bag_0 tsha_4 ba_9 med_12 ba_16 gnas_20 ba_25 
K10D0276_H0278:120b-27	de la gang rgyal po zla bas byin zhes bya	de_0 la_3 gang_6 rgyal_11 po_17 zla_20 ba_24 byin_28 zhes_33 byed_38 
K10D0276_H0278:120b-28	ba gang gis chos smra ba de la mchod pa	ba_0 gang_3 gis_8 chos_12 smra_17 ba_22 de_25 la_28 mchod_31 ba_37 
K10D0276_H0278:120b-29	byas par gyur pa de ni de bzhin gshegs pa	byed_0 ba_5 gyur_9 ba_14 de_17 ni_20 de_23 bzhin_26 gshegs_32 ba_39 
K10D0276_H0278:120b-30	dgra bcom pa yang dag par rdzogs pa'i sangs rgyas	dgra_0 'joms_5 ba_10 yang_13 'dag_18 ba_22 rdzogs_26 ba_33 sangs_38 rgya_44 
K10D0276_H0278:120b-31	tshe dpag tu med pa yin te /	tshe_0 dpog_5 tu_10 med_13 ba_17 yin_20 te_24 
K10D0276_H0278:120b-32	de'i tshe de'i dus na rgyal po zla bas byin par gyur to //	de_0 tshe_5 de_10 dus_15 na_19 rgyal_22 po_28 zla_31 ba_35 byin_39 ba_44 gyur_48 to_53 
K10D0276_H0278:121a-0	gang @121a *//	gang_0 
K10D0276_H0278:121a-1	spobs pa brtsegs pa zhes bya ba chos smra ba	spobs_0 ba_6 brtsegs_9 ba_17 zhes_20 byed_25 ba_29 chos_32 smra_37 ba_42 
K10D0276_H0278:121a-2	byung ba de ni de bzhin gshegs pa dgra bcom	'byung_0 ba_6 de_9 ni_12 de_15 bzhin_18 gshegs_24 ba_31 dgra_34 'joms_39 
K10D0276_H0278:121a-3	pa yang dag par rdzogs pa'i sangs rgyas mi 'khrugs	ba_0 yang_3 'dag_8 ba_12 rdzogs_16 ba_23 sangs_28 rgya_34 mi_40 'khrugs_43 
K10D0276_H0278:121a-4	pa yin te / de'i tshe de'i dus na chos	ba_0 yin_3 te_7 de_12 tshe_17 de_22 dus_27 na_31 chos_34 
K10D0276_H0278:121a-5	smra ba spobs pa brtsegs pa zhes bya bar gyur	smra_0 ba_5 spobs_8 ba_14 brtsegs_17 ba_25 zhes_28 byed_33 ba_37 gyur_41 
K10D0276_H0278:121a-6	pa yin te / to // gang dag khyim pa	ba_0 yin_3 te_7 to_12 gang_18 'dag_23 khyim_27 ba_33 
K10D0276_H0278:121a-7	shing s'a la chen po lta bu'i gzhon nur gyur	shing_0 s_6 la_10 chen_13 po_18 lta_21 bu_25 gzhon_30 nur_36 gyur_40 
K10D0276_H0278:121a-8	pa bcu po de dag ni rigs kyi bu 'di	ba_0 'chu_3 po_7 de_10 'dag_13 ni_17 rigs_20 kyi_25 bu_29 'di_32 
K10D0276_H0278:121a-9	pa yin te / to // dag yin te /	ba_0 yin_3 te_7 to_12 'dag_18 yin_22 te_26 
K10D0276_H0278:121a-10	de'i tshe de'i dus na gang dag gis chos smra	de_0 tshe_5 de_10 dus_15 na_19 gang_22 'dag_27 gis_31 chos_35 smra_40 
K10D0276_H0278:121a-11	ba spobs pa brtsegs pa de la 'chal pa'i tshul	ba_0 spobs_3 ba_9 brtsegs_12 ba_20 de_23 la_26 'chal_29 ba_35 tshul_40 
K10D0276_H0278:121a-12	khrims kyis glengs pa ste /	khrims_0 kyis_7 gleng_12 ba_19 ste_22 
K10D0276_H0278:121a-13	khyim bdag shing s'a la chen po lta bu'i gzhon nu bcu por gyur to //	khyim_0 bdag_6 shing_11 s_17 la_21 chen_24 po_29 lta_32 bu_36 gzhon_41 nu_47 'chu_50 por_54 gyur_58 to_63 
K10D0276_H0278:121a-14	rigs kyi bu /	rigs_0 kyi_5 bu_9 
K10D0276_H0278:121a-15	de lta bas na byang chub sems dpa' ji ltar gnas pas gnas kyang rung ste /	de_0 lta_3 ba_7 na_11 byang_14 chub_20 sems_25 dpa'_30 ji_35 ltar_38 gnas_43 ba_48 gnas_52 kyang_57 rung_63 ste_68 
K10D0276_H0278:121a-16	byang chub sems dpas srog gi phyir yang 'khrul pa la lta bar mi bya'o //	byang_0 chub_6 sems_11 dpas_16 srog_21 gi_26 phyir_29 yang_35 'khrul_40 ba_47 la_50 lta_53 ba_57 mi_61 byed_64 
K10D0276_H0278:121a-17	de ci'i phyir zhe na /	de_0 ci_3 phyir_8 zhe_14 na_18 
K10D0276_H0278:121a-18	rigs kyi bu /	rigs_0 kyi_5 bu_9 
K10D0276_H0278:121a-19	chos bzhi po 'di dag ni byang chub sems dpa'	chos_0 bzhi_5 po_10 'di_13 'dag_17 ni_21 byang_24 chub_30 sems_35 dpa'_40 
K10D0276_H0278:121a-20	rnams kyi byang chub yongs su spyod par byed pa'i	rnams_0 kyi_6 byang_10 chub_16 yongs_21 su_27 spyod_30 ba_36 byed_40 ba_45 
K10D0276_H0278:121a-21	phyir ro // bzhi gang zhe na /	phyir_0 ro_6 bzhi_12 gang_17 zhe_22 na_26 
K10D0276_H0278:121a-22	stong pa nyid sgom pa dang /	stong_0 ba_6 nyid_9 sgom_14 ba_19 dang_22 
K10D0276_H0278:121a-23	sems can thams cad la zhe 'dras pa med pa'i sems dang /	sems_0 can_5 thams_9 cad_15 la_19 zhe_22 'dras_26 ba_32 med_35 ba_39 sems_44 dang_49 
K10D0276_H0278:121a-24	byang chub sems dpa' rnams la rtag tu phan pa nye bar sgrub pa dang /	byang_0 chub_6 sems_11 dpa'_16 rnams_21 la_27 rtag_30 tu_35 phan_38 ba_43 nye_46 ba_50 sgrub_54 ba_60 dang_63 
K10D0276_H0278:121a-25	zang zing med pa'i sems kyis chos sbyin pa yang dag par bstan pa ste /	zang_0 zing_5 med_10 ba_14 sems_19 kyis_24 chos_29 sbyin_34 ba_40 yang_43 'dag_48 ba_52 ston_56 ba_62 ste_65 
K10D0276_H0278:121a-26	rigs kyi bu /	rigs_0 kyi_5 bu_9 
K10D0276_H0278:121a-27	chos bzhi po de dag ni /	chos_0 bzhi_5 po_10 de_13 'dag_16 ni_20 
K10D0276_H0278:121a-28	byang chub sems dpa' sems dpa' chen po rnams kyis byang chub yongs su sbyong bar byed pa'o //	byang_0 chub_6 sems_11 dpa'_16 sems_21 dpa'_26 chen_31 po_36 rnams_39 kyis_45 byang_50 chub_56 yongs_61 su_67 sbyong_70 ba_77 byed_81 ba_86 
K10D0276_H0278:121a-29	de nas bcom ldan 'das kyis don de nyid tshigs su bcad pa 'di dag gis bka' stsal to //	de_0 nas_3 'joms_7 ldan_12 'da'_17 kyis_22 don_27 de_31 nyid_34 tshigs_39 su_46 gcod_49 ba_54 'di_57 'dag_61 gis_65 bka'_69 stsal_74 to_80 
K10D0276_H0278:121a-30	rgyal bas gang gis de dag rnam dag pa //	rgyal_0 ba_6 gang_10 gis_15 de_19 'dag_22 rnam_26 'dag_31 ba_35 
K10D0276_H0278:121b-0	stong la mos pa lam gyi @121b dang por gsungs //	stong_0 la_6 mos_9 ba_13 lam_16 gyi_20 dang_30 por_35 gsungs_39 
K10D0276_H0278:121b-1	de la rtag tu bag yod gang gnas pa //	de_0 la_3 rtag_6 tu_11 bag_14 yod_18 gang_22 gnas_27 ba_32 
K10D0276_H0278:121b-2	de ni sangs rgyas thob nas 'jig rten snang //	de_0 ni_3 sangs_6 rgya_12 'thob_18 nas_23 'jig_27 rten_32 snang_37 
K10D0276_H0278:121b-3	sems can kun la rtag tu dang ba dang //	sems_0 can_5 kun_9 la_13 rtag_16 tu_21 dang_24 ba_29 dang_32 
K10D0276_H0278:121b-4	gang la'ang kva zhes brjod par mi 'dod cing //	gang_0 la_5 kva_12 zhes_16 rjod_21 ba_27 mi_31 'dod_34 cing_39 
K10D0276_H0278:121b-5	nga rgyal spangs nas skye bo rnams la bzod //	nga_0 rgyal_4 spong_10 nas_17 skye_21 'bo_26 rnams_29 la_35 bzod_38 
K10D0276_H0278:121b-6	'di ni sbyong bar byed pa'i lam gnyis pa'o //	'di_0 ni_4 sbyong_7 ba_14 byed_18 ba_23 lam_28 gnyis_32 ba_38 
K10D0276_H0278:121b-7	sdug pa'i dngos po dri med gang ci'ang rung //	sdug_0 ba_5 dngos_10 po_16 'dri_19 med_23 gang_27 ci_32 rung_39 
K10D0276_H0278:121b-8	byang chub mchog brtson rnams la de sbyin zhing //	byang_0 chub_6 mchog_11 brtson_17 rnams_24 la_30 de_33 sbyin_36 zhing_42 
K10D0276_H0278:121b-9	de dag las ni lan 'dod mi bya ste //	de_0 'dag_3 las_7 ni_11 lan_14 'dod_18 mi_23 byed_26 ste_30 
K10D0276_H0278:121b-10	byang chub rab mchog gi ni lam gsum pa'o //	byang_0 chub_6 rab_11 mchog_15 gi_21 ni_24 lam_27 gsum_31 ba_36 
K10D0276_H0278:121b-11	snying rje can gyis nges par skye bo la //	snying_0 rje_7 can_11 gyis_15 nges_20 ba_25 skye_29 'bo_34 la_37 
K10D0276_H0278:121b-12	zang zing med par rtag tu chos spyan zhing; ;lhag pa'i bsam pa yis ni snying brtse ba //	zang_0 zing_5 med_10 ba_14 rtag_18 tu_23 chos_26 spyan_31 zhing;_37 ;lhag_44 ba_50 bsam_55 ba_60 yis_63 ni_67 snying_70 brtse_77 ba_83 
K10D0276_H0278:121b-13	de bzhin mkhas pas spyod pa'i lam bzhi pa'o //	de_0 bzhin_3 mkhas_9 ba_15 spyod_19 ba_25 lam_30 bzhi_34 ba_39 
K10D0276_H0278:121b-14	rigs kyi bu /	rigs_0 kyi_5 bu_9 
K10D0276_H0278:121b-15	gzhan yang /	gzhan_0 yang_6 
K10D0276_H0278:121b-16	byang chub sems dpa' sems dpa' chen po gzungs la	byang_0 chub_6 sems_11 dpa'_16 sems_21 dpa'_26 chen_31 po_36 gzungs_39 la_46 
K10D0276_H0278:121b-17	sbyor bar byas pas ni dgon pa la bstan par	sbyor_0 ba_6 byed_10 ba_15 ni_19 dgon_22 ba_27 la_30 ston_33 ba_39 
K10D0276_H0278:121b-18	bya / chos nyan du 'gro bar bya /	byed_0 chos_6 nyan_11 du_16 'gro_19 ba_24 byed_28 
K10D0276_H0278:121b-19	gos gtsang ma dag bcang bar bya /	gos_0 gtsang_4 ma_11 'dag_14 'chang_18 ba_24 byed_28 
K10D0276_H0278:121b-20	gcig pu gnas par bya /	gcig_0 pu_5 gnas_8 ba_13 byed_17 
K10D0276_H0278:121b-21	spyod lam bzhis gnas par bya //	spyod_0 lam_6 bzhis_10 gnas_16 ba_21 byed_25 
K10D0276_H0278:121b-22	chos smra ba rnams la sna tshogs sbyin pa bsgrub pa'i bsam pa la sbyor ba dang /	chos_0 smra_5 ba_10 rnams_13 la_19 sna_22 tshogs_26 sbyin_33 ba_39 sgrub_42 ba_49 bsam_54 ba_59 la_62 sbyor_65 ba_71 dang_74 
K10D0276_H0278:121b-23	mos par bya /	mos_0 ba_4 byed_8 
K10D0276_H0278:121b-24	dkon mchog gsum la gus pa dang bcas par bya /	dkon(d)_0 mchog_5 gsum_11 la_16 gus_19 ba_23 dang_26 'cha'_31 ba_36 byed_40 
K10D0276_H0278:121b-25	gzhan gyi dbang du mi 'gyur bar bya /	gzhan_0 gyi_6 dbang_10 du_16 mi_19 'gyur_22 ba_28 byed_32 
K10D0276_H0278:121b-26	yongs su mi skyo ba dang /	yongs_0 su_6 mi_9 skyo_12 ba_17 dang_20 
K10D0276_H0278:121b-27	rtag tu brtson 'grus brtsams pa dang /	rtag_0 tu_5 brtson_8 'grus_15 brtsams_21 ba_29 dang_32 
K10D0276_H0278:121b-28	g-yo med pa dang /	g-yo_0 med_5 ba_9 dang_12 
K10D0276_H0278:121b-29	sangs rgyas rjes su dran pa dang ma bral ba dang /	sangs_0 rgya_6 rjes_12 su_17 dran_20 ba_25 dang_28 ma_33 'bral_36 ba_41 dang_44 
K10D0276_H0278:121b-30	mi dmigs pa dang /	mi_0 dmigs_3 ba_9 dang_12 
K10D0276_H0278:122a-0	mtshan ma med pa legs @122a *//	mtshan_0 ma_7 med_10 ba_14 legs_17 
K10D0276_H0278:122a-1	par bsgom pa dang /	ba_0 bsgom_4 ba_10 dang_13 
K10D0276_H0278:122a-2	ji skad smras pa de bzhin du byed par bya /	ji_0 skad_3 smras_8 ba_14 de_17 bzhin_20 du_26 byed_29 ba_34 byed_38 
K10D0276_H0278:122a-3	sangs rgyas la gsol ba gdab par mos par bya /	sangs_0 rgya_6 la_12 gsol_15 ba_20 gdab_23 ba_28 mos_32 ba_36 byed_40 
K10D0276_H0278:122a-4	nyes pa bshags pa dang /	nyes_0 ba_5 'chags_8 ba_15 dang_18 
K10D0276_H0278:122a-5	rjes su yi rang ba dang /	rjes_0 su_5 yi_8 rang_11 ba_16 dang_19 
K10D0276_H0278:122a-6	yongs su bsngo ba la mkhas par bya /	yongs_0 su_6 sngo_9 ba_15 la_18 mkhas_21 ba_27 byed_31 
K10D0276_H0278:122a-7	ma brtags pa'i spyod lam du mi bya /	ma_0 rtog_3 ba_10 spyod_15 lam_21 du_25 mi_28 byed_31 
K10D0276_H0278:122a-8	mi skrag pa dang /	mi_0 skrag_3 ba_9 dang_12 
K10D0276_H0278:122a-9	ston pa dang /	ston_0 ba_5 dang_8 
K10D0276_H0278:122a-10	bla ma la gnas bca' bas gnas par bya'o //	bla_0 ma_4 la_7 gnas_10 'chos_15 ba_20 gnas_24 ba_29 byed_33 
K10D0276_H0278:122a-11	mthun par 'dzin par bya'o //	mthun_0 ba_6 'dzin_10 ba_16 byed_20 
K10D0276_H0278:122a-12	chos de dag la yongs su mi skyo bas bsten par bya'o //	chos_0 de_5 'dag_8 la_12 yongs_15 su_21 mi_24 skyo_27 ba_32 sten_36 ba_42 byed_46 
K10D0276_H0278:122a-13	bcom ldan 'das kyis chos kyi rnam grangs 'di bshad	'joms_0 ldan_5 'da'_10 kyis_15 chos_20 kyi_25 rnam_29 grangs_34 'di_41 'chad_45 
K10D0276_H0278:122a-14	pa na srog chags sku mkhri ni sngon sems ma	ba_0 na_3 srog_6 chags_11 sku_17 mkhri_21 ni_27 sngon_30 sems_36 ma_41 
K10D0276_H0278:122a-15	bskyed pa las byang chub tu sems skyes so //	skyed_0 ba_7 las_10 byang_14 chub_20 tu_25 sems_28 skye_33 so_39 
K10D0276_H0278:122a-16	srog chags lnga stong ni chos rnams la chos kyi	srog_0 chags_5 lnga_11 stong_16 ni_22 chos_25 rnams_30 la_36 chos_39 kyi_44 
K10D0276_H0278:122a-17	mig rdul med cing dri ma dang bral ba rnam	mig_0 rdul_4 med_9 cing_13 'dri_18 ma_22 dang_25 'bral_30 ba_35 rnam_38 
K10D0276_H0278:122a-18	par dag go / byang chub sems dpa' sum khri	ba_0 'dag_4 go_8 byang_13 chub_19 sems_24 dpa'_29 sum_34 khri_38 
K10D0276_H0278:122a-19	ni mi skye ba'i chos la bzod pa skyes so	ni_0 mi_3 skye_6 ba_11 chos_16 la_21 bzod_24 ba_29 skye_32 so_38 
K10D0276_H0278:122a-20	par dag go / // chos kyi rnam grangs 'di	ba_0 'dag_4 go_8 chos_16 kyi_21 rnam_25 grangs_30 'di_37 
K10D0276_H0278:122a-21	thos pa ni byang chub sems dpa' sems dpa' chen	thos_0 ba_5 ni_8 byang_11 chub_17 sems_22 dpa'_27 sems_32 dpa'_37 chen_42 
K10D0276_H0278:122a-22	po gces spras byed pa'o //	po_0 gces_3 spras_8 byed_14 ba_19 
K10D0276_H0278:122a-23	gang gis bskal pa gangg'a'i klung gi bye ma snyed	gang_0 gis_5 bskal_9 ba_15 gangg'i_18 klung_28 gi_34 'bye_37 ma_41 snyed_44 
K10D0276_H0278:122a-24	du stong gsum gyi stong chen po'i 'jig rten gyi	du_0 stong_3 gsum_9 gyi_14 stong_18 chen_24 po_29 'jig_34 rten_39 gyi_44 
K10D0276_H0278:122a-25	khams rin po che sna bdun gyis bkang nas dkon	khams_0 rin_6 po_10 che_13 sna_17 bdun_21 gyis_26 'geng_31 nas_37 dkon(d)_41 
K10D0276_H0278:122a-26	mchog gsum la sbyin pa byin par byed la gang	mchog_0 gsum_6 la_11 sbyin_14 ba_20 byin_23 ba_28 byed_32 la_37 gang_40 
K10D0276_H0278:122a-27	zhig chos kyi rnam grangs 'di nyan par byed na	'jig_0 chos_5 kyi_10 rnam_14 grangs_19 'di_26 nyan_30 ba_35 byed_39 na_44 
K10D0276_H0278:122a-28	/ de ni de dag las mchog tu bkrabs pa'o //	de_2 ni_5 de_8 'dag_11 las_15 mchog_19 tu_25 bkrab_28 ba_35 
K10D0276_H0278:122a-29	gang zhig bskal pa stong du shes rab kyi pha	gang_0 'jig_5 bskal_10 ba_16 stong_19 du_25 shes_28 rab_33 kyi_37 pha_41 
K10D0276_H0278:122a-30	rol tu phyin pa ma gtogs par pha rol tu	rol_0 tu_4 phyin_7 ba_13 ma_16 gtogs_19 ba_25 pha_29 rol_33 tu_37 
K10D0276_H0278:122b-0	phyin pa lnga la @122b spyod par byed la /	phyin_0 ba_6 lnga_9 la_14 spyod_23 ba_29 byed_33 la_38 
K10D0276_H0278:122b-1	gang zhig chos kyi rnam grangs 'di nyan par byed	gang_0 'jig_5 chos_10 kyi_15 rnam_19 grangs_24 'di_31 nyan_35 ba_40 byed_44 
K10D0276_H0278:122b-2	na 'di ni de dag las mchog tu bkrabs pa'o	na_0 'di_3 ni_7 de_10 'dag_13 las_17 mchog_21 tu_27 bkrab_30 ba_37 
K10D0276_H0278:122b-3	// gang zhig sangs rgyas stong la snga dro dang /	gang_3 'jig_8 sangs_13 rgya_19 stong_25 la_31 snga_34 dro_39 dang_43 
K10D0276_H0278:122b-4	nyi ma phyed dang nga /	nyi_0 ma_4 phyed_7 dang_13 nga_18 
K10D0276_H0278:122b-5	phye ma red kyi dus su bsnyen bkur byed /	'byed_0 ma_5 red_8 kyi_12 dus_16 su_20 snyen_23 bkur_30 byed_35 
K10D0276_H0278:122b-6	gus par byed /	gus_0 ba_4 byed_8 
K10D0276_H0278:122b-7	rjed par byed /	rjed_0 ba_5 byed_9 
K10D0276_H0278:122b-8	mchod par byed la /	mchod_0 ba_6 byed_10 la_15 
K10D0276_H0278:122b-9	gang zhig chos kyi rnam grangs 'di nyan par byed na /	gang_0 'jig_5 chos_10 kyi_15 rnam_19 grangs_24 'di_31 nyan_35 ba_40 byed_44 na_49 
K10D0276_H0278:122b-10	'di ni de dag las mchog tu bkrabs pa'o //	'di_0 ni_4 de_7 'dag_10 las_14 mchog_18 tu_24 bkrab_27 ba_34 
K10D0276_H0278:122b-11	rigs kyi bu dag /	rigs_0 kyi_5 bu_9 'dag_12 
K10D0276_H0278:122b-12	de lta bas na chos kyi rnam grangs 'di bsrung ba dang /	de_0 lta_3 ba_7 na_11 chos_14 kyi_19 rnam_23 grangs_28 'di_35 bsrung_39 ba_46 dang_49 
K10D0276_H0278:122b-13	bcang ba dang /	'chang_0 ba_6 dang_9 
K10D0276_H0278:122b-14	bklags pa dang /	bklags_0 ba_7 dang_10 
K10D0276_H0278:122b-15	bstan pa dang /	ston_0 ba_6 dang_9 
K10D0276_H0278:122b-16	yi ger bri bar bya ba'i phyir khyed cag la gtad kyi /	yi_0 ger_3 'bri_7 ba_11 byed_15 ba_19 phyir_24 'khyed_30 cag_36 la_40 gtod_43 kyi_48 
K10D0276_H0278:122b-17	nga'i bstan pa 'di lus dang /	nga_0 ston_6 ba_12 'di_15 lus_19 dang_23 
K10D0276_H0278:122b-18	srog yongs su gtang ba dang /	srog_0 yongs_5 su_11 gtong_14 ba_20 dang_23 
K10D0276_H0278:122b-19	yang bsngo zhing yongs su bsrung bar bya'o //	yang_0 sngo_5 zhing_11 yongs_17 su_23 bsrung_26 ba_33 byed_37 
K10D0276_H0278:122b-20	bcom ldan 'das kyis de skad ces bka' stsal nas /	'joms_0 ldan_5 'da'_10 kyis_15 de_20 skad_23 ces_28 bka'_32 stsal_37 nas_43 
K10D0276_H0278:122b-21	byang chub sems dpa' bag tsha ba med par gnas pa dang /	byang_0 chub_6 sems_11 dpa'_16 bag_21 tsha_25 ba_30 med_33 ba_37 gnas_41 ba_46 dang_49 
K10D0276_H0278:122b-22	byang chub sems dpa' de dag dang /	byang_0 chub_6 sems_11 dpa'_16 de_21 'dag_24 dang_28 
K10D0276_H0278:122b-23	dge slong de dag dang /	dge_0 slong_4 de_10 'dag_13 dang_17 
K10D0276_H0278:122b-24	thams cad dang ldan pa'i 'khor de dang /	thams_0 cad_6 dang_10 ldan_15 ba_20 'khor_25 de_31 dang_34 
K10D0276_H0278:122b-25	lha dang /	lha_0 dang_4 
K10D0276_H0278:122b-26	mi dang /	mi_0 dang_3 
K10D0276_H0278:122b-27	lha ma yin dang /	lha_0 ma_4 yin_7 dang_11 
K10D0276_H0278:122b-28	dri zar bcas pa'i 'jig rten yi rangs te /	'dri_0 zar_4 'cha'_8 ba_13 'jig_18 rten_23 yi_28 rangs_31 te_37 
K10D0276_H0278:122b-29	bcom ldan 'das kyis gsungs pa la mngon par bstod do //	'joms_0 ldan_5 'da'_10 kyis_15 gsungs_20 ba_27 la_30 mngon_33 ba_39 bstod_43 do_49 
K10D0276_H0278:122b-30	'phags pa sangs rgyas mi spang ba zhes bya ba theg pa chen po'i mdo rdzogs so ////	'phag_0 ba_7 sangs_10 rgya_16 mi_22 spong_25 ba_31 zhes_34 byed_39 ba_43 theg_46 ba_51 chen_54 po_59 mdo_64 rdzogs_68 so_75 
K10D0276_H0278:122b-31	rgya gar gyi mkhan po dzin mi tra dang /	rgya_0 gar_5 gyi_9 mkhan_13 po_19 dzin_22 mi_27 tra_30 dang_34 
K10D0276_H0278:122b-32	pra dzny'a barma dang /	pra_0 dzny_4 barma_11 dang_17 
K10D0276_H0278:122b-33	zhus chen gyi lo ts'a ba bande ye shes sde	zhus_0 chen_5 gyi_10 lo_14 ts_17 ba_22 bande_25 ye_31 shes_34 sde_39 
K10D0276_H0278:122b-34	la sogs pas bsgyur cing zhus te gtan la phab	la_0 sogs_3 ba_8 sgyur_12 cing_19 zhus_24 te_29 gtan_32 la_37 'bebs_40 
