K12D0841(1-8)-7_H0805-7:318a-0	@318a rgya gar skad du /	rgya_6 gar_11 skad_15 du_20 
K12D0841(1-8)-7_H0805-7:318a-1	aa mri ta ka la sha siddhi /	aa_0 mri_3 ta_7 ka_10 la_13 sha_16 siddhi_20 
K12D0841(1-8)-7_H0805-7:318a-2	bod skad du /	'bod_0 skad_4 du_9 
K12D0841(1-8)-7_H0805-7:318a-3	bdud rtsi bum pa'i lung /	bdud_0 rtsi_5 bum_10 ba_14 lung_19 
K12D0841(1-8)-7_H0805-7:318a-4	dpal bdud rtsi bde ba chen po la phyag 'tshal lo //	dpal_0 bdud_5 rtsi_10 bde_15 ba_19 chen_22 po_27 la_30 phyag_33 'tshal_39 lo_46 
K12D0841(1-8)-7_H0805-7:318a-5	phan byed mgon la phyag 'tshal nas //	phan_0 byed_5 mgon_10 la_15 phyag_18 'tshal_24 nas_31 
K12D0841(1-8)-7_H0805-7:318a-6	sgrub pa'i yul dang gnas bstan te //	sgrub_0 ba_6 yul_11 dang_15 gnas_20 ston_25 te_31 
K12D0841(1-8)-7_H0805-7:318a-7	shar lho nub byang phyogs bzhi'i ri //	'char_0 lho_5 nub_9 byang_13 phyogs_19 bzhi_26 ri_33 
K12D0841(1-8)-7_H0805-7:318a-8	drang srong chen po'i sgrub lugs dang //	'dren_0 srong_6 chen_12 po_17 sgrub_22 lugs_28 dang_33 
K12D0841(1-8)-7_H0805-7:318a-9	phra men ma yi sbyar lugs dang; ;rtsi sman 'khrungs pa'i yul khams dang //	phra_0 men_5 ma_9 yi_12 sbyor_15 lugs_21 dang;_26 ;rtsi_32 sman_38 'khrung_43 ba_52 yul_57 khams_61 dang_67 
K12D0841(1-8)-7_H0805-7:318a-10	shing dang nags kyi lha mo'i gnas //	shing_0 dang_6 nags_11 kyi_16 lha_20 mo_24 gnas_29 
K12D0841(1-8)-7_H0805-7:318a-11	ri bor sman ljongs tsandan gnas //	ri_0 'bor_3 sman_7 ljongs_12 tsandan_19 gnas_27 
K12D0841(1-8)-7_H0805-7:318a-12	bzhugs pa'i gnas su bsgrub par bya'o //	bzhugs_0 ba_7 gnas_12 su_17 sgrub_20 ba_27 byed_31 
K12D0841(1-8)-7_H0805-7:318a-13	dug rnams bdud rtsir sbyar ba'i thabs //	dug_0 rnams_4 bdud_10 rtsir_15 sbyor_21 ba_27 thabs_32 
K12D0841(1-8)-7_H0805-7:318a-14	rtsa ba dang ni yan lag bcas //	rtsa_0 ba_5 dang_8 ni_13 yan_16 lag_20 'cha'_24 
K12D0841(1-8)-7_H0805-7:318a-15	ra sa yan lag sogs rdzas //	ra_0 sa_3 yan_6 lag_10 sogs_14 rdzas_19 
K12D0841(1-8)-7_H0805-7:318a-16	tshang bar bsags nas bsgrub par bya'o //	tshang_0 ba_7 bsags_11 nas_17 sgrub_21 ba_28 byed_32 
K12D0841(1-8)-7_H0805-7:318b-0	ri bor nags 'dabs chu ngogs @318b sam; ;brag phug stong pa thibs po'am //	ri_0 'bor_3 nags_7 'dabs_12 chu_18 ngogs_22 sam;_34 ;brag_39 'bugs_45 stong_50 ba_56 thibs_59 po_65 
K12D0841(1-8)-7_H0805-7:318b-1	sgrub pa'i gnas mchog der bya'i phyir //	sgrub_0 ba_6 gnas_11 mchog_16 der_22 byed_26 phyir_32 
K12D0841(1-8)-7_H0805-7:318b-2	sa gzhi rab tu brtag par bya //	sa_0 gzhi_3 rab_8 tu_12 rtog_15 ba_21 byed_25 
K12D0841(1-8)-7_H0805-7:318b-3	mnyam zhing snum pa'i sa snga can //	mnyam_0 zhing_6 snum_12 ba_17 sa_22 snga_25 can_30 
K12D0841(1-8)-7_H0805-7:318b-4	zug rdo srin brag med pa dang //	zug_0 rdo_4 srin_8 brag_13 med_18 ba_22 dang_25 
K12D0841(1-8)-7_H0805-7:318b-5	tsha sgo sa dang ba tshva med //	tsha_0 sgo_5 sa_9 dang_12 ba_17 tshva_20 med_26 
K12D0841(1-8)-7_H0805-7:318b-6	ma grum ma gas mnyam po la //	ma_0 grum_3 ma_8 'gas_11 mnyam_15 po_21 la_24 
K12D0841(1-8)-7_H0805-7:318b-7	sgrub pa'i gnas mchog der bya'o //	sgrub_0 ba_6 gnas_11 mchog_16 der_22 byed_26 
K12D0841(1-8)-7_H0805-7:318b-8	rang byung khro bo chen po bcus //	rang_0 'byung_5 khro_11 'bo_16 chen_19 po_24 'chu_27 
K12D0841(1-8)-7_H0805-7:318b-9	phyogs mtsham sphur pa btab nas ni //	phyogs_0 mtsham_7 sphur_14 ba_20 'debs_23 nas_28 ni_32 
K12D0841(1-8)-7_H0805-7:318b-10	gnas dang sa gzhi dag par sbyang //	gnas_0 dang_5 sa_10 gzhi_13 'dag_18 ba_22 sbyong_26 
K12D0841(1-8)-7_H0805-7:318b-11	aom badzra k'i la ya mah'a kro dha h'um h'um phat phat/	aom_0 badzra_4 k_11 la_15 ya_18 mah_21 kro_27 dha_31 h_35 h_40 phat_45 
K12D0841(1-8)-7_H0805-7:318b-12	gardza gardza h'um phat/	gardza_0 gardza_7 h_14 
K12D0841(1-8)-7_H0805-7:318b-13	ha na ha na h'um phat/	ha_0 na_3 ha_6 na_9 h_12 
K12D0841(1-8)-7_H0805-7:318b-14	da ha da ha h'um phat/	da_0 ha_3 da_6 ha_9 h_12 
K12D0841(1-8)-7_H0805-7:318b-15	pa tsa pa tsa h'um phat/	ba_0 tsa_3 ba_7 tsa_10 h_14 
K12D0841(1-8)-7_H0805-7:318b-16	bandha bandha h'um phat/	bandha_0 bandha_7 h_14 
K12D0841(1-8)-7_H0805-7:318b-17	hu lu hu lu h'um phat/	hu_0 lu_3 hu_6 lu_9 h_12 
K12D0841(1-8)-7_H0805-7:318b-18	tishtha tishtha h'um phat/	tishtha_0 tishtha_8 h_16 
K12D0841(1-8)-7_H0805-7:318b-19	tshindha tshindha h'um phat/	tshindha_0 tshindha_9 h_18 
K12D0841(1-8)-7_H0805-7:318b-20	bhindha bhindha h'um phat/	bhindha_0 bhindha_8 h_16 
K12D0841(1-8)-7_H0805-7:318b-21	spho ta ya spho ta ya h'um phat/	spho_0 ta_5 ya_8 spho_11 ta_16 ya_19 h_22 
K12D0841(1-8)-7_H0805-7:318b-22	phyogs bcu dag tu mtshams bcad de //	phyogs_0 'chu_7 'dag_11 tu_15 mtshams_18 gcod_26 de_31 
K12D0841(1-8)-7_H0805-7:318b-23	sa gzhi rab tu sbyangs nas ni //	sa_0 gzhi_3 rab_8 tu_12 sbyong_15 nas_23 ni_27 
K12D0841(1-8)-7_H0805-7:318b-24	dkyil 'khor 'dom gang gru bzhi bya; ;dri sna lnga dang rakta yis //	dkyil_0 'khor_6 'dom_12 gang_17 gru_22 bzhi_26 bya;_31 ;dri_36 sna_41 lnga_45 dang_50 rakta_55 yis_61 
K12D0841(1-8)-7_H0805-7:318b-25	byugs pa'i mandal bzang du bya'o //	'byug_0 ba_6 mandal_11 bzang_18 du_24 byed_27 
K12D0841(1-8)-7_H0805-7:318b-26	ba su ta yi rgyu phreng gis //	ba_0 su_3 ta_6 yi_9 rgyu_12 phreng_17 gis_24 
K12D0841(1-8)-7_H0805-7:318b-27	thig ni bcu drug char yang gdab //	thig_0 ni_5 'chu_8 drug_12 char_17 yang_22 gdab_27 
K12D0841(1-8)-7_H0805-7:318b-28	de la thig le bcu drug gam //	de_0 la_3 thig_6 le_11 'chu_14 drug_18 gam_23 
K12D0841(1-8)-7_H0805-7:318b-29	yang na phyag mtshan bcu drug dgod //	yang_0 na_5 phyag_8 mtshan_14 'chu_21 drug_25 'god_30 
K12D0841(1-8)-7_H0805-7:318b-30	de'i dbus su bzhag pa'i snod ni //	de_0 dbus_5 su_10 'jog_13 ba_19 snod_24 ni_29 
K12D0841(1-8)-7_H0805-7:318b-31	thod pa ma gas ma chag pa //	thod_0 ba_5 ma_8 'gas_11 ma_15 'chag_18 ba_23 
K12D0841(1-8)-7_H0805-7:318b-32	yang na rus sbal mgo yang rung //	yang_0 na_5 rus_8 sbal_12 mgo_17 yang_21 rung_26 
K12D0841(1-8)-7_H0805-7:318b-33	dkyil 'khor de yi dbus su gzhag /	dkyil_0 'khor_6 de_12 yi_15 dbus_18 su_23 'jog_26 
K12D0841(1-8)-7_H0805-7:318b-34	bdud rtsi sna grangs brgya rtsa brgyad //	bdud_0 rtsi_5 sna_10 grangs_14 brgya_21 rtsa_27 brgyad_32 
K12D0841(1-8)-7_H0805-7:318b-35	btags te thod pa'i nang du dgang //	'dogs_0 te_6 thod_9 ba_14 nang_19 du_24 'geng_27 
K12D0841(1-8)-7_H0805-7:318b-36	'khor lo lte ba'i dbus su gzhag /	'khor_0 lo_6 lte_9 ba_13 dbus_18 su_23 'jog_26 
K12D0841(1-8)-7_H0805-7:318b-37	phyogs bzhi mtshams brgyad rnams su yang //	phyogs_0 bzhi_7 mtshams_12 brgyad_20 rnams_27 su_33 yang_36 
K12D0841(1-8)-7_H0805-7:318b-38	snod ni bzhi 'am brgyad bzhag la //	snod_0 ni_5 bzhi_8 'am_13 brgyad_17 'jog_24 la_30 
K12D0841(1-8)-7_H0805-7:319a-0	@319a *// rigs dang kha dog mthun pa'i dar //	rigs_10 dang_15 kha_20 dog_24 mthun_28 ba_34 dar_39 
K12D0841(1-8)-7_H0805-7:319a-1	bandha lnga yi kha nas dag ba //	bandha_0 lnga_7 yi_12 kha_15 nas_19 'dag_23 ba_27 
K12D0841(1-8)-7_H0805-7:319a-2	yang na bum pa'i mgul chings bya'o //	yang_0 na_5 bum_8 ba_12 mgul_17 'ching_22 byed_29 
K12D0841(1-8)-7_H0805-7:319a-3	ra sa yan la sogs rdzas //	ra_0 sa_3 yan_6 la_10 sogs_13 rdzas_18 
K12D0841(1-8)-7_H0805-7:319a-4	ji snyed 'byor pas ma lus kun //	ji_0 snyed_3 'byor_9 ba_15 ma_19 lus_22 kun_26 
K12D0841(1-8)-7_H0805-7:319a-5	dkyil 'khor de la bskor te gzhag /	dkyil_0 'khor_6 de_12 la_15 skor_18 te_24 'jog_27 
K12D0841(1-8)-7_H0805-7:319a-6	de bzhin dar dkar mthing yol gyis //	de_0 bzhin_3 dar_9 dkar_13 mthing_18 yol_25 gyis_29 
K12D0841(1-8)-7_H0805-7:319a-7	dkyil 'khor 'khor bar rab bskor nas //	dkyil_0 'khor_6 'khor_12 ba_18 rab_22 skor_26 nas_32 
K12D0841(1-8)-7_H0805-7:319a-8	dkyil 'khor grva bzhir mda' bzhi gzugs //	dkyil_0 'khor_6 grva_12 bzhir_17 mda'_23 bzhi_28 gzugs_33 
K12D0841(1-8)-7_H0805-7:319a-9	me long bzhi dang ratna bzhi //	me_0 long_3 bzhi_8 dang_13 ratna_18 bzhi_24 
K12D0841(1-8)-7_H0805-7:319a-10	ral gri bzhi dang phur pa brgyad //	ral_0 gri_4 bzhi_8 dang_13 'phur_18 ba_23 brgyad_26 
K12D0841(1-8)-7_H0805-7:319a-11	dkyil 'khor 'khor bar bskor te gzhag /	dkyil_0 'khor_6 'khor_12 ba_18 skor_22 te_28 'jog_31 
K12D0841(1-8)-7_H0805-7:319a-12	ting 'dzin rnam gsum rim bzhin bsgom //	ting_0 'dzin_5 rnam_11 gsum_16 rim_21 bzhin_25 bsgom_31 
K12D0841(1-8)-7_H0805-7:319a-13	rgyu yi ting 'dzin 'bras bu las //	rgyu_0 yi_5 ting_8 'dzin_13 'bras_19 bu_25 las_28 
K12D0841(1-8)-7_H0805-7:319a-14	de nyid byang chub sems su 'gyur //	de_0 nyid_3 byang_8 chub_14 sems_19 su_24 'gyur_27 
K12D0841(1-8)-7_H0805-7:319a-15	'byung lnga yum gyi dkyil 'khor dag /	'byung_0 lnga_7 yum_12 gyi_16 dkyil_20 'khor_26 'dag_32 
K12D0841(1-8)-7_H0805-7:319a-16	byang chub sems las rim bzhin bskyed //	byang_0 chub_6 sems_11 las_16 rim_20 bzhin_24 skyed_30 
K12D0841(1-8)-7_H0805-7:319a-17	ram yam kham su brum/	ram_0 yam_4 kham_8 su_13 
K12D0841(1-8)-7_H0805-7:319a-18	nam mkha'i dbyings dang mnyam pa yi //	nam_0 mkha_4 dbyings_11 dang_19 mnyam_24 ba_30 yi_33 
K12D0841(1-8)-7_H0805-7:319a-19	gzhal yas gsal bar 'gyur bar bsgom //	'jal_0 yas_6 gsal_10 ba_15 'gyur_19 ba_25 bsgom_29 
K12D0841(1-8)-7_H0805-7:319a-20	dbus su byang chub sems chen po //	dbus_0 su_5 byang_8 chub_14 sems_19 chen_24 po_29 
K12D0841(1-8)-7_H0805-7:319a-21	shar du rdo rje dri chen tshe //	'char_0 du_5 rdo_8 rje_12 'dri_16 chen_20 tshe_25 
K12D0841(1-8)-7_H0805-7:319a-22	lho ru mam sa sha sna tshogs //	lho_0 ru_4 mam_7 sa_11 sha_14 sna_18 tshogs_22 
K12D0841(1-8)-7_H0805-7:319a-23	nub tu padma rakta'i tshogs //	nub_0 tu_4 padma_7 rakta_13 tshogs_21 
K12D0841(1-8)-7_H0805-7:319a-24	byang du dri chu sna tshogs ste //	byang_0 du_6 'dri_9 chu_13 sna_17 tshogs_21 ste_28 
K12D0841(1-8)-7_H0805-7:319a-25	'di rnams rim bzhin bkod pa la //	'di_0 rnams_4 rim_10 bzhin_14 bkod_20 ba_25 la_28 
K12D0841(1-8)-7_H0805-7:319a-26	gtso bos sbyor ba tshul bzhin bgyis nas me long	gtso_0 'bod_5 sbyor_9 ba_15 tshul_18 bzhin_24 bgyid_30 nas_36 me_40 long_43 
K12D0841(1-8)-7_H0805-7:319a-27	yu ba can gyi steng du byang chub kyi sems	yu_0 ba_3 can_6 gyi_10 steng_14 du_20 byang_23 chub_29 kyi_34 sems_38 
K12D0841(1-8)-7_H0805-7:319a-28	blangs te dbus kyi snod blangs la kha shar phyogs	blangs_0 te_7 dbus_10 kyi_15 snod_19 blangs_24 la_31 kha_34 'char_38 phyogs_43 
K12D0841(1-8)-7_H0805-7:319a-29	su bltas te byang chub sems kyis g-yab cing /	su_0 lta_3 te_9 byang_12 chub_18 sems_23 kyis_28 g-yab_33 cing_39 
K12D0841(1-8)-7_H0805-7:319a-30	dbyangs 'di brjod do //	dbyangs_0 'di_8 rjod_12 do_18 
K12D0841(1-8)-7_H0805-7:319a-31	byang chub sems 'di'i ye shes rang bzhin te //	byang_0 chub_6 sems_11 'di_16 ye_22 shes_25 rang_30 bzhin_35 te_41 
K12D0841(1-8)-7_H0805-7:319b-0	dri med rnam @319b dag char bzhin bab pa las //	'dri_0 med_4 rnam_8 'dag_19 char_23 bzhin_28 'bab_34 ba_38 las_41 
K12D0841(1-8)-7_H0805-7:319b-1	'gro ba kun skyed yid bzhin nor bu'i tshul //	'gro_0 ba_5 kun_8 skyed_12 yid_18 bzhin_22 nor_28 bu_32 tshul_37 
K12D0841(1-8)-7_H0805-7:319b-2	gdod nas dag pas bdud rtsi'i rang bzhin la //	gdod_0 nas_5 'dag_9 ba_13 bdud_17 rtsi_22 rang_29 bzhin_34 la_40 
K12D0841(1-8)-7_H0805-7:319b-3	gnyis med sbyor bas rdo rje'i rigs chen 'grub //	gnyis_0 med_6 sbyor_10 ba_16 rdo_20 rje_24 rigs_30 chen_35 'grub_40 
K12D0841(1-8)-7_H0805-7:319b-4	me long ye shes de nyid yin par bshad //	me_0 long_3 ye_8 shes_11 de_16 nyid_19 yin_24 ba_28 'chad_32 
K12D0841(1-8)-7_H0805-7:319b-5	ces brjod do //	ces_0 rjod_4 do_10 
K12D0841(1-8)-7_H0805-7:319b-6	dbus kyi bandha'i nang du shel phor bzhag la byang chub sems thams cad dang /	dbus_0 kyi_5 bandha_9 nang_18 du_23 shel_26 phor_31 'jog_36 la_42 byang_45 chub_51 sems_56 thams_61 cad_67 dang_71 
K12D0841(1-8)-7_H0805-7:319b-7	gdung dang /	gdung_0 dang_6 
K12D0841(1-8)-7_H0805-7:319b-8	go ro tsa na la sogs pa kun bsdus la blugs so //	go_0 ro_3 tsa_6 na_10 la_13 sogs_16 ba_21 kun_24 sdud_28 la_34 blugs_37 so_43 
K12D0841(1-8)-7_H0805-7:319b-9	dgu ya lag gi phyag rgya yis //	dgu_0 ya_4 lag_7 gi_11 phyag_14 rgya_20 yis_25 
K12D0841(1-8)-7_H0805-7:319b-10	de yi steng du bzhag nas ni //	de_0 yi_3 steng_6 du_12 'jog_15 nas_21 ni_25 
K12D0841(1-8)-7_H0805-7:319b-11	sgrub pa po kun kha shar phyogs su bltas te byang chub kyi sems kyis g-yab cing /	sgrub_0 ba_6 po_9 kun_12 kha_16 'char_20 phyogs_25 su_32 lta_35 te_41 byang_44 chub_50 kyi_55 sems_59 kyis_64 g-yab_69 cing_75 
K12D0841(1-8)-7_H0805-7:319b-12	sngags 'di brgya rtsa brgyad bzla'o //	sngags_0 'di_7 brgya_11 rtsa_17 brgyad_22 bzla_29 
K12D0841(1-8)-7_H0805-7:319b-13	aom a'a:h'um/	aom_0 
K12D0841(1-8)-7_H0805-7:319b-14	badzra satva h'u /	badzra_0 satva_7 h_13 
K12D0841(1-8)-7_H0805-7:319b-15	sarba ae shuddhe /	sarba_0 ae_6 shuddhe_9 
K12D0841(1-8)-7_H0805-7:319b-16	aa mri ta su ka ma h'a yo ga h'um/	aa_0 mri_3 ta_7 su_10 ka_13 ma_16 h_19 yo_23 ga_26 
K12D0841(1-8)-7_H0805-7:319b-17	tsitta h'um/	tsitta_0 
K12D0841(1-8)-7_H0805-7:319b-18	aom a'a:h'um/	aom_0 
K12D0841(1-8)-7_H0805-7:319b-19	aaksho bhya: de sha ra ti sa ma ya stvam zhes brjod nas dbus su blugs la gzhag go /	aaksho_0 bhya:_7 de_13 sha_16 ra_20 ti_23 sa_26 ma_29 ya_32 stvam_35 zhes_41 rjod_46 nas_52 dbus_56 su_61 blugs_64 la_70 'jog_73 go_79 
K12D0841(1-8)-7_H0805-7:319b-20	lho phyogs su kha bltas te mah'a mam sa'i snod blangs la 'di skad brjod do //	lho_0 phyogs_4 su_11 kha_14 lta_18 te_24 mah_27 mam_33 sa_37 snod_42 blangs_47 la_54 'di_57 skad_61 rjod_66 do_72 
K12D0841(1-8)-7_H0805-7:319b-21	sems can rnams ni gnas la chags //	sems_0 can_5 rnams_9 ni_15 gnas_18 la_23 chags_26 
K12D0841(1-8)-7_H0805-7:319b-22	nor bas bdag nyid gtsang mar 'dzin //	nor_0 ba_4 bdag_8 nyid_13 gtsang_18 mar_25 'dzin_29 
K12D0841(1-8)-7_H0805-7:319b-23	don gyis sun ni ma phyung na //	don_0 gyis_4 sun_9 ni_13 ma_16 'byin_19 na_26 
K12D0841(1-8)-7_H0805-7:319b-24	bsod nams thams cad dang bral ba'i //	bsod_0 nams_5 thams_10 cad_16 dang_20 'bral_25 ba_30 
K12D0841(1-8)-7_H0805-7:319b-25	yi dvags skam thag chad pa yang //	yi_0 dvags_3 skam_9 thag_14 'chad_19 ba_24 yang_27 
K12D0841(1-8)-7_H0805-7:319b-26	bdag lus gtong bar mi phod na //	bdag_0 lus_5 gtong_9 ba_15 mi_19 phod_22 na_27 
K12D0841(1-8)-7_H0805-7:319b-27	lha la sogs pa'i bsod nams kyis //	lha_0 la_4 sogs_7 ba_12 bsod_17 nams_22 kyis_27 
K12D0841(1-8)-7_H0805-7:319b-28	lus can rnams la smos ci dgos //	lus_0 can_4 rnams_8 la_14 smos_17 ci_22 dgos_25 
K12D0841(1-8)-7_H0805-7:319b-29	de bas 'di kun sun dbyung zhing //	de_0 ba_3 'di_7 kun_11 sun_15 'byin_19 zhing_26 
K12D0841(1-8)-7_H0805-7:319b-30	rang byung bdud rtsi bstan pa'i phyir //	rang_0 'byung_5 bdud_11 rtsi_16 ston_21 ba_27 phyir_32 
K12D0841(1-8)-7_H0805-7:319b-31	lhas kyang lha yi bdag nyid bza'//	lhas_0 kyang_5 lha_11 yi_15 bdag_18 nyid_23 
K12D0841(1-8)-7_H0805-7:319b-32	mi la sogs pa de bzhin du //	mi_0 la_3 sogs_6 ba_11 de_14 bzhin_17 du_23 
K12D0841(1-8)-7_H0805-7:320a-0	@320a *// rnal 'byor pas kyang spyad cing bza'//	rnal_10 'byor_15 ba_21 kyang_25 spyod_31 cing_37 
K12D0841(1-8)-7_H0805-7:320a-1	'di ltar bdag gzhan mi 'byed pas //	'di_0 ltar_4 bdag_9 gzhan_14 mi_20 'byed_23 ba_29 
K12D0841(1-8)-7_H0805-7:320a-2	blang dor med par grol ba yis //	blang_0 'dor_6 med_10 ba_14 grol_18 ba_23 yis_26 
K12D0841(1-8)-7_H0805-7:320a-3	mnyam pa nyid kyi don mthong na //	mnyam_0 ba_6 nyid_9 kyi_14 don_18 mthong_22 na_29 
K12D0841(1-8)-7_H0805-7:320a-4	thams cad mnyam nyid ye shes sku //	thams_0 cad_6 mnyam_10 nyid_16 ye_21 shes_24 sku_29 
K12D0841(1-8)-7_H0805-7:320a-5	bde gshegs rin chen rigs mchog 'grub //	bde_0 gshegs_4 rin_11 chen_15 rigs_20 mchog_25 'grub_31 
K12D0841(1-8)-7_H0805-7:320a-6	aom a'a:h'um ma h'a mam sa sa ma ya ra ho ham/	aom_0 a:h_4 ma_13 h_16 mam_20 sa_24 sa_27 ma_30 ya_33 ra_36 ho_39 
K12D0841(1-8)-7_H0805-7:320a-7	ratna ra ti sa ma ya stvam zhes brjod de /	ratna_0 ra_6 ti_9 sa_12 ma_15 ya_18 stvam_21 zhes_27 rjod_32 de_38 
K12D0841(1-8)-7_H0805-7:320a-8	rin po che'i rigs yab yum spyan drang zhing brgya rtsa brgyad brjod de /	rin_0 po_4 che_7 rigs_13 yab_18 yum_22 spyan_26 'dren_32 zhing_38 brgya_44 rtsa_50 brgyad_55 rjod_62 de_68 
K12D0841(1-8)-7_H0805-7:320a-9	mah'a mam sa dang /	mah_0 mam_6 sa_10 dang_13 
K12D0841(1-8)-7_H0805-7:320a-10	sha sna tshogs bstabs shing lhor gzhag go /	sha_0 sna_4 tshogs_8 stob_15 shing_22 lhor_28 'jog_33 go_39 
K12D0841(1-8)-7_H0805-7:320a-11	kha nub phyogs su bltas te rakta sna tshogs kyi snod blangs la 'di skad brjod do //	kha_0 nub_4 phyogs_8 su_15 lta_18 te_24 rakta_27 sna_33 tshogs_37 kyi_44 snod_48 blangs_53 la_60 'di_63 skad_67 rjod_72 do_78 
K12D0841(1-8)-7_H0805-7:320a-12	r'a ga rakta padma 'byung //	r_0 ga_4 rakta_7 padma_13 'byung_19 
K12D0841(1-8)-7_H0805-7:320a-13	smad pa mi gtsang rdzas 'di dag /	smad_0 ba_5 mi_8 gtsang_11 rdzas_18 'di_24 'dag_28 
K12D0841(1-8)-7_H0805-7:320a-14	chags yul bde ba'i gnas yin te //	chags_0 yul_6 bde_10 ba_14 gnas_19 yin_24 te_28 
K12D0841(1-8)-7_H0805-7:320a-15	padma rigs kyi dam tshig 'grub //	padma_0 rigs_6 kyi_11 dam_15 tshig_19 'grub_25 
K12D0841(1-8)-7_H0805-7:320a-16	so sor rtogs pa'i ye shes yin //	so_0 sor_3 rtogs_7 ba_13 ye_18 shes_21 yin_26 
K12D0841(1-8)-7_H0805-7:320a-17	zhes brjod cing /	zhes_0 rjod_5 cing_11 
K12D0841(1-8)-7_H0805-7:320a-18	nub phyogs kyi snod kyi nang du blugs la gzhag /	nub_0 phyogs_4 kyi_11 snod_15 kyi_20 nang_24 du_29 blugs_32 la_38 'jog_41 
K12D0841(1-8)-7_H0805-7:320a-19	aom a'a:h'um ma h'a padma rakta mu la /	aom_0 a:h_4 ma_13 h_16 padma_20 rakta_26 mu_32 la_35 
K12D0841(1-8)-7_H0805-7:320a-20	aa mri ta bha ra ga ra ti /	aa_0 mri_3 ta_7 bha_10 ra_14 ga_17 ra_20 ti_23 
K12D0841(1-8)-7_H0805-7:320a-21	sa ma ya h'um su ka hri zhes brjod de nub phyogs su gzhag go /	sa_0 ma_3 ya_6 h_9 su_14 ka_17 hri_20 zhes_24 rjod_29 de_35 nub_38 phyogs_42 su_49 'jog_52 go_58 
K12D0841(1-8)-7_H0805-7:320a-22	kha byang phyogs su bltas te dri chu'i snod blangs nas 'di skad brjod do //	kha_0 byang_4 phyogs_10 su_17 lta_20 te_26 'dri_29 chu_33 snod_39 blangs_44 nas_51 'di_55 skad_59 rjod_64 do_70 
K12D0841(1-8)-7_H0805-7:320a-23	kun 'byung zag pa gur gum chu //	kun_0 'byung_4 zag_11 ba_15 gur_18 'gum_22 chu_26 
K12D0841(1-8)-7_H0805-7:320a-24	rdo rje dri yi chu yin te //	rdo_0 rje_4 'dri_8 yi_12 chu_15 yin_19 te_23 
K12D0841(1-8)-7_H0805-7:320a-25	chu las ma byung gang yang med //	chu_0 las_4 ma_8 'byung_11 gang_17 yang_22 med_27 
K12D0841(1-8)-7_H0805-7:320a-26	las kyi rigs kyi dam tshig dang //	las_0 kyi_4 rigs_8 kyi_13 dam_17 tshig_21 dang_27 
K12D0841(1-8)-7_H0805-7:320a-27	nan tan ye shes mchog kyang 'grub //	nan_0 tan_4 ye_8 shes_11 mchog_16 kyang_22 'grub_28 
K12D0841(1-8)-7_H0805-7:320a-28	aom a'a:h'um aa mo gha siddhi /	aom_0 a:h_4 aa_13 mo_16 gha_19 siddhi_23 
K12D0841(1-8)-7_H0805-7:320b-0	badzra ra ti sa ma ya stvam zhes brjod de byang @320b phyogs su gzhag go /	badzra_0 ra_7 ti_10 sa_13 ma_16 ya_19 stvam_22 zhes_28 rjod_33 de_39 byang_42 phyogs_54 su_61 'jog_64 go_70 
K12D0841(1-8)-7_H0805-7:320b-1	shar gyi snod dang dri chen blangs te 'di skad brjod do //	'char_0 gyi_5 snod_9 dang_14 'dri_19 chen_23 blangs_28 te_35 'di_38 skad_42 rjod_47 do_53 
K12D0841(1-8)-7_H0805-7:320b-2	smad pa mi gtsang snyigs ma 'di //	smad_0 ba_5 mi_8 gtsang_11 snyigs_18 ma_25 'di_28 
K12D0841(1-8)-7_H0805-7:320b-3	rtog pa de nyid snyigs ma yin //	rtogs_0 ba_5 de_8 nyid_11 snyigs_16 ma_23 yin_26 
K12D0841(1-8)-7_H0805-7:320b-4	tshe mchog 'dzin pa'i bdud rtsi ste; ;gdod nas dag pa'i rang bzhin pas //	tshe_0 mchog_5 'dzin_11 ba_17 bdud_22 rtsi_27 ste;_32 ;gdod_37 nas_43 'dag_47 ba_51 rang_56 bzhin_61 ba_67 
K12D0841(1-8)-7_H0805-7:320b-5	bde gshegs kun gyi thugs dam nyid //	bde_0 gshegs_4 kun_11 gyi_15 thugs_19 dam_25 nyid_29 
K12D0841(1-8)-7_H0805-7:320b-6	gnyis med sku ru sbyor bas na //	gnyis_0 med_6 sku_10 ru_14 sbyor_17 ba_23 na_27 
K12D0841(1-8)-7_H0805-7:320b-7	chos dbyings ye shes dam tshig 'grub //	chos_0 dbyings_5 ye_13 shes_16 dam_21 tshig_25 'grub_31 
K12D0841(1-8)-7_H0805-7:320b-8	aom bee ro tsa na mo ha ra ti sa ma ya stvam/	aom_0 bee_4 ro_8 tsa_11 na_15 mo_18 ha_21 ra_24 ti_27 sa_30 ma_33 ya_36 
K12D0841(1-8)-7_H0805-7:320b-9	ma h'a yo ga aa ti spa ra na ba ling+ te /	ma_0 h_3 yo_7 ga_10 aa_13 ti_16 spa_19 ra_23 na_26 ba_29 ling_32 te_37 
K12D0841(1-8)-7_H0805-7:320b-10	aa mri ta au tsi tha aa dhi tishtha aom zhes brjod do //	aa_0 mri_3 ta_7 au_10 tsi_13 tha_17 aa_21 dhi_24 tishtha_28 aom_36 zhes_40 rjod_45 do_51 
K12D0841(1-8)-7_H0805-7:320b-11	de nas sgrub pa po kun gyis thal mo sbyar	de_0 nas_3 sgrub_7 ba_13 po_16 kun_19 gyis_23 thal_28 mo_33 sbyor_36 
K12D0841(1-8)-7_H0805-7:320b-12	te dbus kyi snod yum gyis blangs te 'di skad	te_0 dbus_3 kyi_8 snod_12 yum_17 gyis_21 blangs_26 te_33 'di_36 skad_40 
K12D0841(1-8)-7_H0805-7:320b-13	brjod do // ye shes snying po can rnams kyi //	rjod_0 do_6 ye_12 shes_15 snying_20 po_27 can_30 rnams_34 kyi_40 
K12D0841(1-8)-7_H0805-7:320b-14	sangs rgyas kun gyi chos nyid 'di //	sangs_0 rgya_6 kun_12 gyi_16 chos_20 nyid_25 'di_30 
K12D0841(1-8)-7_H0805-7:320b-15	snying po chos kyi don las 'byung //	snying_0 po_7 chos_10 kyi_15 don_19 las_23 'byung_27 
K12D0841(1-8)-7_H0805-7:320b-16	byang chub spyod pa'i gnas 'di yin //	byang_0 chub_6 spyod_11 ba_17 gnas_22 'di_27 yin_31 
K12D0841(1-8)-7_H0805-7:320b-17	smad par bya ba'i rdzas lnga bo //	smad_0 ba_5 byed_9 ba_13 rdzas_18 lnga_24 'bo_29 
K12D0841(1-8)-7_H0805-7:320b-18	gcig la yon tan lnga lnga 'am //	gcig_0 la_5 yon_8 tan_12 lnga_16 lnga_21 'am_26 
K12D0841(1-8)-7_H0805-7:320b-19	gcig la'ang yon tan gsum du dbye //	gcig_0 la_5 yon_12 tan_16 gsum_20 du_25 'byed_28 
K12D0841(1-8)-7_H0805-7:320b-20	dam tshig rtsa ba bco lnga yin //	dam_0 tshig_4 rtsa_10 ba_15 'chos_18 lnga_22 yin_27 
K12D0841(1-8)-7_H0805-7:320b-21	yan lag nyi shu rtsa brgyad do //	yan_0 lag_4 nyi_8 shu_12 rtsa_16 brgyad_21 do_28 
K12D0841(1-8)-7_H0805-7:320b-22	snod bcud dbus su bsdus nas ni //	snod_0 bcud_5 dbus_10 su_15 sdud_18 nas_24 ni_28 
K12D0841(1-8)-7_H0805-7:320b-23	bcu drug por yang bstan par bya'o //	'chu_0 drug_4 por_9 yang_13 ston_18 ba_24 byed_28 
K12D0841(1-8)-7_H0805-7:320b-24	thabs dang shes rab ldan pa las //	thabs_0 dang_6 shes_11 rab_16 ldan_20 ba_25 las_28 
K12D0841(1-8)-7_H0805-7:320b-25	sems dpa' sems ma'i tshogs su blta'o //	sems_0 dpa'_5 sems_10 ma_15 tshogs_20 su_27 lta_30 
K12D0841(1-8)-7_H0805-7:320b-26	rtsa ba brgyad dang yan lag brgyad //	rtsa_0 ba_5 brgyad_8 dang_15 yan_20 lag_24 brgyad_28 
K12D0841(1-8)-7_H0805-7:320b-27	rdzas ni sems dpa' bcu drug ste //	rdzas_0 ni_6 sems_9 dpa'_14 'chu_19 drug_23 ste_28 
K12D0841(1-8)-7_H0805-7:320b-28	snod dbyings sems ma bcu drug yin //	snod_0 dbyings_5 sems_13 ma_18 'chu_21 drug_25 yin_30 
K12D0841(1-8)-7_H0805-7:320b-29	'khor lo rtsi bas ni bcu drug kyang //	'khor_0 lo_6 rtsi_9 ba_14 ni_18 'chu_21 drug_25 kyang_30 
K12D0841(1-8)-7_H0805-7:320b-30	rang bzhin mi gnyis dbyings gcig pas //	rang_0 bzhin_5 mi_11 gnyis_14 dbyings_20 gcig_28 ba_33 
K12D0841(1-8)-7_H0805-7:321a-0	phyag rgya thig le @321a *//	phyag_0 rgya_6 thig_11 le_16 
K12D0841(1-8)-7_H0805-7:321a-1	ldan par bsgom //	ldan_0 ba_5 bsgom_9 
K12D0841(1-8)-7_H0805-7:321a-2	sum cu rtsa gnyis mtshan ldan pa //	sum_0 cu_4 rtsa_7 gnyis_12 mtshan_18 ldan_25 ba_30 
K12D0841(1-8)-7_H0805-7:321a-3	dpe byad bzang po brgyad cus brgyan //	dpe_0 byad_4 bzang_9 po_15 brgyad_18 cus_25 rgyan_29 
K12D0841(1-8)-7_H0805-7:321a-4	rdo rje dbyings kyi dkyil 'khor rdzogs //	rdo_0 rje_4 dbyings_8 kyi_16 dkyil_20 'khor_26 rdzogs_32 
K12D0841(1-8)-7_H0805-7:321a-5	rgyu yang gsang la 'bras bu'ang gsang //	rgyu_0 yang_5 gsang_10 la_16 'bras_19 bu_25 gsang_32 
K12D0841(1-8)-7_H0805-7:321a-6	rdo rje dbyings kyi dkyil 'khor la //	rdo_0 rje_4 dbyings_8 kyi_16 dkyil_20 'khor_26 la_32 
K12D0841(1-8)-7_H0805-7:321a-7	mdzod ldan dpal gyi phyag rgya dang //	mdzod_0 ldan_6 dpal_11 gyi_16 phyag_20 rgya_26 dang_31 
K12D0841(1-8)-7_H0805-7:321a-8	kha 'byed rdo rje phyag rgya ni //	kha_0 'byed_4 rdo_10 rje_14 phyag_18 rgya_24 ni_29 
K12D0841(1-8)-7_H0805-7:321a-9	'khor lo rtsibs kyi dbus su gzhag /	'khor_0 lo_6 rtsibs_9 kyi_16 dbus_20 su_25 'jog_28 
K12D0841(1-8)-7_H0805-7:321a-10	bdud rtsi lnga dang rtsa ba brgyad //	bdud_0 rtsi_5 lnga_10 dang_15 rtsa_20 ba_25 brgyad_28 
K12D0841(1-8)-7_H0805-7:321a-11	mig dang rna ba sna dang lce //	mig_0 dang_4 rna_9 ba_13 sna_16 dang_20 lce_25 
K12D0841(1-8)-7_H0805-7:321a-12	mtshan dang rnam shes yul bar bcas //	mtshan_0 dang_7 rnam_12 shes_17 yul_22 ba_26 'cha'_30 
K12D0841(1-8)-7_H0805-7:321a-13	'dus la ma byas rdo rje ste //	'du_0 la_5 ma_8 byed_11 rdo_16 rje_20 ste_24 
K12D0841(1-8)-7_H0805-7:321a-14	dgongs pa 'dus pas rdo rjer bshad //	dgongs_0 ba_7 'du_10 ba_15 rdo_19 rjer_23 'chad_28 
K12D0841(1-8)-7_H0805-7:321a-15	rdo rje sems dpar rab sbyar nas; ;rdo rje sems dpa' nyid du 'gyur //	rdo_0 rje_4 sems_8 dpar_13 rab_18 sbyor_22 nas;_28 ;rdo_33 rje_38 sems_42 dpa'_47 nyid_52 du_57 'gyur_60 
K12D0841(1-8)-7_H0805-7:321a-16	aom a'a:h'um sarba banytsa aa mri ta badzra satva h'um zhes brjod de /	aom_0 a:h_4 sarba_13 banytsa_19 aa_27 mri_30 ta_34 badzra_37 satva_44 h_50 zhes_55 rjod_60 de_66 
K12D0841(1-8)-7_H0805-7:321a-17	bdud rtsi rnam lnga byin gyis brlab cing bskul lo //	bdud_0 rtsi_5 rnam_10 lnga_15 byin_20 gyis_25 brlab_30 cing_36 skul_41 lo_47 
K12D0841(1-8)-7_H0805-7:321a-18	de nam yang rtsa ba brgyan dang yan lag stong du 'dus shing sbyar ba dang /	de_0 nam_3 yang_7 rtsa_12 ba_17 rgyan_20 dang_27 yan_32 lag_36 stong_40 du_46 'du_49 shing_54 sbyor_60 ba_66 dang_69 
K12D0841(1-8)-7_H0805-7:321a-19	skul ba'i tshig 'di brjod do //	skul_0 ba_5 tshig_10 'di_16 rjod_20 do_26 
K12D0841(1-8)-7_H0805-7:321a-20	de nas yang snod stong par rgun chang dang /	de_0 nas_3 yang_7 snod_12 stong_17 ba_23 rgun_27 chang_32 dang_38 
K12D0841(1-8)-7_H0805-7:321a-21	sbrang chang dang /	sbrang_0 chang_7 dang_13 
K12D0841(1-8)-7_H0805-7:321a-22	rgya chang dang /	rgya_0 chang_5 dang_11 
K12D0841(1-8)-7_H0805-7:321a-23	bu ram chang dang /	bu_0 ram_3 chang_7 dang_13 
K12D0841(1-8)-7_H0805-7:321a-24	bzlas chang dang /	bzlas_0 chang_6 dang_12 
K12D0841(1-8)-7_H0805-7:321a-25	chang sna tshogs sbreng zhing 'di skad brjod do //	chang_0 sna_6 tshogs_10 sbreng_17 zhing_24 'di_30 skad_34 rjod_39 do_45 
K12D0841(1-8)-7_H0805-7:321a-26	'bru rnams la yang chang med de //	'bru_0 rnams_5 la_11 yang_14 chang_19 med_25 de_29 
K12D0841(1-8)-7_H0805-7:321a-27	chu la chang gi rang bzhin med //	chu_0 la_4 chang_7 gi_13 rang_16 bzhin_21 med_27 
K12D0841(1-8)-7_H0805-7:321a-28	mkhas pas 'bru dang chur sbyar na //	mkhas_0 ba_6 'bru_10 dang_15 'chur(d)_20 sbyor_25 na_31 
K12D0841(1-8)-7_H0805-7:321a-29	mnyams nyid kyi chang du 'gyur //	mnyams_0 nyid_7 kyi_12 chang_16 du_22 'gyur_25 
K12D0841(1-8)-7_H0805-7:321a-30	chang byin gyis brlab ba'i sngags /	chang_0 byin_6 gyis_11 brlab_16 ba_22 sngags_27 
K12D0841(1-8)-7_H0805-7:321a-31	aom aa mri ta dza gad bra ba sv'a h'a /	aom_0 aa_4 mri_7 ta_11 dza_14 gad_18 bra_22 ba_26 sv_29 h_34 
K12D0841(1-8)-7_H0805-7:321a-32	aom dzi ba sv'ah'a /	aom_0 dzi_4 ba_8 sv'a_11 
K12D0841(1-8)-7_H0805-7:321a-33	sman chang du blugs la dkrug pa'i sngags /	sman_0 chang_5 du_11 blugs_14 la_20 dkrug_23 ba_29 sngags_34 
K12D0841(1-8)-7_H0805-7:321b-0	mu sa la mu sa @321b la; ;ro mchog go 'phang thob par 'gyur //	mu_0 sa_3 la_6 mu_9 sa_12 la;_21 ;ro_25 mchog_29 go_35 'phen_38 'thob_45 ba_50 'gyur_54 
K12D0841(1-8)-7_H0805-7:321b-1	mi gtsang ba la'ang gtsang ba med //	mi_0 gtsang_3 ba_10 la_13 gtsang_20 ba_27 med_30 
K12D0841(1-8)-7_H0805-7:321b-2	man ngag can gyi sgrub pa pos //	man_0 ngag_4 can_9 gyi_13 sgrub_17 ba_23 pos_26 
K12D0841(1-8)-7_H0805-7:321b-3	mkhas pas gnyis med sbyar bas na //	mkhas_0 ba_6 gnyis_10 med_16 sbyor_20 ba_26 na_30 
K12D0841(1-8)-7_H0805-7:321b-4	mnyam pa nyid kyi don thob 'gyur; ;kro dhi shva ri sho dha ya sam sho dha ya /	mnyam_0 ba_6 nyid_9 kyi_14 don_18 'thob_22 'gyur;_27 ;kro_34 dhi_39 shva_43 ri_48 sho_51 dha_55 ya_59 sam_62 sho_66 dha_70 ya_74 
K12D0841(1-8)-7_H0805-7:321b-5	yang 'o ma sna tshogs sbreng zhing 'di skad brjod do //	yang_0 'o_5 ma_8 sna_11 tshogs_15 sbreng_22 zhing_29 'di_35 skad_39 rjod_44 do_50 
K12D0841(1-8)-7_H0805-7:321b-6	rta dang mi la sogs pa yi //	rta_0 dang_4 mi_9 la_12 sogs_15 ba_20 yi_23 
K12D0841(1-8)-7_H0805-7:321b-7	ji ltar 'o mar gyur pa las //	ji_0 ltar_3 'o_8 mar_11 gyur_15 ba_20 las_23 
K12D0841(1-8)-7_H0805-7:321b-8	mkhas ldan chen pos rab sbyar na //	mkhas_0 ldan_6 chen_11 pos_16 rab_20 sbyor_24 na_30 
K12D0841(1-8)-7_H0805-7:321b-9	yon tan zho dang mar ltar snang //	yon_0 tan_4 zho_8 dang_12 mar_17 ltar_21 snang_26 
K12D0841(1-8)-7_H0805-7:321b-10	de bzhin rdzas rnams bsgyur bas na //	de_0 bzhin_3 rdzas_9 rnams_15 sgyur_21 ba_28 na_32 
K12D0841(1-8)-7_H0805-7:321b-11	mnyam nyid yon tan mar ltar 'grub //	mnyam_0 nyid_6 yon_11 tan_15 mar_19 ltar_23 'grub_28 
K12D0841(1-8)-7_H0805-7:321b-12	ces brjod de byang chub sems kyi snod du sbreng ngo //	ces_0 rjod_4 de_10 byang_13 chub_19 sems_24 kyi_29 snod_33 du_38 sbreng_41 ngo_48 
K12D0841(1-8)-7_H0805-7:321b-13	de nas rin po che sna tshogs brdar zhing 'di skad brjod do //	de_0 nas_3 rin_7 po_11 che_14 sna_18 tshogs_22 rdar_29 zhing_35 'di_41 skad_45 rjod_50 do_56 
K12D0841(1-8)-7_H0805-7:321b-14	dper na gser dang rin chen ltar //	dper_0 na_5 gser_8 dang_13 rin_18 chen_22 ltar_27 
K12D0841(1-8)-7_H0805-7:321b-15	gcig tu bsres dang so sor gnas //	gcig_0 tu_5 bsres_8 dang_14 so_19 sor_22 gnas_26 
K12D0841(1-8)-7_H0805-7:321b-16	so sor gnas kyang rang rang gi /	so_0 sor_3 gnas_7 kyang_12 rang_18 rang_23 gi_28 
K12D0841(1-8)-7_H0805-7:321b-17	kha dog mtshan nyid so sor gsal //	kha_0 dog_4 mtshan_8 nyid_15 so_20 sor_23 gsal_27 
K12D0841(1-8)-7_H0805-7:321b-18	rin chen yon tan de 'dra yang //	rin_0 chen_4 yon_9 tan_13 de_17 'dra_20 yang_25 
K12D0841(1-8)-7_H0805-7:321b-19	bsdus nas yon tan rmad du 'gyur //	sdud_0 nas_6 yon_10 tan_14 rmad_18 du_23 'gyur_26 
K12D0841(1-8)-7_H0805-7:321b-20	de bas gnyis spras mdzes par snang //	de_0 ba_3 gnyis_7 spras_13 mdzes_19 ba_25 snang_29 
K12D0841(1-8)-7_H0805-7:321b-21	de bzhin rdzas kyi yon tan yang //	de_0 bzhin_3 rdzas_9 kyi_15 yon_19 tan_23 yang_27 
K12D0841(1-8)-7_H0805-7:321b-22	rang gi yon tan rin chen snang //	rang_0 gi_5 yon_8 tan_12 rin_16 chen_20 snang_25 
K12D0841(1-8)-7_H0805-7:321b-23	gnyis med mnyam par sbyar bas na //	gnyis_0 med_6 mnyam_10 ba_16 sbyor_20 ba_26 na_30 
K12D0841(1-8)-7_H0805-7:321b-24	bla med yon tan rmad du 'gyur //	bla_0 med_4 yon_8 tan_12 rmad_16 du_21 'gyur_24 
K12D0841(1-8)-7_H0805-7:321b-25	thams cad gcig tu bsdu ba 'o //	thams_0 cad_6 gcig_10 tu_15 sdud_18 ba_23 'o_26 
K12D0841(1-8)-7_H0805-7:321b-26	de nas bdud rtsi ra sa yan sna tshogs bsdus	de_0 nas_3 bdud_7 rtsi_12 ra_17 sa_20 yan_23 sna_27 tshogs_31 sdud_38 
K12D0841(1-8)-7_H0805-7:321b-27	te snod stong par chu sna tshogs sbreng zhing 'di	te_0 snod_3 stong_8 ba_14 chu_18 sna_22 tshogs_26 sbreng_33 zhing_40 'di_46 
K12D0841(1-8)-7_H0805-7:321b-28	brjod do // chu rnams sna tshogs tha dad pa //	rjod_0 do_6 chu_12 rnams_16 sna_22 tshogs_26 tha_33 dad_37 ba_41 
K12D0841(1-8)-7_H0805-7:321b-29	rgya mtshor phyin na lan tshva'i ro //	rgya_0 mtshor_5 phyin_12 na_18 lan_21 tshva_25 ro_33 
K12D0841(1-8)-7_H0805-7:321b-30	de dag thams cad bsdus pa'i dpal //	de_0 'dag_3 thams_7 cad_13 sdud_17 ba_23 dpal_28 
K12D0841(1-8)-7_H0805-7:321b-31	rgya mtsho tsam du rlabs che la //	rgya_0 mtsho_5 tsam_11 du_16 rlabs_19 che_25 la_29 
K12D0841(1-8)-7_H0805-7:322a-0	@322a *// chos kyi dbyings su ro gcig go /	chos_10 kyi_15 dbyings_19 su_27 ro_30 gcig_33 go_38 
K12D0841(1-8)-7_H0805-7:322a-1	'byung ba lnga yi thugs rje las //	'byung_0 ba_7 lnga_10 yi_15 thugs_18 rje_24 las_28 
K12D0841(1-8)-7_H0805-7:322a-2	sman dang bdud rtsi rnam lnga po //	sman_0 dang_5 bdud_10 rtsi_15 rnam_20 lnga_25 po_30 
K12D0841(1-8)-7_H0805-7:322a-3	'gro ba yongs kyi gsos mdzad pa //	'gro_0 ba_5 yongs_8 kyi_14 gsos_18 mdzad_23 ba_29 
K12D0841(1-8)-7_H0805-7:322a-4	thugs rjes byin gyis brlabs pa 'o //	thugs_0 rjes_6 byin_11 gyis_16 brlabs_21 ba_28 'o_31 
K12D0841(1-8)-7_H0805-7:322a-5	dngos po med las dngos grub blang //	dngos_0 po_6 med_9 las_13 dngos_17 'grub_23 blang_28 
K12D0841(1-8)-7_H0805-7:322a-6	byang chub sems kyi sprin yin pas //	byang_0 chub_6 sems_11 kyi_16 sprin_20 yin_26 ba_30 
K12D0841(1-8)-7_H0805-7:322a-7	ji ltar dmigs pa bzhin du 'grub par 'gyur //	ji_0 ltar_3 dmigs_8 ba_14 bzhin_17 du_23 'grub_26 ba_32 'gyur_36 
K12D0841(1-8)-7_H0805-7:322a-8	de skad ces brjod de sman lag tu blangs nas	de_0 skad_3 ces_8 rjod_12 de_18 sman_21 lag_26 tu_30 blangs_33 nas_40 
K12D0841(1-8)-7_H0805-7:322a-9	ngos ngos nas sman che ba'i yon tan brjod do	ngos_0 ngos_5 nas_10 sman_14 che_19 ba_23 yon_28 tan_32 rjod_36 do_42 
K12D0841(1-8)-7_H0805-7:322a-10	// rang byung gdod nas dag pa yi //	rang_3 'byung_8 gdod_14 nas_19 'dag_23 ba_27 yi_30 
K12D0841(1-8)-7_H0805-7:322a-11	rtsa brgyad stong las sbyar ba'i sman //	rtsa_0 brgyad_5 stong_12 las_18 sbyor_22 ba_28 sman_33 
K12D0841(1-8)-7_H0805-7:322a-12	ras yan la sogs rdzas //	ras_0 yan_4 la_8 sogs_11 rdzas_16 
K12D0841(1-8)-7_H0805-7:322a-13	rtsa ba 'bum brag yangs pa'i bcud //	rtsa_0 ba_5 'bum_8 brag_13 yangs_18 ba_24 bcud_29 
K12D0841(1-8)-7_H0805-7:322a-14	gnyis med bde chen las byung ba'i //	gnyis_0 med_6 bde_10 chen_14 las_19 'byung_23 ba_29 
K12D0841(1-8)-7_H0805-7:322a-15	byang chub sems ni rdo rje ste //	byang_0 chub_6 sems_11 ni_16 rdo_19 rje_23 ste_27 
K12D0841(1-8)-7_H0805-7:322a-16	sha chen mchod pa rin po che //	sha_0 chen_4 mchod_9 ba_15 rin_18 po_22 che_25 
K12D0841(1-8)-7_H0805-7:322a-17	zas mchog tshe yi dri chen po //	zas_0 mchog_4 tshe_10 yi_15 'dri_18 chen_22 po_27 
K12D0841(1-8)-7_H0805-7:322a-18	padma me tog yang dag ldan //	padma_0 me_6 tog_9 yang_13 'dag_18 ldan_22 
K12D0841(1-8)-7_H0805-7:322a-19	rdo rje chu ste bdud rtsi mchog /	rdo_0 rje_4 chu_8 ste_12 bdud_16 rtsi_21 mchog_26 
K12D0841(1-8)-7_H0805-7:322a-20	ga bur shel gyi spos phor bri //	ga_0 bur_3 shel_7 gyi_12 spros_16 phor_21 'bri_26 
K12D0841(1-8)-7_H0805-7:322a-21	rin chen me ltar 'bar ba'i tshogs //	rin_0 chen_4 me_9 ltar_12 'bar_17 ba_22 tshogs_27 
K12D0841(1-8)-7_H0805-7:322a-22	yon tan 'bum phrag yangs pa'i bcud //	yon_0 tan_4 'bum_8 phrag_13 yangs_19 ba_25 bcud_30 
K12D0841(1-8)-7_H0805-7:322a-23	rigs lnga dam tshig lnga yi dngos //	rigs_0 lnga_5 dam_10 tshig_14 lnga_20 yi_25 dngos_28 
K12D0841(1-8)-7_H0805-7:322a-24	ye shes lnga rdzogs grub pa'i rdzas //	ye_0 shes_3 lnga_8 rdzogs_13 'grub_20 ba_25 rdzas_30 
K12D0841(1-8)-7_H0805-7:322a-25	rgyud lnga sems can kun bsgral ba'i //	brgyud_0 lnga_6 sems_11 can_16 kun_20 bsgral_24 ba_31 
K12D0841(1-8)-7_H0805-7:322a-26	dug lnga sel ba'i thabs mchog ste //	dug_0 lnga_4 sel_9 ba_13 thabs_18 mchog_24 ste_30 
K12D0841(1-8)-7_H0805-7:322a-27	thams cad rnal 'byor bdud rtsi che //	thams_0 cad_6 rnal_10 'byor_15 bdud_21 rtsi_26 che_31 
K12D0841(1-8)-7_H0805-7:322a-28	ma lus 'dus pa'i thig le ste //	ma_0 lus_3 'du_7 ba_12 thig_17 le_22 ste_25 
K12D0841(1-8)-7_H0805-7:322a-29	sangs rgyas kun dang mnyam sbyor phyir //	sangs_0 rgya_6 kun_12 dang_16 mnyam_21 sbyor_27 phyir_33 
K12D0841(1-8)-7_H0805-7:322a-30	gcig tu dpa' bo ro rnams dang //	gcig_0 tu_5 dpa'_8 'bo_13 ro_16 rnams_19 dang_25 
K12D0841(1-8)-7_H0805-7:322a-31	gnyis su med par mnyam sbyar nas //	gnyis_0 su_6 med_9 ba_13 mnyam_17 sbyor_23 nas_29 
K12D0841(1-8)-7_H0805-7:322b-0	dus gsum sangs rgyas thams @322b cad dang //	dus_0 gsum_4 sangs_9 rgya_15 thams_21 cad_33 dang_37 
K12D0841(1-8)-7_H0805-7:322b-1	rgyal brgya mtsho rnams la mchod //	rgyal_0 brgya_6 mtsho_12 rnams_18 la_24 mchod_27 
K12D0841(1-8)-7_H0805-7:322b-2	ces brjod de /	ces_0 rjod_4 de_10 
K12D0841(1-8)-7_H0805-7:322b-3	de nas shes rab yum rnams kyis sman lag tu bzhag la /	de_0 nas_3 shes_7 rab_12 yum_16 rnams_20 kyis_26 sman_31 lag_36 tu_40 'jog_43 la_49 
K12D0841(1-8)-7_H0805-7:322b-4	yang bkra shis pa don la dam pa 'di brjod do //	yang_0 bkra_5 shis_10 ba_15 don_18 la_22 dam_25 ba_29 'di_32 rjod_36 do_42 
K12D0841(1-8)-7_H0805-7:322b-5	ngo mtshar rmad du byung ba'i chos //	ngo_0 mtshar_4 rmad_11 du_16 'byung_19 ba_25 chos_30 
K12D0841(1-8)-7_H0805-7:322b-6	nam mkha' dang ni mnyam pa'i gnas //	nam_0 mkha'_4 dang_10 ni_15 mnyam_18 ba_24 gnas_29 
K12D0841(1-8)-7_H0805-7:322b-7	rnam par mi rtog snang ba las //	rnam_0 ba_5 mi_9 rtogs_12 snang_17 ba_23 las_26 
K12D0841(1-8)-7_H0805-7:322b-8	kun rdzob tsam du bstan pa mtshar //	kun_0 rdzob_4 tsam_10 du_15 ston_18 ba_24 mtshar_27 
K12D0841(1-8)-7_H0805-7:322b-9	zhes brjod do //	zhes_0 rjod_5 do_11 
K12D0841(1-8)-7_H0805-7:322b-10	sman snod bcud chas par lag tu blangs la yum gyi gtso bo la bdud rtsi phul te /	sman_0 snod_5 bcud_10 cha_15 ba_20 lag_24 tu_28 blangs_31 la_38 yum_41 gyi_45 gtso_49 'bo_54 la_57 bdud_60 rtsi_65 'bul_70 te_75 
K12D0841(1-8)-7_H0805-7:322b-11	gtso bos blangs te phyag rgya chen por bsgyur zhing bsgom mo //	gtso_0 'bod_5 blangs_9 te_16 phyag_19 rgya_25 chen_30 por_35 sgyur_39 zhing_46 bsgom_52 mo_58 
K12D0841(1-8)-7_H0805-7:322b-12	de nas sgrub pa po'i gtso bos dpal chas su zhugs te /	de_0 nas_3 sgrub_7 ba_13 po_16 gtso_21 'bod_26 dpal_30 cha_35 su_40 'jug_43 te_49 
K12D0841(1-8)-7_H0805-7:322b-13	ba yang nyo ba ti dang /	ba_0 yang_3 nyo_8 ba_12 ti_15 dang_18 
K12D0841(1-8)-7_H0805-7:322b-14	ba yang shang gi ra dang /	ba_0 yang_3 shang_8 gi_14 ra_17 dang_20 
K12D0841(1-8)-7_H0805-7:322b-15	na ra si ra dang /	na_0 ra_3 si_6 ra_9 dang_12 
K12D0841(1-8)-7_H0805-7:322b-16	thal chen gyi thig les brgyan te /	thal_0 chen_5 gyi_10 thig_14 les_19 rgyan_23 te_30 
K12D0841(1-8)-7_H0805-7:322b-17	sro tsa aam dza na dang /	sro_0 tsa_4 aam_8 dza_12 na_16 dang_19 
K12D0841(1-8)-7_H0805-7:322b-18	dgug cing g-yab pa'i dam rdzas mchog gi ha sta dang /	'gugs_0 cing_5 g-yab_10 ba_16 dam_21 rdzas_25 mchog_31 gi_37 ha_40 sta_43 dang_47 
K12D0841(1-8)-7_H0805-7:322b-19	brta sha ri la dang /	rtas_0 sha_5 ri_9 la_12 dang_15 
K12D0841(1-8)-7_H0805-7:322b-20	shun chen gyi 'breng ba 'dre brdab pa'i lcag dang /	shun_0 chen_5 gyi_10 'breng_14 ba_21 'dre_24 brdab_29 ba_35 lcag_40 dang_45 
K12D0841(1-8)-7_H0805-7:322b-21	rkang gi gling bu 'bud cing ku sha'i glu blang /	rkang_0 gi_6 gling_9 bu_15 'bud_18 cing_23 ku_28 sha_31 glu_37 blang_41 
K12D0841(1-8)-7_H0805-7:322b-22	mchog gi tshar ma dang /	mchog_0 gi_6 tshar_9 ma_15 dang_18 
K12D0841(1-8)-7_H0805-7:322b-23	shun chen gyi g-yang gzhi bting la gu gul gyi	shun_0 chen_5 gyi_10 g-yang_14 gzhi_21 bting_26 la_32 gu_35 gul_38 gyi_42 
K12D0841(1-8)-7_H0805-7:322b-24	'go ma yeng gis bskus la rakta'i thig le dgu	'go_0 ma_4 yeng_7 gis_12 skud_16 la_22 rakta_25 thig_33 le_38 dgu_41 
K12D0841(1-8)-7_H0805-7:322b-25	byas te mtshon re re'i steng du ta krid brgyad	byed_0 te_5 mtshon_8 re_15 re_18 steng_23 du_29 ta_32 krid_35 brgyad_40 
K12D0841(1-8)-7_H0805-7:322b-26	gzhag go / by'a ghri tshar ma'i g-yang gzhi ta gis gyon la /	'jog_0 go_6 by_11 ghri_16 tshar_21 ma_27 g-yang_32 gzhi_39 ta_44 gis_47 gyon_51 la_56 
K12D0841(1-8)-7_H0805-7:322b-27	mdung la ba dan 'phyar nas thogs te /	mdung_0 la_6 ba_9 dan_12 'phyor_16 nas_23 thogs_27 te_33 
K12D0841(1-8)-7_H0805-7:322b-28	dkyil 'khor yang 'khor lo rtsibs brgyad dbus su zla	dkyil_0 'khor_6 yang_12 'khor_17 lo_23 rtsibs_26 brgyad_33 dbus_40 su_45 zla_48 
K12D0841(1-8)-7_H0805-7:322b-29	gam dmar po gcig bris nas de'i steng du sman	gam_0 dmar_4 po_9 gcig_12 'bri_17 nas_22 de_26 steng_31 du_37 sman_40 
K12D0841(1-8)-7_H0805-7:322b-30	spungs la / sgrub pa po yab yum yang sbyor ba tshul bzhin du bgyi /	spung_0 la_7 sgrub_12 ba_18 po_21 yab_24 yum_28 yang_32 sbyor_37 ba_43 tshul_46 bzhin_52 du_58 bgyid_61 
K12D0841(1-8)-7_H0805-7:323a-0	lha mo bcu drug gi bsnyen pa brgya rtsa @323a *//	lha_0 mo_4 'chu_7 drug_11 gi_16 snyen_19 ba_26 brgya_29 rtsa_35 
K12D0841(1-8)-7_H0805-7:323a-1	brgyad yan chad gdon no //	brgyad_0 yan_7 'chad_11 'don_16 no_21 
K12D0841(1-8)-7_H0805-7:323a-2	de nas byin dbab cing /	de_0 nas_3 byin_7 'bebs_12 cing_17 
K12D0841(1-8)-7_H0805-7:323a-3	dbab pa'i phyag rgya yang bya'o //	'bebs_0 ba_5 phyag_10 rgya_16 yang_21 byed_26 
K12D0841(1-8)-7_H0805-7:323a-4	g-yab mo'i brda la sogs te /	g-yab_0 mo_6 brda_11 la_16 sogs_19 te_24 
K12D0841(1-8)-7_H0805-7:323a-5	brda sna tshogs dang /	brda_0 sna_5 tshogs_9 dang_16 
K12D0841(1-8)-7_H0805-7:323a-6	thabs kyi rdo rje badzra sha ri ram la sogs pa dang /	thabs_0 kyi_6 rdo_10 rje_14 badzra_18 sha_25 ri_29 ram_32 la_36 sogs_39 ba_44 dang_47 
K12D0841(1-8)-7_H0805-7:323a-7	yang na mchog gi lag pa g-yon gyis sman dgug cing g-yab cing //	yang_0 na_5 mchog_8 gi_14 lag_17 ba_21 g-yon_24 gyis_30 sman_35 'gugs_40 cing_45 g-yab_50 cing_56 
K12D0841(1-8)-7_H0805-7:323a-8	mkhar gzhong gi nang du bsres te btsags la /	mkhar_0 gzhong_6 gi_13 nang_16 du_21 bsres_24 te_30 btsags_33 la_40 
K12D0841(1-8)-7_H0805-7:323a-9	sman bandha'i nang du blugs la rdo rjes dkrug cing glu dang /	sman_0 bandha_5 nang_14 du_19 blugs_22 la_28 rdo_31 rjes_35 dkrug_40 cing_46 glu_51 dang_55 
K12D0841(1-8)-7_H0805-7:323a-10	gar dang /	gar_0 dang_4 
K12D0841(1-8)-7_H0805-7:323a-11	rnga dang /	rnga_0 dang_5 
K12D0841(1-8)-7_H0805-7:323a-12	dam pa'i tshig gis bstod do //	dam_0 ba_4 tshig_9 gis_15 bstod_19 do_25 
K12D0841(1-8)-7_H0805-7:323a-13	spos kyis bdug cing gar gyi bro thags dang /	spros_0 kyis_5 bdug_10 cing_15 gar_20 gyi_24 bro_28 thags_32 dang_38 
K12D0841(1-8)-7_H0805-7:323a-14	rdo rje 'gros kyis dkyil 'khor du bdud rtsi dbus su bzhag la bskor ro //	rdo_0 rje_4 'gros_8 kyis_14 dkyil_19 'khor_25 du_31 bdud_34 rtsi_39 dbus_44 su_49 'jog_52 la_58 skor_61 ro_67 
K12D0841(1-8)-7_H0805-7:323a-15	de nas ngos ngos nas kyang che ba'i yon tan brjod do //	de_0 nas_3 ngos_7 ngos_12 nas_17 kyang_21 che_27 ba_31 yon_36 tan_40 rjod_44 do_50 
K12D0841(1-8)-7_H0805-7:323a-16	yang zhi ba'i lha'i dkyil 'khor yang /	yang_0 zhi_5 ba_9 lha_14 dkyil_20 'khor_26 yang_32 
K12D0841(1-8)-7_H0805-7:323a-17	rigs so so'i yig 'bru kun sman la bstim zhing	rigs_0 so_5 so_8 yig_13 'bru_17 kun_22 sman_26 la_31 stim_34 zhing_40 
K12D0841(1-8)-7_H0805-7:323a-18	'di brjod do; ;aom aa mri ta sarba mah'a yo	'di_0 rjod_4 do;_10 ;aom_14 aa_19 mri_22 ta_26 sarba_29 mah_35 yo_41 
K12D0841(1-8)-7_H0805-7:323a-19	ga h'um/ aom badzra sarba ma ya h'um/	ga_0 aom_9 badzra_13 sarba_20 ma_26 ya_29 
K12D0841(1-8)-7_H0805-7:323a-20	aom mah'a sarba aa mri ta mah'a su ka hri /	aom_0 mah_4 sarba_10 aa_16 mri_19 ta_23 mah_26 su_32 ka_35 hri_38 
K12D0841(1-8)-7_H0805-7:323a-21	aom sarba ae shuddhe /	aom_0 sarba_4 ae_10 shuddhe_13 
K12D0841(1-8)-7_H0805-7:323a-22	kro dh'i shva ri /	kro_0 dh_4 shva_9 ri_14 
K12D0841(1-8)-7_H0805-7:323a-23	sarba sho dha ya /	sarba_0 sho_6 dha_10 ya_14 
K12D0841(1-8)-7_H0805-7:323a-24	aom a'a:h'um/	aom_0 
K12D0841(1-8)-7_H0805-7:323a-25	badzra aa mri ta h'um hr'i tha zhes rab tu yang bzla'o //	badzra_0 aa_7 mri_10 ta_14 h_17 hr_22 tha_27 zhes_31 rab_36 tu_40 yang_43 bzla_48 
K12D0841(1-8)-7_H0805-7:323a-26	de nas hom dang /	de_0 nas_3 hom_7 dang_11 
K12D0841(1-8)-7_H0805-7:323a-27	sbyin sreg dang /	sbyin_0 sreg_6 dang_11 
K12D0841(1-8)-7_H0805-7:323a-28	me'i phud kyang nang du blugs so //	me_0 'bud_5 kyang_10 nang_16 du_21 blugs_24 so_30 
K12D0841(1-8)-7_H0805-7:323a-29	de nas sems sbyang ba'i sman /	de_0 nas_3 sems_7 sbyong_12 ba_19 sman_24 
K12D0841(1-8)-7_H0805-7:323a-30	leng leng hva dang /	leng_0 leng_5 hva_10 dang_14 
K12D0841(1-8)-7_H0805-7:323a-31	shel ga pur dang /	shel_0 ga_5 pur_8 dang_12 
K12D0841(1-8)-7_H0805-7:323a-32	snying zho sha dang /	snying_0 zho_7 sha_11 dang_15 
K12D0841(1-8)-7_H0805-7:323a-33	mkhal ma zho sha dang /	mkhal_0 ma_6 zho_9 sha_13 dang_17 
K12D0841(1-8)-7_H0805-7:323a-34	gla gor zho sha dang /	gla_0 gor_4 zho_8 sha_12 dang_16 
K12D0841(1-8)-7_H0805-7:323a-35	shu dag ku ber dang /	shu_0 'dag_4 ku_8 ber_11 dang_15 
K12D0841(1-8)-7_H0805-7:323a-36	shu dag ba me dang /	shu_0 'dag_4 ba_8 me_11 dang_14 
K12D0841(1-8)-7_H0805-7:323a-37	shu dag nab se dang /	shu_0 'dag_4 nab_8 se_12 dang_15 
K12D0841(1-8)-7_H0805-7:323a-38	ra sa ya na dang /	ra_0 sa_3 ya_6 na_9 dang_12 
K12D0841(1-8)-7_H0805-7:323a-39	ra sa ya na ta na dza ya dang /	ra_0 sa_3 ya_6 na_9 ta_12 na_15 dza_18 ya_22 dang_25 
K12D0841(1-8)-7_H0805-7:323b-0	khrus @323b mkhan au ba li'i thig les brgyan pa /	'khru_0 mkhan_12 au_18 ba_21 li_24 thig_29 les_34 rgyan_38 ba_45 
K12D0841(1-8)-7_H0805-7:323b-1	gdod sman bsre zhing sbyar nas dkrugs la bandhar stsal	gdod_0 sman_5 bsre_10 zhing_15 sbyor_21 nas_27 dkrug_31 la_38 bandhar_41 stsal_49 
K12D0841(1-8)-7_H0805-7:323b-2	te bandha gnyis kha sbyar la dar gyis bcings la	te_0 bandha_3 gnyis_10 kha_16 sbyor_20 la_26 dar_29 gyis_33 'ching_38 la_45 
K12D0841(1-8)-7_H0805-7:323b-3	mtshams su rgyas btab la gzod dkyil 'khor zlag ma	mtshams_0 su_8 rgya_11 'debs_17 la_22 gzod_25 dkyil_30 'khor_36 zlag_42 ma_47 
K12D0841(1-8)-7_H0805-7:323b-4	gyi dbus su gzhag go /	gyi_0 dbus_4 su_9 'jog_12 go_18 
K12D0841(1-8)-7_H0805-7:323b-5	sngags dgu pa 'dzab tu drang ngo //	sngags_0 dgu_7 ba_11 'dzab_14 tu_20 'dren_23 ngo_29 
K12D0841(1-8)-7_H0805-7:323b-6	'di'i mgo mjug tu tshogs kyi mchod pa bar mi gcad /	'di_0 mgo_6 mjug_10 tu_15 tshogs_18 kyi_25 mchod_29 ba_35 ba_38 mi_42 gcod_45 
K12D0841(1-8)-7_H0805-7:323b-7	mdzad pa bcu gnyis kyi 'phro 'du yang bya /	mdzad_0 ba_6 'chu_9 gnyis_13 kyi_19 'phro_23 'du_29 yang_33 byed_38 
K12D0841(1-8)-7_H0805-7:323b-8	sman sgrub pa'i don dang /	sman_0 sgrub_5 ba_11 don_16 dang_20 
K12D0841(1-8)-7_H0805-7:323b-9	sbyar thabs bstan pa'i lung dang /	sbyor_0 thabs_6 ston_12 ba_18 lung_23 dang_28 
K12D0841(1-8)-7_H0805-7:323b-10	las kyi rim pa'i skul tshig dang /	las_0 kyi_4 rim_8 ba_12 skul_17 tshig_22 dang_28 
K12D0841(1-8)-7_H0805-7:323b-11	yo byad du byas pa'i rnam pa bdud rtsi chen po mchog gi lung las /	yo_0 byad_3 du_8 byed_11 ba_16 rnam_21 ba_26 bdud_29 rtsi_34 chen_39 po_44 mchog_47 gi_53 lung_56 las_61 
K12D0841(1-8)-7_H0805-7:323b-12	bdud rtsi bum pa'i lung gi bam po bdud rtsi	bdud_0 rtsi_5 bum_10 ba_14 lung_19 gi_24 bam_27 po_31 bdud_34 rtsi_39 
K12D0841(1-8)-7_H0805-7:323b-13	'bum sde las 'byung ba'i don bam bo chen po	'bum_0 sde_5 las_9 'byung_13 ba_20 don_25 bam_29 'bo_33 chen_36 po_41 
