K12D0841(1-8)-8B_H0805-8B:0-0	spyir bdud rtsi 'bum sde las nyung shas tsam zhig bi ma la mi tras bshad cing /	spyir_0 bdud_6 rtsi_11 'bum_16 sde_21 las_25 nyung_29 shas_35 tsam_40 'jig_45 bi_50 ma_53 la_56 mi_59 tras_62 'chad_67 cing_73 
K12D0841(1-8)-8B_H0805-8B:0-1	lo ts'a ba dzny'a na ku ma ras bsgyur ba'o //	lo_0 ts_3 ba_8 dzny_11 na_18 ku_21 ma_24 ras_27 sgyur_31 ba_38 
K12D0841(1-8)-8B_H0805-8B:0-2	rdo rje yang dbang gter gyi lags rdzogs so //	rdo_0 rje_4 yang_8 dbang_13 gter_19 gyi_24 lags_28 rdzogs_33 so_40 
K12D0841(1-8)-8B_H0805-8B:0-3	rdo rje khros pas zhe sdang gcod //	rdo_0 rje_4 khro_8 ba_14 zhe_18 sdang_22 gcod_28 
K12D0841(1-8)-8B_H0805-8B:0-4	mtshon chen sngon po 'bar ba'i ngang //	mtshon_0 chen_7 sngon_12 po_18 'bar_21 ba_26 ngang_31 
K12D0841(1-8)-8B_H0805-8B:0-5	nam mkha'i dkyil nas thigs pa shar //	nam_0 mkha_4 dkyil_11 nas_17 thigs_21 ba_27 'char_30 
K12D0841(1-8)-8B_H0805-8B:0-6	srog gi sgo ru shar ba dang //	srog_0 gi_5 sgo_8 ru_12 'char_15 ba_20 dang_23 
K12D0841(1-8)-8B_H0805-8B:0-7	snying gi sgo ru bsgom bar bya //	snying_0 gi_7 sgo_10 ru_14 bsgom_17 ba_23 byed_27 
K12D0841(1-8)-8B_H0805-8B:0-8	snying rjes bsgral ba'i dam tshig ni //	snying_0 rjes_7 bsgral_12 ba_19 dam_24 tshig_28 ni_34 
K12D0841(1-8)-8B_H0805-8B:0-9	bsad cing mnan pa ma yin te //	bsad_0 cing_5 gnon_10 ba_15 ma_18 yin_21 te_25 
K12D0841(1-8)-8B_H0805-8B:0-10	phung po rdo rje gtams byas nas //	'phung_0 po_6 rdo_9 rje_13 gtams_17 byed_23 nas_28 
K12D0841(1-8)-8B_H0805-8B:327a-0	rnam par shes @327a *//	rnam_0 ba_5 shes_9 
K12D0841(1-8)-8B_H0805-8B:327a-1	pa rdo rjer bsgom /	ba_0 rdo_3 rjer_7 bsgom_12 
K12D0841(1-8)-8B_H0805-8B:327a-2	aom badzra k'i li k'i la ya /	aom_0 badzra_4 k_11 li_15 k_18 la_22 ya_25 
K12D0841(1-8)-8B_H0805-8B:327a-3	sarba bigha nan bam h'um h'um phat/	sarba_0 bigha_6 nan_12 bam_16 h_20 h_25 
K12D0841(1-8)-8B_H0805-8B:327a-4	rdo rje gzhon nu rig 'dzin rnams //	rdo_0 rje_4 gzhon_8 nu_14 rig_17 'dzin_21 rnams_27 
K12D0841(1-8)-8B_H0805-8B:327a-5	srid pa rdo rje grub mdzod cig /	srid_0 ba_5 rdo_8 rje_12 'grub_16 mdzod_21 cig_27 
K12D0841(1-8)-8B_H0805-8B:327a-6	srid ba rdo rje phur ba'i lha //	srid_0 ba_5 rdo_8 rje_12 'phur_16 ba_21 lha_26 
K12D0841(1-8)-8B_H0805-8B:327a-7	ye shes khro bo grub par mdzod //	ye_0 shes_3 khro_8 'bo_13 'grub_16 ba_21 mdzod_25 
K12D0841(1-8)-8B_H0805-8B:327a-8	sangs rgyas kun gyi ye shes sku //	sangs_0 rgya_6 kun_12 gyi_16 ye_20 shes_23 sku_28 
K12D0841(1-8)-8B_H0805-8B:327a-9	ngang nyid rdo rje chos dbyings las //	ngang_0 nyid_6 rdo_11 rje_15 chos_19 dbyings_24 las_32 
K12D0841(1-8)-8B_H0805-8B:327a-10	'bar ba'i khro bo mi bzad pa //	'bar_0 ba_5 khro_10 'bo_15 mi_18 bzad_21 ba_26 
K12D0841(1-8)-8B_H0805-8B:327a-11	sku yi dbyig tu bdag gyur cig /	sku_0 yi_4 dbyig_7 tu_13 bdag_16 gyur_21 cig_26 
K12D0841(1-8)-8B_H0805-8B:327a-12	thabs kyi spyod pas 'gro don du //	thabs_0 kyi_6 spyod_10 ba_16 'gro_20 don_25 du_29 
K12D0841(1-8)-8B_H0805-8B:327a-13	byams dang snying rjes gang 'dul ba //	byams_0 dang_6 snying_11 rjes_18 gang_23 'dul_28 ba_33 
K12D0841(1-8)-8B_H0805-8B:327a-14	sangs rgyas 'phrin las rdzogs mdzad nas //	sangs_0 rgya_6 'phrin_12 las_19 rdzogs_23 mdzad_30 nas_36 
K12D0841(1-8)-8B_H0805-8B:327a-15	dbang dang byin rlabs 'dir gsol cig /	dbang_0 dang_6 byin_11 rlabs_16 'dir_22 gsol_27 cig_32 
K12D0841(1-8)-8B_H0805-8B:327a-16	aom badzra krodha h'um kar h'um/	aom_0 badzra_4 krodha_11 h_18 kar_23 
K12D0841(1-8)-8B_H0805-8B:327a-17	gardza gardza h'um phat/	gardza_0 gardza_7 h_14 
K12D0841(1-8)-8B_H0805-8B:327a-18	khro bo chen po h'um ka ra dang /	khro_0 'bo_5 chen_8 po_13 h_16 ka_21 ra_24 dang_27 
K12D0841(1-8)-8B_H0805-8B:327a-19	yum rdo rje sgra 'byin ma /	yum_0 rdo_4 rje_8 sgra_12 'byin_17 ma_23 
K12D0841(1-8)-8B_H0805-8B:327a-20	sbrul ba'i phra men ma phag gi mgo can dang /	sbrul_0 ba_6 phra_11 men_16 ma_20 phag_23 gi_28 mgo_31 can_35 dang_39 
K12D0841(1-8)-8B_H0805-8B:327a-21	smig bu'i mgo can no //	smig_0 bu_5 mgo_10 can_14 no_18 
K12D0841(1-8)-8B_H0805-8B:327a-22	aom badzra kro dha bi dza ya h'um/	aom_0 badzra_4 kro_11 dha_15 bi_19 dza_22 ya_26 
K12D0841(1-8)-8B_H0805-8B:327a-23	ha na ha na h'um phat/	ha_0 na_3 ha_6 na_9 h_12 
K12D0841(1-8)-8B_H0805-8B:327a-24	khro bo chen po rnam par rgyal ba dang /	khro_0 'bo_5 chen_8 po_13 rnam_16 ba_21 rgyal_25 ba_31 dang_34 
K12D0841(1-8)-8B_H0805-8B:327a-25	yum rdo rje rnam snyems ma /	yum_0 rdo_4 rje_8 rnam_12 snyems_17 ma_24 
K12D0841(1-8)-8B_H0805-8B:327a-26	sbrul pa'i phra men ma stag gi mgo can dang /	sbrul_0 ba_6 phra_11 men_16 ma_20 stag_23 gi_28 mgo_31 can_35 dang_39 
K12D0841(1-8)-8B_H0805-8B:327a-27	bya rgod kyi mgo can no //	byed_0 rgod_4 kyi_9 mgo_13 can_17 no_21 
K12D0841(1-8)-8B_H0805-8B:327a-28	aom badzra kro dha n'i la danda h'um/	aom_0 badzra_4 kro_11 dha_15 n_19 la_23 danda_26 
K12D0841(1-8)-8B_H0805-8B:327a-29	da ha da ha h'um phat/	da_0 ha_3 da_6 ha_9 h_12 
K12D0841(1-8)-8B_H0805-8B:327a-30	khro bo chen po dbyug ba sngon po dang /	khro_0 'bo_5 chen_8 po_13 dbyug_16 ba_22 sngon_25 po_31 dang_34 
K12D0841(1-8)-8B_H0805-8B:327a-31	yum rdo rje sder mo /	yum_0 rdo_4 rje_8 sder_12 mo_17 
K12D0841(1-8)-8B_H0805-8B:327a-32	sprul ba'i phra men ma g-yag gi mgo can dang /	sprul_0 ba_6 phra_11 men_16 ma_20 g-yag_23 gi_29 mgo_32 can_36 dang_40 
K12D0841(1-8)-8B_H0805-8B:327a-33	bya rog gi mgo can no //	byed_0 rog_4 gi_8 mgo_11 can_15 no_19 
K12D0841(1-8)-8B_H0805-8B:327a-34	aom badzra kro dha ya manta ka h'um/	aom_0 badzra_4 kro_11 dha_15 ya_19 manta_22 ka_28 
K12D0841(1-8)-8B_H0805-8B:327a-35	ba tsa pa tsa h'um phat/	ba_0 tsa_3 ba_7 tsa_10 h_14 
K12D0841(1-8)-8B_H0805-8B:327a-36	khro bo chen po gshin rje gshed po dang /	khro_0 'bo_5 chen_8 po_13 gshin_16 rje_22 gshed_26 po_32 dang_35 
K12D0841(1-8)-8B_H0805-8B:327a-37	yum rdo rje dur khrod kyi bdag mo //	yum_0 rdo_4 rje_8 dur_12 khrod_16 kyi_22 bdag_26 mo_31 
K12D0841(1-8)-8B_H0805-8B:327a-38	sprul pa'i phra men ma sha ba'i mgo can dang /	sprul_0 ba_6 phra_11 men_16 ma_20 sha_23 ba_27 mgo_32 can_36 dang_40 
K12D0841(1-8)-8B_H0805-8B:327b-0	'ug @327b ba'i mgo can no //	'ug_0 ba_10 mgo_15 can_19 no_23 
K12D0841(1-8)-8B_H0805-8B:327b-1	aom badzra kro dha a'arya aa tsa la h'um/	aom_0 badzra_4 kro_11 dha_15 a_19 aa_26 tsa_29 la_33 
K12D0841(1-8)-8B_H0805-8B:327b-2	bandha bandha h'um phat/	bandha_0 bandha_7 h_14 
K12D0841(1-8)-8B_H0805-8B:327b-3	khro bo chen po mi g-yo mgon po dang /	khro_0 'bo_5 chen_8 po_13 mi_16 g-yo_19 mgon_24 po_29 dang_32 
K12D0841(1-8)-8B_H0805-8B:327b-4	yum rdo rje gtun khung ma /	yum_0 rdo_4 rje_8 gtun_12 khung_17 ma_23 
K12D0841(1-8)-8B_H0805-8B:327b-5	sprul pa'i phra men ma gzig gi mgo can dang /	sprul_0 ba_6 phra_11 men_16 ma_20 gzig_23 gi_28 mgo_31 can_35 dang_39 
K12D0841(1-8)-8B_H0805-8B:327b-6	khra'i mgo can no //	khra_0 mgo_7 can_11 no_15 
K12D0841(1-8)-8B_H0805-8B:327b-7	aom badzra krodha ha ya gri ba h'um/	aom_0 badzra_4 krodha_11 ha_18 ya_21 gri_24 ba_28 
K12D0841(1-8)-8B_H0805-8B:327b-8	hu lu hu lu h'um/	hu_0 lu_3 hu_6 lu_9 
K12D0841(1-8)-8B_H0805-8B:327b-9	khro bo chen po rta mgrin dang /	khro_0 'bo_5 chen_8 po_13 rta_16 mgrin_20 dang_26 
K12D0841(1-8)-8B_H0805-8B:327b-10	yum rdo rje gtum mo //	yum_0 rdo_4 rje_8 'thum_12 mo_17 
K12D0841(1-8)-8B_H0805-8B:327b-11	sprul pa'i phra men ma byi la'i mgo can dang /	sprul_0 ba_6 phra_11 men_16 ma_20 'byi_23 la_27 mgo_32 can_36 dang_40 
K12D0841(1-8)-8B_H0805-8B:327b-12	pu shud kyi mgo can no; ;aom badzra kro dha aa pa ra tsi ta h'um/	pu_0 shud_3 kyi_8 mgo_12 can_16 no;_20 ;aom_24 badzra_29 kro_36 dha_40 aa_44 ba_47 ra_50 tsi_53 ta_57 
K12D0841(1-8)-8B_H0805-8B:327b-13	tishtha tishtha h'um phat/	tishtha_0 tishtha_8 h_16 
K12D0841(1-8)-8B_H0805-8B:327b-14	khro bo chen po dpal ldan gzhan gyis mi thub pa dang /	khro_0 'bo_5 chen_8 po_13 dpal_16 ldan_21 gzhan_26 gyis_32 mi_37 thub_40 ba_45 dang_48 
K12D0841(1-8)-8B_H0805-8B:327b-15	yum rdo rje mda' snyems ma /	yum_0 rdo_4 rje_8 mda'_12 snyems_17 ma_24 
K12D0841(1-8)-8B_H0805-8B:327b-16	sprul pa'i phra men ma spyang ki'i mgo can dang /	sprul_0 ba_6 phra_11 men_16 ma_20 spyang_23 ki_30 mgo_35 can_39 dang_43 
K12D0841(1-8)-8B_H0805-8B:327b-17	khra'i mgo can no //	khra_0 mgo_7 can_11 no_15 
K12D0841(1-8)-8B_H0805-8B:327b-18	aom bdzra kro dha aa mri ta kunda li h'um/	aom_0 bdzra_4 kro_10 dha_14 aa_18 mri_21 ta_25 kunda_28 li_34 
K12D0841(1-8)-8B_H0805-8B:327b-19	tshindha tshindha h'um phat/	tshindha_0 tshindha_9 h_18 
K12D0841(1-8)-8B_H0805-8B:327b-20	khro bo chen po bdud rtsi 'khyil pa dang /	khro_0 'bo_5 chen_8 po_13 bdud_16 rtsi_21 'khyil_26 ba_33 dang_36 
K12D0841(1-8)-8B_H0805-8B:327b-21	yum rdo rje rlung 'byin ma /	yum_0 rdo_4 rje_8 rlung_12 'byin_18 ma_24 
K12D0841(1-8)-8B_H0805-8B:327b-22	sprul ba'i phra men ma seng+ge'i mgo can dang /	sprul_0 ba_6 phra_11 men_16 ma_20 seng_23 ge_28 mgo_33 can_37 dang_41 
K12D0841(1-8)-8B_H0805-8B:327b-23	pha wang gi mgo can no //	pha_0 wang_4 gi_9 mgo_12 can_16 no_20 
K12D0841(1-8)-8B_H0805-8B:327b-24	aom badzra kro dha tree lo kya bi dza la h'um/	aom_0 badzra_4 kro_11 dha_15 tree_19 lo_24 kya_27 bi_31 dza_34 la_38 
K12D0841(1-8)-8B_H0805-8B:327b-25	bindha bindha h'um phat/	bindha_0 bindha_7 h_14 
K12D0841(1-8)-8B_H0805-8B:327b-26	khro bo chen po khams gsum rnam par rgyal ba dang /	khro_0 'bo_5 chen_8 po_13 khams_16 gsum_22 rnam_27 ba_32 rgyal_36 ba_42 dang_45 
K12D0841(1-8)-8B_H0805-8B:327b-27	yum rdo rje gsod byed ma /	yum_0 rdo_4 rje_8 gsod_12 byed_17 ma_22 
K12D0841(1-8)-8B_H0805-8B:327b-28	sprul pa'i phra men ma dred kyi mgo can dang /	sprul_0 ba_6 phra_11 men_16 ma_20 dred_23 kyi_28 mgo_32 can_36 dang_40 
K12D0841(1-8)-8B_H0805-8B:327b-29	zer mo'i mgo can no //	zer_0 mo_4 mgo_9 can_13 no_17 
K12D0841(1-8)-8B_H0805-8B:327b-30	aom badzra kro dha ma h'a ba la h'um/	aom_0 badzra_4 kro_11 dha_15 ma_19 h_22 ba_26 la_29 
K12D0841(1-8)-8B_H0805-8B:327b-31	spho ta spho ta h'um phat/	spho_0 ta_5 spho_8 ta_13 h_16 
K12D0841(1-8)-8B_H0805-8B:327b-32	khro bo stobs po che dang /	khro_0 'bo_5 stobs_8 po_14 che_17 dang_21 
K12D0841(1-8)-8B_H0805-8B:327b-33	yum rdo rje skyod byed ma /	yum_0 rdo_4 rje_8 skyod_12 byed_18 ma_23 
K12D0841(1-8)-8B_H0805-8B:327b-34	sprul ba'i phra men ma ded kyi mgo can dang /	sprul_0 ba_6 phra_11 men_16 ma_20 'ded_23 kyi_27 mgo_31 can_35 dang_39 
K12D0841(1-8)-8B_H0805-8B:327b-35	byi ba'i mgo can la sogs pa rnams kyis gtams ba'o //	'byi_0 ba_4 mgo_9 can_13 la_17 sogs_20 ba_25 rnams_28 kyis_34 gtams_39 ba_45 
K12D0841(1-8)-8B_H0805-8B:327b-36	srid pa'i phur bu bsgrub pa dang //	srid_0 ba_5 'phur_10 bu_15 sgrub_18 ba_25 dang_28 
K12D0841(1-8)-8B_H0805-8B:327b-37	dbang dang dngos grub blang ba'i phyir //	dbang_0 dang_6 dngos_11 'grub_17 blang_22 ba_28 phyir_33 
K12D0841(1-8)-8B_H0805-8B:328a-0	ye shes khro bo gshegs @328a *//	ye_0 shes_3 khro_8 'bo_13 gshegs_16 
K12D0841(1-8)-8B_H0805-8B:328a-1	su gsol //	su_0 gsol_3 
K12D0841(1-8)-8B_H0805-8B:328a-2	khro bo chen po gshegs nas kyang //	khro_0 'bo_5 chen_8 po_13 gshegs_16 nas_23 kyang_27 
K12D0841(1-8)-8B_H0805-8B:328a-3	rtags dang mtshan ma bstan pa dang //	rtags_0 dang_6 mtshan_11 ma_18 ston_21 ba_27 dang_30 
K12D0841(1-8)-8B_H0805-8B:328a-4	kli la ya yi dngos grub gsol //	kli_0 la_4 ya_7 yi_10 dngos_13 'grub_19 gsol_24 
K12D0841(1-8)-8B_H0805-8B:328a-5	dam tshig chen po'i dus la bab; ;sprul pa chen po'i dus la bab //	dam_0 tshig_4 chen_10 po_15 dus_20 la_24 bab;_27 ;sprul_32 ba_39 chen_42 po_47 dus_52 la_56 'bab_59 
K12D0841(1-8)-8B_H0805-8B:328a-6	phyag brnyan chen mo'i dus la bab //	phyag_0 rnyan_6 chen_13 mo_18 dus_23 la_27 'bab_30 
K12D0841(1-8)-8B_H0805-8B:328a-7	shva na mu kha'i dus la bab //	shva_0 na_5 mu_8 kha_11 dus_17 la_21 'bab_24 
K12D0841(1-8)-8B_H0805-8B:328a-8	bdag nyid chen mo'i dus la bab //	bdag_0 nyid_5 chen_10 mo_15 dus_20 la_24 'bab_27 
K12D0841(1-8)-8B_H0805-8B:328a-9	khyed kyi 'phrin las dus la bab; ;sa bdag chen mo'i dus la bab //	'khyed_0 kyi_6 'phrin_10 las_17 dus_21 la_25 bab;_28 ;sa_33 bdag_37 chen_42 mo_47 dus_52 la_56 'bab_59 
K12D0841(1-8)-8B_H0805-8B:328a-10	mthu rtsal dbyung ba'i dus la bab //	mthu_0 rtsal_5 'byin_11 ba_18 dus_23 la_27 'bab_30 
K12D0841(1-8)-8B_H0805-8B:328a-11	byang chub mchog tu sems bskyed cing //	byang_0 chub_6 mchog_11 tu_17 sems_20 skyed_25 cing_32 
K12D0841(1-8)-8B_H0805-8B:328a-12	dus gsum rgyal ba'i gdung 'tshob ba //	dus_0 gsum_4 rgyal_9 ba_15 gdung_20 'tshob_26 ba_33 
K12D0841(1-8)-8B_H0805-8B:328a-13	rig 'dzin bdag cag rnams la ni //	rig_0 'dzin_4 bdag_10 cag_15 rnams_19 la_25 ni_28 
K12D0841(1-8)-8B_H0805-8B:328a-14	gnod cing gdug pa'i dgra dang bgegs //	gnod_0 cing_5 gdug_10 ba_15 dgra_20 dang_25 bgegs_30 
K12D0841(1-8)-8B_H0805-8B:328a-15	bdud dang bar du gcod pa rnams //	bdud_0 dang_5 ba_10 du_14 gcod_17 ba_22 rnams_25 
K12D0841(1-8)-8B_H0805-8B:328a-16	khro bo chen po'i byin rlabs kyis //	khro_0 'bo_5 chen_8 po_13 byin_18 rlabs_23 kyis_29 
K12D0841(1-8)-8B_H0805-8B:328a-17	yud tsam gyis ni 'dir bkug nas //	yud_0 tsam_4 gyis_9 ni_14 'dir_17 'gugs_22 nas_27 
K12D0841(1-8)-8B_H0805-8B:328a-18	mngon spyod tshul bzhin bsgral ba dang //	mngon_0 spyod_6 tshul_12 bzhin_18 bsgral_24 ba_31 dang_34 
K12D0841(1-8)-8B_H0805-8B:328a-19	lus ngag rdul du bshig nas kyang //	lus_0 ngag_4 rdul_9 du_14 'jig_17 nas_23 kyang_27 
K12D0841(1-8)-8B_H0805-8B:328a-20	sdug bsngal nyams su myong bar mdzod //	sdug_0 sngal_5 nyams_12 su_18 myong_21 ba_27 mdzod_31 
K12D0841(1-8)-8B_H0805-8B:328a-21	aom lam/	aom_0 
K12D0841(1-8)-8B_H0805-8B:328a-22	h'um lam/	h_0 
K12D0841(1-8)-8B_H0805-8B:328a-23	stam pa nan /	stam_0 ba_5 nan_8 
K12D0841(1-8)-8B_H0805-8B:328a-24	mo ha ga ya bha ga w'a na /	mo_0 ha_3 ga_6 ya_9 bha_12 ga_16 w_19 na_23 
K12D0841(1-8)-8B_H0805-8B:328a-25	shi kri bi kri /	'chi_0 kri_4 bi_8 kri_11 
K12D0841(1-8)-8B_H0805-8B:328a-26	shr'i badzra h'um ka ra h'um h'um phat phat/	shr_0 badzra_6 h_13 ka_18 ra_21 h_24 h_29 phat_34 
K12D0841(1-8)-8B_H0805-8B:328a-27	badzra k'i li k'i la ya /	badzra_0 k_7 li_11 k_14 la_18 ya_21 
K12D0841(1-8)-8B_H0805-8B:328a-28	dza:h'um bam ho:sarba bighn'an /	dza:h_0 bam_9 ho:sarba_13 bighn_22 
K12D0841(1-8)-8B_H0805-8B:328a-29	aom badzra k'i li k'i la ya h'um h'um phat phat/	aom_0 badzra_4 k_11 li_15 k_18 la_22 ya_25 h_28 h_33 phat_38 
K12D0841(1-8)-8B_H0805-8B:328a-30	badzra h'um ka ra h'um phat h'um ka ra h'um aa /	badzra_0 h_7 ka_12 ra_15 h_18 phat_23 h_28 ka_33 ra_36 h_39 aa_44 
K12D0841(1-8)-8B_H0805-8B:328a-31	dngos grub bar chad byed ba'i bgegs //	dngos_0 'grub_6 ba_11 'chad_15 byed_20 ba_25 bgegs_30 
K12D0841(1-8)-8B_H0805-8B:328a-32	gjug [?] cing sdang sems byed pa rnams //	gjug_0 cing_9 sdang_14 sems_20 byed_25 ba_30 rnams_33 
K12D0841(1-8)-8B_H0805-8B:328a-33	zungs shig rgyob cig rnam par chings //	zungs_0 shig_6 rgyag_11 cig_17 rnam_21 ba_26 'ching_30 
K12D0841(1-8)-8B_H0805-8B:328b-0	gtogs @328b shig grogs dang bral bar gyis //	gtogs_0 shig_12 grogs_17 dang_23 'bral_28 ba_33 gyis_37 
K12D0841(1-8)-8B_H0805-8B:328b-1	rings bar khug la smrar chug cig /	'dring_0 ba_6 khug_10 la_15 smrar_18 chug_24 cig_29 
K12D0841(1-8)-8B_H0805-8B:328b-2	phob cig rnam par gzir bar gyis //	phob_0 cig_5 rnam_9 ba_14 gzir_18 ba_23 gyis_27 
K12D0841(1-8)-8B_H0805-8B:328b-3	nga yi dbang du gyur nas kyang //	nga_0 yi_4 dbang_7 du_13 gyur_16 nas_21 kyang_25 
K12D0841(1-8)-8B_H0805-8B:328b-4	bsgo ba'i bka' rnams mnyan bar gyis //	sgo_0 ba_5 bka'_10 rnams_15 nyan_21 ba_27 gyis_31 
K12D0841(1-8)-8B_H0805-8B:328b-5	h'um ba ra bid tva na h'um phat/	h_0 ba_5 ra_8 bid_11 tva_15 na_19 h_22 
K12D0841(1-8)-8B_H0805-8B:328b-6	tshindha tshindha h'um phat/	tshindha_0 tshindha_9 h_18 
K12D0841(1-8)-8B_H0805-8B:328b-7	bindha bindha h'um phat/	bindha_0 bindha_7 h_14 
K12D0841(1-8)-8B_H0805-8B:328b-8	grihna grihna h'um phat/	grihna_0 grihna_7 h_14 
K12D0841(1-8)-8B_H0805-8B:328b-9	ha na ha na h'um phat/	ha_0 na_3 ha_6 na_9 h_12 
K12D0841(1-8)-8B_H0805-8B:328b-10	bandha bandha h'um phat/	bandha_0 bandha_7 h_14 
K12D0841(1-8)-8B_H0805-8B:328b-11	ta th'a ya ta tha ya h'um phat/	ta_0 th_3 ya_8 ta_11 tha_14 ya_18 h_21 
K12D0841(1-8)-8B_H0805-8B:328b-12	ha sa ya /	ha_0 sa_3 ya_6 
K12D0841(1-8)-8B_H0805-8B:328b-13	ra na ha ta na h'um phat/	ra_0 na_3 ha_6 ta_9 na_12 h_15 
K12D0841(1-8)-8B_H0805-8B:328b-14	shri kri na aa na ya h'um phat/	shri_0 kri_5 na_9 aa_12 na_15 ya_18 h_21 
K12D0841(1-8)-8B_H0805-8B:328b-15	dzva la pa ya dzva la ba ya h'um phat/	dzva_0 la_5 ba_8 ya_11 dzva_14 la_19 ba_22 ya_25 h_28 
K12D0841(1-8)-8B_H0805-8B:328b-16	a'a be sha ya a'a be sha ya h'um phat/	a_0 be_4 sha_7 ya_11 a_14 be_18 sha_21 ya_25 h_28 
K12D0841(1-8)-8B_H0805-8B:328b-17	biddha ya biddha ya h'um phat/	biddha_0 ya_7 biddha_10 ya_17 h_20 
K12D0841(1-8)-8B_H0805-8B:328b-18	bran dang pho nya bka' nyan tshogs //	bran_0 dang_5 pho_10 nya_14 bka'_18 nyan_23 tshogs_28 
K12D0841(1-8)-8B_H0805-8B:328b-19	khyed kyi dam tshig dus la bab //	'khyed_0 kyi_6 dam_10 tshig_14 dus_20 la_24 'bab_27 
K12D0841(1-8)-8B_H0805-8B:328b-20	sngon chad ji bzhin dam bcas pa'i //	sngon_0 'chad_6 ji_11 bzhin_14 dam_20 'cha'_24 ba_29 
K12D0841(1-8)-8B_H0805-8B:328b-21	mngon spyod 'phrin las myur du mdzod //	mngon_0 spyod_6 'phrin_12 las_19 myur_23 du_28 mdzod_31 
K12D0841(1-8)-8B_H0805-8B:328b-22	ha na ha na badzra /	ha_0 na_3 ha_6 na_9 badzra_12 
K12D0841(1-8)-8B_H0805-8B:328b-23	da ha da ha badzra /	da_0 ha_3 da_6 ha_9 badzra_12 
K12D0841(1-8)-8B_H0805-8B:328b-24	pa tsa pa tsa badzra /	ba_0 tsa_3 ba_7 tsa_10 badzra_14 
K12D0841(1-8)-8B_H0805-8B:328b-25	ma tha ma tha badzra /	ma_0 tha_3 ma_7 tha_10 badzra_14 
K12D0841(1-8)-8B_H0805-8B:328b-26	dzva la dzva la badzra /	dzva_0 la_5 dzva_8 la_13 badzra_16 
K12D0841(1-8)-8B_H0805-8B:328b-27	su ru su ru badzra /	su_0 ru_3 su_6 ru_9 badzra_12 
K12D0841(1-8)-8B_H0805-8B:328b-28	mu ru mu ru badzra /	mu_0 ru_3 mu_6 ru_9 badzra_12 
K12D0841(1-8)-8B_H0805-8B:328b-29	ka tang ke ta ya /	ka_0 tang_3 ke_8 ta_11 ya_14 
K12D0841(1-8)-8B_H0805-8B:328b-30	dza ye bi dza ye /	dza_0 ye_4 bi_7 dza_10 ye_14 
K12D0841(1-8)-8B_H0805-8B:328b-31	aa pa ra cit ya aa pa ra tsit ya /	aa_0 ba_3 ra_6 cit_9 ya_13 aa_16 ba_19 ra_22 tsit_25 ya_30 
K12D0841(1-8)-8B_H0805-8B:328b-32	ma ra sa na pra marda na ya h'um phat/	ma_0 ra_3 sa_6 na_9 pra_12 marda_16 na_22 ya_25 h_28 
K12D0841(1-8)-8B_H0805-8B:328b-33	rdo rje gsang ba'i bka' las ni //	rdo_0 rje_4 gsang_8 ba_14 bka'_19 las_24 ni_28 
K12D0841(1-8)-8B_H0805-8B:328b-34	sdig can gang zhig 'da' byed pa //	sdig_0 can_5 gang_9 'jig_14 'da'_19 byed_24 ba_29 
K12D0841(1-8)-8B_H0805-8B:328b-35	stobs chen khro bo chen po yis //	stobs_0 chen_6 khro_11 'bo_16 chen_19 po_24 yis_27 
K12D0841(1-8)-8B_H0805-8B:328b-36	klad pa tshal ba brgya ru khos //	klad_0 ba_5 tshal_8 ba_14 brgya_17 ru_23 khos_26 
K12D0841(1-8)-8B_H0805-8B:328b-37	nyon cig bgegs dang log 'dren tshogs //	nyon_0 cig_5 bgegs_9 dang_15 log_20 bgrang_24 tshogs_30 
K12D0841(1-8)-8B_H0805-8B:328b-38	nga yi bka' las 'da' ma byed //	nga_0 yi_4 bka'_7 las_12 'da'_16 ma_21 byed_24 
K12D0841(1-8)-8B_H0805-8B:328b-39	h'um ma ma ba sham ku ru /	h_0 ma_5 ma_8 ba_11 sham_14 ku_19 ru_22 
K12D0841(1-8)-8B_H0805-8B:328b-40	ma tha ma /	ma_0 tha_3 ma_7 
K12D0841(1-8)-8B_H0805-8B:328b-41	nyak ra /	nyak_0 ra_5 
K12D0841(1-8)-8B_H0805-8B:328b-42	ai na na da sti /	ai_0 na_3 na_6 da_9 sti_12 
K12D0841(1-8)-8B_H0805-8B:328b-43	ma ma karma shri kangka ra ya /	ma_0 ma_3 karma_6 shri_12 kangka_17 ra_24 ya_27 
K12D0841(1-8)-8B_H0805-8B:328b-44	gdug cing sdang sems ldan pa yi //	gdug_0 cing_5 sdang_10 sems_16 ldan_21 ba_26 yi_29 
K12D0841(1-8)-8B_H0805-8B:328b-45	lha 'am 'on te bdud kyang rung //	lha_0 'am_4 'on_8 te_12 bdud_15 kyang_20 rung_26 
K12D0841(1-8)-8B_H0805-8B:328b-46	nga la bar chad byed pa rnams //	nga_0 la_4 ba_7 'chad_11 byed_16 ba_21 rnams_24 
K12D0841(1-8)-8B_H0805-8B:329a-0	mthu dang rdzu @329a *//	mthu_0 dang_5 rdzu_10 
K12D0841(1-8)-8B_H0805-8B:329a-1	'phrul med par byos //	'phrul_0 med_7 ba_11 byos_15 
K12D0841(1-8)-8B_H0805-8B:329a-2	sarba aa na ya h'um phat/	sarba_0 aa_6 na_9 ya_12 h_15 
K12D0841(1-8)-8B_H0805-8B:329a-3	tad tha ya tad tha ya h'um phat/	tad_0 tha_4 ya_8 tad_11 tha_15 ya_19 h_22 
K12D0841(1-8)-8B_H0805-8B:329a-4	rdungs shig rdo rje 'bar ba'i gtun //	rdungs_0 shig_7 rdo_12 rje_16 'bar_20 ba_25 gtun_30 
K12D0841(1-8)-8B_H0805-8B:329a-5	bka' las 'da' byed sdig can rnams //	bka'_0 las_5 'da'_9 byed_14 sdig_19 can_24 rnams_28 
K12D0841(1-8)-8B_H0805-8B:329a-6	rdo rje me dbal snying bsregs nas //	rdo_0 rje_4 me_8 dbal_11 snying_16 bsregs_23 nas_30 
K12D0841(1-8)-8B_H0805-8B:329a-7	lus ngag rdul phran bzhin du slogs //	lus_0 ngag_4 rdul_9 phran_14 bzhin_20 du_26 slogs_29 
K12D0841(1-8)-8B_H0805-8B:329a-8	khro mo 'bar ba'i gtun khung du //	khro_0 mo_5 'bar_8 ba_13 gtun_18 khung_23 du_29 
K12D0841(1-8)-8B_H0805-8B:329a-9	rdo rje thobs brdungs byas nas //	rdo_0 rje_4 thobs_8 rdung_14 byed_22 nas_27 
K12D0841(1-8)-8B_H0805-8B:329a-10	lha yang rung ste bsgral bar bya //	lha_0 yang_4 rung_9 ste_14 bsgral_18 ba_25 byed_29 
K12D0841(1-8)-8B_H0805-8B:329a-11	kha tham /	kha_0 tham_4 
K12D0841(1-8)-8B_H0805-8B:329a-12	kha tham /	kha_0 tham_4 
K12D0841(1-8)-8B_H0805-8B:329a-13	kha tham /	kha_0 tham_4 
K12D0841(1-8)-8B_H0805-8B:329a-14	h'um h'um h'um/	h_0 h_5 
K12D0841(1-8)-8B_H0805-8B:329a-15	phat phat phat/	phat_0 phat_5 
K12D0841(1-8)-8B_H0805-8B:329a-16	badzra yaksha kro ta kh'a hi /	badzra_0 yaksha_7 kro_14 ta_18 kh_21 hi_26 
K12D0841(1-8)-8B_H0805-8B:329a-17	kha hi /	kha_0 hi_4 
K12D0841(1-8)-8B_H0805-8B:329a-18	kha hi /	kha_0 hi_4 
K12D0841(1-8)-8B_H0805-8B:329a-19	hi hi hi /	hi_0 hi_3 hi_6 
K12D0841(1-8)-8B_H0805-8B:329a-20	ha ha ha /	ha_0 ha_3 ha_6 
K12D0841(1-8)-8B_H0805-8B:329a-21	h'um h'um h'um/	h_0 h_5 
K12D0841(1-8)-8B_H0805-8B:329a-22	phat phat phat/	phat_0 phat_5 
K12D0841(1-8)-8B_H0805-8B:329a-23	chos nyid kyi bden pa'o //	chos_0 nyid_5 kyi_10 bden_14 ba_19 
K12D0841(1-8)-8B_H0805-8B:329a-24	gsang sngags kyi byin gyi rlabs so //	gsang_0 sngags_6 kyi_13 byin_17 gyi_22 rlabs_26 so_32 
K12D0841(1-8)-8B_H0805-8B:329a-25	sangs rgyas kyi mthu'o //	sangs_0 rgya_6 kyi_12 mthu_16 
K12D0841(1-8)-8B_H0805-8B:329a-26	aa bi tsarya'i dus la bab pa'i brnag pa de kho na la'o //	aa_0 bi_3 tsarya_6 dus_15 la_19 'bab_22 ba_26 brnag_31 ba_37 de_40 kho_43 na_47 la_50 
K12D0841(1-8)-8B_H0805-8B:329a-27	k'i li k'i la ya nyi shu rtsa gcig bzlas bco brgyad dkar nag gi mtshams su'o //	k_0 li_4 k_7 la_11 ya_14 nyi_17 shu_21 rtsa_25 gcig_30 bzlas_35 'chos_41 brgyad_45 dkar_52 nag_57 gi_61 mtshams_64 su_72 
K12D0841(1-8)-8B_H0805-8B:329a-28	h'um h'um/	h_0 
K12D0841(1-8)-8B_H0805-8B:329a-29	phat phat tsam bzlas so //	phat_0 phat_5 tsam_10 bzlas_15 so_21 
K12D0841(1-8)-8B_H0805-8B:329a-30	rdzogs so ////	rdzogs_0 so_7 
