K12D0705=D0900_D0706_H0668:28b-0	@28b rgya gar skad du /	rgya_5 gar_10 skad_14 du_19 
K12D0705=D0900_D0706_H0668:29a-0	@29a *// a'arya'a ba lo ki te shva ra sya n'a ma aashta sha ta kam//	a'a_9 ba_18 lo_21 ki_24 te_27 shva_30 ra_35 sya_38 n_42 ma_46 aashta_49 sha_56 ta_60 
K12D0705=D0900_D0706_H0668:29a-1	bod skad du /	'bod_0 skad_4 du_9 
K12D0705=D0900_D0706_H0668:29a-2	'phags pa spyan ras gzigs dbang phyug mtshan brgya rtsa brgyad pa /	'phag_0 ba_7 spyan_10 ras_16 gzigs_20 dbang_26 phyug_32 mtshan_38 brgya_45 rtsa_51 brgyad_56 ba_63 
K12D0705=D0900_D0706_H0668:29a-3	sangs rgyas dang /	sangs_0 rgya_6 dang_12 
K12D0705=D0900_D0706_H0668:29a-4	byang chub sems dpa' thams cad la phyag 'tshal lo //	byang_0 chub_6 sems_11 dpa'_16 thams_21 cad_27 la_31 phyag_34 'tshal_40 lo_47 
K12D0705=D0900_D0706_H0668:29a-5	'di skad bdag gis thos pa dus gcig na /	'di_0 skad_4 bdag_9 gis_14 thos_18 ba_23 dus_26 gcig_30 na_35 
K12D0705=D0900_D0706_H0668:29a-6	bcom ldan 'das 'phags pa spyan ras gzigs dbang phyug	'joms_0 ldan_5 'da'_10 'phag_15 ba_22 spyan_25 ras_31 gzigs_35 dbang_41 phyug_47 
K12D0705=D0900_D0706_H0668:29a-7	gi pho brang ri po ta la'i rtse mo na	gi_0 pho_3 brang_7 ri_13 po_16 ta_19 la_22 rtse_27 mo_32 na_35 
K12D0705=D0900_D0706_H0668:29a-8	me tog dri zhim po sna tshogs kyis brgyan pa	me_0 tog_3 'dri_7 zhim_11 po_16 sna_19 tshogs_23 kyis_30 rgyan_35 ba_42 
K12D0705=D0900_D0706_H0668:29a-9	/ dzambu n'a da'i gser gyi kha dog dang 'dra ba /	dzambu_2 n_9 da_13 gser_18 gyi_23 kha_27 dog_31 dang_35 'dra_40 ba_45 
K12D0705=D0900_D0706_H0668:29a-10	rin po che sna tshogs kun tu 'bar ba'i sa phyogs na bzhugs te /	rin_0 po_4 che_7 sna_11 tshogs_15 kun_22 tu_26 'bar_29 ba_34 sa_39 phyogs_42 na_49 bzhugs_52 te_59 
K12D0705=D0900_D0706_H0668:29a-11	lha dang /	lha_0 dang_4 
K12D0705=D0900_D0706_H0668:29a-12	klu dang /	klu_0 dang_4 
K12D0705=D0900_D0706_H0668:29a-13	gnod sbyin dang /	gnod_0 sbyin_5 dang_11 
K12D0705=D0900_D0706_H0668:29a-14	dri za dang /	'dri_0 za_4 dang_7 
K12D0705=D0900_D0706_H0668:29a-15	lha ma yin dang /	lha_0 ma_4 yin_7 dang_11 
K12D0705=D0900_D0706_H0668:29a-16	nam mkha' lding dang /	nam_0 mkha'_4 lding_10 dang_16 
K12D0705=D0900_D0706_H0668:29a-17	mi'am ci dang /	mi_0 ci_6 dang_9 
K12D0705=D0900_D0706_H0668:29a-18	lto 'phye chen po dang /	lto_0 'phye_4 chen_10 po_15 dang_18 
K12D0705=D0900_D0706_H0668:29a-19	brgya byin dang /	brgya_0 byin_6 dang_11 
K12D0705=D0900_D0706_H0668:29a-20	tshangs pa dang /	tshangs_0 ba_8 dang_11 
K12D0705=D0900_D0706_H0668:29a-21	'jig rten skyong ba dang /	'jig_0 rten_5 skyong_10 ba_17 dang_20 
K12D0705=D0900_D0706_H0668:29a-22	mi dang /	mi_0 dang_3 
K12D0705=D0900_D0706_H0668:29a-23	mi ma yin pa bye ba khrag khrig brgya stong	mi_0 ma_3 yin_6 ba_10 'bye_13 ba_17 khrag_20 khrig_26 brgya_32 stong_38 
K12D0705=D0900_D0706_H0668:29a-24	du mas bcom ldan 'das la bsti stang du byas	du_0 mas_3 'joms_7 ldan_12 'da'_17 la_22 sti_25 stang_30 du_36 byed_39 
K12D0705=D0900_D0706_H0668:29a-25	/ bla mar byas /	bla_2 mar_6 byed_10 
K12D0705=D0900_D0706_H0668:29a-26	rim gror byas /	rim_0 gror_4 byed_9 
K12D0705=D0900_D0706_H0668:29a-27	mchod cing bkur stir byas te yongs su bskor nas mdun du byas pa la chos ston te /	mchod_0 cing_6 bkur_11 stir_16 byed_21 te_26 yongs_29 su_35 skor_38 nas_44 mdun_48 du_53 byed_56 ba_61 la_64 chos_67 ston_72 te_77 
K12D0705=D0900_D0706_H0668:29a-28	thog mar dge ba /	thogs_0 mar_5 dge_9 ba_13 
K12D0705=D0900_D0706_H0668:29a-29	bar du dge ba /	ba_0 du_4 dge_7 ba_11 
K12D0705=D0900_D0706_H0668:29a-30	tha mar dge ba /	tha_0 mar_4 dge_8 ba_12 
K12D0705=D0900_D0706_H0668:29a-31	don bzang po /	don_0 bzang_4 po_10 
K12D0705=D0900_D0706_H0668:29a-32	tshig 'bru bzang po /	tshig_0 'bru_6 bzang_11 po_17 
K12D0705=D0900_D0706_H0668:29a-33	ma 'dres pa /	ma_0 'dre_3 ba_9 
K12D0705=D0900_D0706_H0668:29a-34	yongs su byang ba /	yongs_0 su_6 byang_9 ba_15 
K12D0705=D0900_D0706_H0668:29a-35	yongs su dag pa /	yongs_0 su_6 'dag_9 ba_13 
K12D0705=D0900_D0706_H0668:29a-36	yongs su rdzogs pa /	yongs_0 su_6 rdzogs_9 ba_16 
K12D0705=D0900_D0706_H0668:29b-0	@29b yongs su gsal ba /	yongs_5 su_11 gsal_14 ba_19 
K12D0705=D0900_D0706_H0668:29b-1	tshangs par spyod pa 'ba' zhig yang dag par rab tu ston to //	tshangs_0 ba_8 spyod_12 ba_18 'ba'_21 'jig_26 yang_31 'dag_36 ba_40 rab_44 tu_48 ston_51 to_56 
K12D0705=D0900_D0706_H0668:29b-2	de nas tshangs pa la sogs pas byang chub sems	de_0 nas_3 tshangs_7 ba_15 la_18 sogs_21 ba_26 byang_30 chub_36 sems_41 
K12D0705=D0900_D0706_H0668:29b-3	dpa' sems dpa' chen po 'phags pa spyan ras gzigs	dpa'_0 sems_5 dpa'_10 chen_15 po_20 'phag_23 ba_30 spyan_33 ras_39 gzigs_43 
K12D0705=D0900_D0706_H0668:29b-4	dbang phyug la bstod pa /	dbang_0 phyug_6 la_12 bstod_15 ba_21 
K12D0705=D0900_D0706_H0668:29b-5	kye bcom ldan 'das /	kye_0 'joms_4 ldan_9 'da'_14 
K12D0705=D0900_D0706_H0668:29b-6	bya ba byas shing byed la mkhas //	byed_0 ba_4 byed_7 shing_12 byed_18 la_23 mkhas_26 
K12D0705=D0900_D0706_H0668:29b-7	khur bor bdag don rjes su brnyes //	'khur_0 'bor_5 bdag_9 don_14 rjes_18 su_23 brnyes_26 
K12D0705=D0900_D0706_H0668:29b-8	srid par sbyor ba yongs su zad //	srid_0 ba_5 sbyor_9 ba_15 yongs_18 su_24 zad_27 
K12D0705=D0900_D0706_H0668:29b-9	yang dag bka' la rnam grol sems /	yang_0 'dag_5 bka'_9 la_14 rnam_17 grol_22 sems_27 
K12D0705=D0900_D0706_H0668:29b-10	shes rab shin tu rnam par grol //	shes_0 rab_5 shin_9 tu_14 rnam_17 ba_22 grol_26 
K12D0705=D0900_D0706_H0668:29b-11	klu chen po na cing shes po //	klu_0 chen_4 po_9 na_12 cing_15 shes_20 po_25 
K12D0705=D0900_D0706_H0668:29b-12	sems la dbang ba sgyur thams cad kyi //	sems_0 la_5 dbang_8 ba_14 sgyur_17 thams_23 cad_29 kyi_33 
K12D0705=D0900_D0706_H0668:29b-13	mchog tu pha rol phyin pa thob //	mchog_0 tu_6 pha_9 rol_13 phyin_17 ba_23 'thob_26 
K12D0705=D0900_D0706_H0668:29b-14	ye shes tshogs ni yongs su rdzogs //	ye_0 shes_3 tshogs_8 ni_15 yongs_18 su_24 rdzogs_27 
K12D0705=D0900_D0706_H0668:29b-15	srid pa'i dgon pa rab tu brgal /	srid_0 ba_5 dgon_10 ba_15 rab_18 tu_22 rgol_25 
K12D0705=D0900_D0706_H0668:29b-16	gzhan la phan pa mdzad la brtson //	gzhan_0 la_6 phan_9 ba_14 mdzad_17 la_23 brtson_26 
K12D0705=D0900_D0706_H0668:29b-17	thugs rje dang ni 'brel ba'i thugs //	thugs_0 rje_6 dang_10 ni_15 'brel_18 ba_24 thugs_29 
K12D0705=D0900_D0706_H0668:29b-18	skye rgu kun la mchog tu byams //	skye_0 rgu_5 kun_9 la_13 mchog_16 tu_22 byams_25 
K12D0705=D0900_D0706_H0668:29b-19	bde bar brtson pa byams las byung //	bde_0 ba_4 brtson_8 ba_15 byams_18 las_24 'byung_28 
K12D0705=D0900_D0706_H0668:29b-20	mtha' yas sems can grol la mkhas //	mtha'_0 yas_6 sems_10 can_15 grol_19 la_24 mkhas_27 
K12D0705=D0900_D0706_H0668:29b-21	bde bar gshegs pa nyid las skyes; ;bde bar gshegs pa nyid kyi bka'//	bde_0 ba_4 gshegs_8 ba_15 nyid_18 las_23 skyes;_27 ;bde_34 ba_39 gshegs_43 ba_50 nyid_53 kyi_58 
K12D0705=D0900_D0706_H0668:29b-22	khams gsum kun gyi gnyen gcig pu //	khams_0 gsum_6 kun_11 gyi_15 gnyen_19 gcig_25 pu_30 
K12D0705=D0900_D0706_H0668:29b-23	'dod chags zhe sdang gti mug med //	'dod_0 chags_5 zhe_11 sdang_15 gti_21 mug_25 med_29 
K12D0705=D0900_D0706_H0668:29b-24	dri ma gsum ni rab tu spangs //	'dri_0 ma_4 gsum_7 ni_12 rab_15 tu_19 spong_22 
K12D0705=D0900_D0706_H0668:29b-25	rig pa gsum gyi pha rol phyin //	rig_0 ba_4 gsum_7 gyi_12 pha_16 rol_20 phyin_24 
K12D0705=D0900_D0706_H0668:29b-26	mngon par shes pa drug kyang brnyes //	mngon_0 ba_6 shes_10 ba_15 drug_18 kyang_23 brnyes_29 
K12D0705=D0900_D0706_H0668:29b-27	n+ya gro dha ni lta bur zlum //	n_0 ya_2 gro_5 dha_9 ni_13 lta_16 bur_20 zlum_24 
K12D0705=D0900_D0706_H0668:29b-28	skyes bu chen po'i mtshan rnams ni //	skye_0 bu_6 chen_9 po_14 mtshan_19 rnams_26 ni_32 
K12D0705=D0900_D0706_H0668:30a-0	sum cu rtsa gnyis dag dang @30a *//	sum_0 cu_4 rtsa_7 gnyis_12 'dag_18 dang_22 
K12D0705=D0900_D0706_H0668:30a-1	ldan; ;dpe byad bzang po brgyad cus kyang //	ldan;_0 ;dpe_6 byad_11 bzang_16 po_22 brgyad_25 cus_32 kyang_36 
K12D0705=D0900_D0706_H0668:30a-2	sku ni rnam pa kun tu brgyan //	sku_0 ni_4 rnam_7 ba_12 kun_15 tu_19 rgyan_22 
K12D0705=D0900_D0706_H0668:30a-3	sku mdog gser gyi kha dog 'dra //	sku_0 mdog_4 gser_9 gyi_14 kha_18 dog_22 'dra_26 
K12D0705=D0900_D0706_H0668:30a-4	sku tshad che la dkar sham po //	sku_0 tshad_4 che_10 la_14 dkar_17 sham_22 po_27 
K12D0705=D0900_D0706_H0668:30a-5	n'a ga ge sar gzhon nu ltar //	n_0 ga_4 ge_7 sar_10 gzhon_14 nu_20 ltar_23 
K12D0705=D0900_D0706_H0668:30a-6	cung zad dmar ba 'dra ba'i mdog /	cung_0 zad_5 dmar_9 ba_14 'dra_17 ba_22 mdog_27 
K12D0705=D0900_D0706_H0668:30a-7	dbu yi thor tshugs dag dang ldan //	dbu_0 yi_4 'thor_7 tshugs_12 'dag_19 dang_23 ldan_28 
K12D0705=D0900_D0706_H0668:30a-8	thor tshugs mang pos nye bar g-yogs //	'thor_0 tshugs_5 mang_12 pos_17 nye_21 ba_25 g-yogs_29 
K12D0705=D0900_D0706_H0668:30a-9	dbu la 'od dpag med pa bzhugs //	dbu_0 la_4 'od_7 dpog_11 med_16 ba_20 bzhugs_23 
K12D0705=D0900_D0706_H0668:30a-10	'od zer dag ni rnam par 'phro //	'od_0 zer_4 'dag_8 ni_12 rnam_15 ba_20 'phro_24 
K12D0705=D0900_D0706_H0668:30a-11	'od 'phro 'dom gang rab tu 'bar //	'od_0 'phro_4 'dom_10 gang_15 rab_20 tu_24 'bar_27 
K12D0705=D0900_D0706_H0668:30a-12	gser gyi ri 'dra grags pas khyab //	gser_0 gyi_5 ri_9 'dra_12 grags_17 ba_23 khyab_27 
K12D0705=D0900_D0706_H0668:30a-13	gzi brjid dag kyang rab tu che //	gzi_0 brjid_4 'dag_10 kyang_14 rab_20 tu_24 che_27 
K12D0705=D0900_D0706_H0668:30a-14	shar gyi ri la 'char ba yi //	'char_0 gyi_5 ri_9 la_12 'char_15 ba_21 yi_24 
K12D0705=D0900_D0706_H0668:30a-15	nyi ma'i gtsug tor dag dang ldan //	nyi_0 ma_4 gtsug_9 tor_15 'dag_19 dang_23 ldan_28 
K12D0705=D0900_D0706_H0668:30a-16	nor bu rin chen 'bar ba yi //	nor_0 bu_4 rin_7 chen_11 'bar_16 ba_21 yi_24 
K12D0705=D0900_D0706_H0668:30a-17	se ral khas ni sku phyed brgyan //	se_0 ral_3 khas_7 ni_12 sku_15 phyed_19 rgyan_25 
K12D0705=D0900_D0706_H0668:30a-18	sa dag la ni rab tu mkhas //	sa_0 'dag_3 la_7 ni_10 rab_13 tu_17 mkhas_20 
K12D0705=D0900_D0706_H0668:30a-19	pha rol phyin pa bcu rnams spyod //	pha_0 rol_4 phyin_8 ba_14 'chu_17 rnams_21 spyod_27 
K12D0705=D0900_D0706_H0668:30a-20	tshul khrims ma nyams ral pa med; ;thong ga seng+ge mchong ba 'dra //	tshul_0 khrims_6 ma_13 nyams_16 ral_22 ba_26 med;_29 ;thong_34 ga_41 seng_44 ge_49 mchong_52 ba_59 'dra_62 
K12D0705=D0900_D0706_H0668:30a-21	sku ni 'jam zhing ldem bag can //	sku_0 ni_4 'jam_7 zhing_12 ldem_18 bag_23 can_27 
K12D0705=D0900_D0706_H0668:30a-22	gzigs shing gshegs pa khyu mchog 'dra /	gzigs_0 shing_6 gshegs_12 ba_19 khyu_22 mchog_27 'dra_33 
K12D0705=D0900_D0706_H0668:30a-23	g-yas su 'khyil ba'i dung yang 'dra //	g-yas_0 su_6 'khyil_9 ba_16 dung_21 yang_26 'dra_31 
K12D0705=D0900_D0706_H0668:30a-24	dpral ba zla ba kham pa 'dra //	dpral_0 ba_6 zla_9 ba_13 kham_16 ba_21 'dra_24 
K12D0705=D0900_D0706_H0668:30a-25	dpral ba'i dbyibs kyi rgya yang che //	dpral_0 ba_6 dbyibs_11 kyi_18 rgya_22 yang_27 che_32 
K12D0705=D0900_D0706_H0668:30a-26	smin mtshams bar yang yong ma chad //	smin_0 mtshams_5 ba_13 yang_17 yong_22 ma_27 'chad_30 
K12D0705=D0900_D0706_H0668:30a-27	spyan ni nor bu rin chen 'bar //	spyan_0 ni_6 nor_9 bu_13 rin_16 chen_20 'bar_25 
K12D0705=D0900_D0706_H0668:30a-28	shangs kyi dbyibs ni cung zad mtho //	shangs_0 kyi_7 dbyibs_11 ni_18 cung_21 zad_26 mtho_30 
K12D0705=D0900_D0706_H0668:30a-29	tshems kyi sgros kyis rnam par gnon; ;ljags kyis stong gsum khebs mdzad cing //	tshems_0 kyi_7 sgros_11 kyis_17 rnam_22 ba_27 gnon;_31 ;ljags_37 kyis_44 stong_49 gsum_55 khebs_60 mdzad_66 cing_72 
K12D0705=D0900_D0706_H0668:30a-30	snyan gyi khrung yang rab tu zab //	snyan_0 gyi_6 khrung_10 yang_17 rab_22 tu_26 zab_29 
K12D0705=D0900_D0706_H0668:30a-31	mgur kyang bum pa'i mgrin pa 'dra //	mgur_0 kyang_5 bum_11 ba_15 mgrin_20 ba_26 'dra_29 
K12D0705=D0900_D0706_H0668:30b-0	dpung pa dag kyang rab tu @30b zlum; ;phyag sor rnams kyi tshigs kyang ring //	dpung_0 ba_6 'dag_9 kyang_13 rab_19 tu_23 zlum;_31 ;phyag_37 sor_44 rnams_48 kyi_54 tshigs_58 kyang_65 ring_71 
K12D0705=D0900_D0706_H0668:30b-1	sor mo 'jam zhing cung zad dmar //	sor_0 mo_4 'jam_7 zhing_12 cung_18 zad_23 dmar_27 
K12D0705=D0900_D0706_H0668:30b-2	phyag sor rnams kyi bar 'brel ba //	phyag_0 sor_6 rnams_10 kyi_16 ba_20 'brel_24 ba_30 
K12D0705=D0900_D0706_H0668:30b-3	phyag dang zhabs kyi mthil rnams la //	phyag_0 dang_6 zhabs_11 kyi_17 mthil_21 rnams_27 la_33 
K12D0705=D0900_D0706_H0668:30b-4	'khor lo dag gis rab tu brgyan //	'khor_0 lo_6 'dag_9 gis_13 rab_17 tu_21 rgyan_24 
K12D0705=D0900_D0706_H0668:30b-5	ston ka'i padma 'dra bar mdzes //	ston_0 ka_5 padma_10 'dra_16 ba_21 mdzes_25 
K12D0705=D0900_D0706_H0668:30b-6	sku mdangs 'jam zhing shangs kyang rgyas //	sku_0 mdangs_4 'jam_11 zhing_16 shangs_22 kyang_29 rgya_35 
K12D0705=D0900_D0706_H0668:30b-7	gsung ni tshangs pa'i dbyangs ltar snyan //	gsung_0 ni_6 tshangs_9 ba_17 dbyangs_22 ltar_30 snyan_35 
K12D0705=D0900_D0706_H0668:30b-8	yid du 'ong zhing dga' bar 'gyur //	yid_0 du_4 'ong_7 zhing_12 dga'_18 ba_23 'gyur_27 
K12D0705=D0900_D0706_H0668:30b-9	blta na sdug cing mdangs dga' ba //	lta_0 na_5 sdug_8 cing_13 mdangs_18 dga'_25 ba_30 
K12D0705=D0900_D0706_H0668:30b-10	padma las 'khrungs padma 'dra //	padma_0 las_6 'khrung_10 padma_19 'dra_25 
K12D0705=D0900_D0706_H0668:30b-11	padma dag las kun tu skyes //	padma_0 'dag_6 las_10 kun_14 tu_18 skye_21 
K12D0705=D0900_D0706_H0668:30b-12	padma dag gi gdan la bzhugs //	padma_0 'dag_6 gi_10 gdan_13 la_18 bzhugs_21 
K12D0705=D0900_D0706_H0668:30b-13	phyag na padma bzang po bsnams //	phyag_0 na_6 padma_9 bzang_15 po_21 snom_24 
K12D0705=D0900_D0706_H0668:30b-14	ril ba spyi blugs phyag na bsnams //	ril_0 ba_4 spyi_7 blugs_12 phyag_18 na_24 snom_27 
K12D0705=D0900_D0706_H0668:30b-15	khri snyan sa le'i pags pa mnabs //	khri_0 snyan_5 sa_11 le_14 pags_19 ba_24 nab_27 
K12D0705=D0900_D0706_H0668:30b-16	dbyug pa dang ni bgrang phreng 'dzin //	dbyug_0 ba_6 dang_9 ni_14 bgrong_17 phreng_24 'dzin_31 
K12D0705=D0900_D0706_H0668:30b-17	bkra shis dag gis gtsang mar gyur //	bkra_0 shis_5 'dag_10 gis_14 gtsang_18 mar_25 gyur_29 
K12D0705=D0900_D0706_H0668:30b-18	snga nas gsungs shing gsong por gsungs //	snga_0 nas_5 gsungs_9 shing_16 gsong_22 por_28 gsungs_32 
K12D0705=D0900_D0706_H0668:30b-19	bdud rtsi'i char ni rab tu 'bebs //	bdud_0 rtsi_5 char_12 ni_17 rab_20 tu_24 'bebs_27 
K12D0705=D0900_D0706_H0668:30b-20	yid bzhin nor bu rin chen 'dra //	yid_0 bzhin_4 nor_10 bu_14 rin_17 chen_21 'dra_26 
K12D0705=D0900_D0706_H0668:30b-21	sems can thams cad dga' bar mdzad //	sems_0 can_5 thams_9 cad_15 dga'_19 ba_24 mdzad_28 
K12D0705=D0900_D0706_H0668:30b-22	bzang po snang ba'i ljon shing ltar //	bzang_0 po_6 snang_9 ba_15 ljon_20 shing_25 ltar_31 
K12D0705=D0900_D0706_H0668:30b-23	sems can kun gyi gsos su gyur //	sems_0 can_5 kun_9 gyi_13 gsos_17 su_22 gyur_25 
K12D0705=D0900_D0706_H0668:30b-24	sangs rgyas kyi ni sprul pa lags //	sangs_0 rgya_6 kyi_12 ni_16 sprul_19 ba_25 lags_28 
K12D0705=D0900_D0706_H0668:30b-25	bde bar gshegs pa'i cha lugs mnga'//	bde_0 ba_4 gshegs_8 ba_15 cha_20 lugs_24 
K12D0705=D0900_D0706_H0668:30b-26	bde bar gshegs pa'i ring bsrel 'dzin //	bde_0 ba_4 gshegs_8 ba_15 ring_20 bsrel_25 'dzin_31 
K12D0705=D0900_D0706_H0668:30b-27	ba spu nyag ma re re yang //	ba_0 spu_3 nyag_7 ma_12 re_15 re_18 yang_21 
K12D0705=D0900_D0706_H0668:30b-28	sems can rnams kyi gtso bor gyur //	sems_0 can_5 rnams_9 kyi_15 gtso_19 'bor_24 gyur_28 
K12D0705=D0900_D0706_H0668:30b-29	bsod nams mdzad cing dge ba mdzad //	bsod_0 nams_5 mdzad_10 cing_16 dge_21 ba_25 mdzad_28 
K12D0705=D0900_D0706_H0668:30b-30	bshol ba med /	bshol_0 ba_6 med_9 
K12D0705=D0900_D0706_H0668:31a-0	@31a *// cing nges par mdzad //	cing_9 nges_14 ba_19 mdzad_23 
K12D0705=D0900_D0706_H0668:31a-1	rab tu drag pa'i brtson 'grus can //	rab_0 tu_4 drag_7 ba_12 brtson_17 'grus_24 can_30 
K12D0705=D0900_D0706_H0668:31a-2	'khor ba dag las rab tu brgal //	'khor_0 ba_6 'dag_9 las_13 rab_17 tu_21 rgol_24 
K12D0705=D0900_D0706_H0668:31a-3	dam chos rgyal mtshan mnga' gsol ba //	dam_0 chos_4 rgyal_9 mtshan_15 mnga'_22 gsol_28 ba_33 
K12D0705=D0900_D0706_H0668:31a-4	yid bzhin 'khor lo dge ba sbyor //	yid_0 bzhin_4 'khor_10 lo_16 dge_19 ba_23 sbyor_26 
K12D0705=D0900_D0706_H0668:31a-5	don yod zhags pa sdug bsngal 'dren //	don_0 yod_4 zhags_8 ba_14 sdug_17 sngal_22 bgrang_29 
K12D0705=D0900_D0706_H0668:31a-6	ha ya gri ba bdud bzhi 'joms //	ha_0 ya_3 gri_6 ba_10 bdud_13 bzhi_18 'joms_23 
K12D0705=D0900_D0706_H0668:31a-7	gro dha mgrin sngon gdug pa sel //	gro_0 dha_4 mgrin_8 sngon_14 gdug_20 ba_25 sel_28 
K12D0705=D0900_D0706_H0668:31a-8	chu srin 'dzin khri'i 'jigs las sgrol //	chu_0 srin_4 'dzin_9 khri_15 'jigs_22 las_28 sgrol_32 
K12D0705=D0900_D0706_H0668:31a-9	lha mo sgrol ma rjes su 'brang //	lha_0 mo_4 sgrol_7 ma_13 rjes_16 su_21 'brang_24 
K12D0705=D0900_D0706_H0668:31a-10	khro gnyer can ni bka' bzhin byed //	khro_0 gnyer_5 can_11 ni_15 bka'_18 bzhin_23 byed_29 
K12D0705=D0900_D0706_H0668:31a-11	rgyal ba can ni tshul dang ldan //	rgyal_0 ba_6 can_9 ni_13 tshul_16 dang_22 ldan_27 
K12D0705=D0900_D0706_H0668:31a-12	mthu chen ldan zhing dran dang ldan //	mthu_0 chen_5 ldan_10 zhing_15 dran_21 dang_26 ldan_31 
K12D0705=D0900_D0706_H0668:31a-13	yon tan ldan zhing byams dang ldan //	yon_0 tan_4 ldan_8 zhing_13 byams_19 dang_25 ldan_30 
K12D0705=D0900_D0706_H0668:31a-14	shes rab ldan zhing dpal dang ldan //	shes_0 rab_5 ldan_9 zhing_14 dpal_20 dang_25 ldan_30 
K12D0705=D0900_D0706_H0668:31a-15	tshul khrims ldan zhing don dang ldan //	tshul_0 khrims_6 ldan_13 zhing_18 don_24 dang_28 ldan_33 
K12D0705=D0900_D0706_H0668:31a-16	don rnams kun ni rig pa po //	don_0 rnams_4 kun_10 ni_14 rig_17 ba_21 po_24 
K12D0705=D0900_D0706_H0668:31a-17	the tshom thams cad gcod pa po //	the_0 tshom_4 thams_10 cad_16 gcod_20 ba_25 po_28 
K12D0705=D0900_D0706_H0668:31a-18	chos rnams thams cad smra ba'o //	chos_0 rnams_5 thams_11 cad_17 smra_21 ba_26 
K12D0705=D0900_D0706_H0668:31a-19	'jig rten rnams kyi ston pa po //	'jig_0 rten_5 rnams_10 kyi_16 ston_20 ba_25 po_28 
K12D0705=D0900_D0706_H0668:31a-20	zhal bzang zla ba nya ba 'dra //	zhal_0 bzang_5 zla_11 ba_15 nya_18 ba_22 'dra_25 
K12D0705=D0900_D0706_H0668:31a-21	sku smad rin chen kun gyis brgyan //	sku_0 smad_4 rin_9 chen_13 kun_18 gyis_22 rgyan_27 
K12D0705=D0900_D0706_H0668:31a-22	gser gyi mchod sdong 'dra bar gnas //	gser_0 gyi_5 mchod_9 sdong_15 'dra_21 ba_26 gnas_30 
K12D0705=D0900_D0706_H0668:31a-23	'od zer nyi ma stong bas lhag /	'od_0 zer_4 nyi_8 ma_12 stong_15 ba_21 lhag_25 
K12D0705=D0900_D0706_H0668:31a-24	tshangs pa la sogs phyag bgyis pa'i //	tshangs_0 ba_8 la_11 sogs_14 phyag_19 bgyid_25 ba_31 
K12D0705=D0900_D0706_H0668:31a-25	'jig rten mgon la phyag 'tshal lo //	'jig_0 rten_5 mgon_10 la_15 phyag_18 'tshal_24 lo_31 
K12D0705=D0900_D0706_H0668:31a-26	gang la la zhig 'phags pa spyan ras gzigs dbang	gang_0 la_5 la_8 'jig_11 'phag_16 ba_23 spyan_26 ras_32 gzigs_36 dbang_42 
K12D0705=D0900_D0706_H0668:31a-27	phyug la mtshan brgya rtsa brgyad kyis gang zhig bstod	phyug_0 la_6 mtshan_9 brgya_16 rtsa_22 brgyad_27 kyis_34 gang_39 'jig_44 bstod_49 
K12D0705=D0900_D0706_H0668:31a-28	pa byed pa de mtshams med pa lnga byas pa'i	ba_0 byed_3 ba_8 de_11 mtshams_14 med_22 ba_26 lnga_29 byed_34 ba_39 
K12D0705=D0900_D0706_H0668:31a-29	las kyi sgrib pa yongs su byang bar 'gyur ro	las_0 kyi_4 sgrib_8 ba_14 yongs_17 su_23 byang_26 ba_32 'gyur_36 ro_42 
K12D0705=D0900_D0706_H0668:31a-30	// dkyil 'khor thams cad du zhugs par 'gyur ro //	dkyil_3 'khor_9 thams_15 cad_21 du_25 'jug_28 ba_34 'gyur_38 ro_44 
K12D0705=D0900_D0706_H0668:31b-0	gsang sngags @31b thams cad kyang 'grub par 'gyur ro //	gsang_0 sngags_6 thams_18 cad_24 kyang_28 'grub_34 ba_40 'gyur_44 ro_50 
K12D0705=D0900_D0706_H0668:31b-1	bskal pa stong gi bar du yang ngan 'gror mi skye'o //	bskal_0 ba_6 stong_9 gi_15 ba_18 du_22 yang_25 ngan_30 'gror_35 mi_41 skye_44 
K12D0705=D0900_D0706_H0668:31b-2	mnar med par mi 'gro'o //	mnar_0 med_5 ba_9 mi_13 'gro_16 
K12D0705=D0900_D0706_H0668:31b-3	su zhig nang par langs nas klog gam /	su_0 'jig_3 nang_8 ba_13 ldang_17 nas_23 klog_27 gam_32 
K12D0705=D0900_D0706_H0668:31b-4	klog tu 'jug gam /	klog_0 tu_5 'jug_8 gam_13 
K12D0705=D0900_D0706_H0668:31b-5	kha ton du 'don na /	kha_0 ton_4 du_8 'don_11 na_16 
K12D0705=D0900_D0706_H0668:31b-6	mi de'i lus la mdze dang /	mi_0 de_3 lus_8 la_12 mdze_15 dang_20 
K12D0705=D0900_D0706_H0668:31b-7	shu ba dang /	shu_0 ba_4 dang_7 
K12D0705=D0900_D0706_H0668:31b-8	glo na ba dang /	glo_0 na_4 ba_7 dang_10 
K12D0705=D0900_D0706_H0668:31b-9	dbugs mi bde ba la sogs pa'i nad thams cad las thar bar 'gyur ro //	dbugs_0 mi_6 bde_9 ba_13 la_16 sogs_19 ba_24 nad_29 thams_33 cad_39 las_43 thar_47 ba_52 'gyur_56 ro_62 
K12D0705=D0900_D0706_H0668:31b-10	skyes so cog tu skye ba dran par 'gyur ro //	skye_0 so_6 cog_9 tu_13 skye_16 ba_21 dran_24 ba_29 'gyur_33 ro_39 
K12D0705=D0900_D0706_H0668:31b-11	lha'i bu dang 'dra bar 'gyur ro //	lha_0 bu_6 dang_9 'dra_14 ba_19 'gyur_23 ro_29 
K12D0705=D0900_D0706_H0668:31b-12	'chi ba'i dus kyi tshe na yang 'jig rten gyi	'chi_0 ba_5 dus_10 kyi_14 tshe_18 na_23 yang_26 'jig_31 rten_36 gyi_41 
K12D0705=D0900_D0706_H0668:31b-13	khams bde ba can du skye bar 'gyur ro; ;gar	khams_0 bde_6 ba_10 can_13 du_17 skye_20 ba_25 'gyur_29 ro;_35 ;gar_39 
K12D0705=D0900_D0706_H0668:31b-14	skyes kyang 'phags pa spyan ras gzigs dbang phyug dang	skye_0 kyang_6 'phag_12 ba_19 spyan_22 ras_28 gzigs_32 dbang_38 phyug_44 dang_50 
K12D0705=D0900_D0706_H0668:31b-15	mi 'bral bar 'gyur ro //	mi_0 'bral_3 ba_9 'gyur_13 ro_19 
K12D0705=D0900_D0706_H0668:31b-16	rtag tu bzlas brjod byas na /	rtag_0 tu_5 bzlas_8 rjod_14 byed_20 na_25 
K12D0705=D0900_D0706_H0668:31b-17	yid gzhungs par 'gyur ro //	yid_0 gzhungs_4 ba_12 'gyur_16 ro_22 
K12D0705=D0900_D0706_H0668:31b-18	sems dpa' bar 'gyur ro //	sems_0 dpa'_5 ba_10 'gyur_14 ro_20 
K12D0705=D0900_D0706_H0668:31b-19	dbyangs snyan par 'gyur ro //	dbyangs_0 snyan_8 ba_14 'gyur_18 ro_24 
K12D0705=D0900_D0706_H0668:31b-20	skal ba bzang por 'gyur ro //	skal_0 ba_5 bzang_8 por_14 'gyur_18 ro_24 
K12D0705=D0900_D0706_H0668:31b-21	gtsug lag thams cad la mkhas par 'gyur ro //	gtsug_0 lag_6 thams_10 cad_16 la_20 mkhas_23 ba_29 'gyur_33 ro_39 
K12D0705=D0900_D0706_H0668:31b-22	tshig btsun par 'gyur ro //	tshig_0 btsun_6 ba_12 'gyur_16 ro_22 
K12D0705=D0900_D0706_H0668:31b-23	bstod pa 'dis bstod na /	bstod_0 ba_6 'dis_9 bstod_14 na_20 
K12D0705=D0900_D0706_H0668:31b-24	sangs rgyas bcom ldan 'das gangg'a'i klung drug cu rtsa	sangs_0 rgya_6 'joms_12 ldan_17 'da'_22 gangg'i_27 klung_37 drug_43 cu_48 rtsa_51 
K12D0705=D0900_D0706_H0668:31b-25	gnyis kyi bye ma snyed dag la mchod pa byas	gnyis_0 kyi_6 'bye_10 ma_14 snyed_17 'dag_23 la_27 mchod_30 ba_36 byed_39 
K12D0705=D0900_D0706_H0668:31b-26	par 'gyur te / rnam par smin pa yang de dang 'dra bas na bye brag med do //	ba_0 'gyur_4 te_10 rnam_15 ba_20 smin_24 ba_29 yang_32 de_37 dang_40 'dra_45 ba_50 na_54 'bye_57 brag_61 med_66 do_70 
K12D0705=D0900_D0706_H0668:31b-27	rgyal ba thams cad kyi ring bsrel rin po che	rgyal_0 ba_6 thams_9 cad_15 kyi_19 ring_23 bsrel_28 rin_34 po_38 che_41 
K12D0705=D0900_D0706_H0668:31b-28	za ma tog ces bya ba 'phags pa spyan ras	za_0 ma_3 tog_6 ces_10 byed_14 ba_18 'phag_21 ba_28 spyan_31 ras_37 
K12D0705=D0900_D0706_H0668:31b-29	gzigs dbang phyug gi mtshan brgya rtsa brgyad pa rdzogs	gzigs_0 dbang_6 phyug_12 gi_18 mtshan_21 brgya_28 rtsa_34 brgyad_39 ba_46 rdzogs_49 
