K12D0489=D0017_H0455=H0019:288a-0	@288a / / gya gar skad du /	gar_14 skad_18 du_23 
K12D0489=D0017_H0455=H0019:288a-1	a'arya pradzany'a pa ra mi ta na ya sha ta pa nytsa sha ti k'a //	a_0 pradzany_7 ba_18 ra_21 mi_24 ta_27 na_30 ya_33 sha_36 ta_40 ba_43 nytsa_46 sha_52 ti_56 k_59 
K12D0489=D0017_H0455=H0019:288a-2	bod skad du /	'bod_0 skad_4 du_9 
K12D0489=D0017_H0455=H0019:288a-3	'phags pa shes rab kyi pha rol tu phyin pa'i tshul brgya lnga bcu ba //	'phag_0 ba_7 shes_10 rab_15 kyi_19 pha_23 rol_27 tu_31 phyin_34 ba_40 tshul_45 brgya_51 lnga_57 'chu_62 ba_66 
K12D0489=D0017_H0455=H0019:288a-4	bcom ldan 'das shes rab kyi pha rol tu phyin pa la phyag 'tshal lo //	'joms_0 ldan_5 'da'_10 shes_15 rab_20 kyi_24 pha_28 rol_32 tu_36 phyin_39 ba_45 la_48 phyag_51 'tshal_57 lo_64 
K12D0489=D0017_H0455=H0019:288a-5	'di skad bdag gis thos pa'i dus gcig na / com	'di_0 skad_4 bdag_9 gis_14 thos_18 ba_23 dus_28 gcig_32 na_37 
K12D0489=D0017_H0455=H0019:288a-6	ldan 'das de bzhin gshegs pa thams cad kyis mkhyen	ldan_0 'da'_5 de_10 bzhin_13 gshegs_19 ba_26 thams_29 cad_35 kyis_39 mkhyen_44 
K12D0489=D0017_H0455=H0019:288a-7	pa'i bye brag rnam pa tha dad pa dang ldan	ba_0 'bye_5 brag_9 rnam_14 ba_19 tha_22 dad_26 ba_30 dang_33 ldan_38 
K12D0489=D0017_H0455=H0019:288a-8	pa / de bzhin gshegs pa rin po che thams cad kyi cod pan gyis /	ba_0 de_5 bzhin_8 gshegs_14 ba_21 rin_24 po_28 che_31 thams_35 cad_41 kyi_45 cod_49 pan_53 gyis_57 
K12D0489=D0017_H0455=H0019:288a-9	khams gsum du dbang bcu rdzogs pa /	khams_0 gsum_6 du_11 dbang_14 'chu_20 rdzogs_24 ba_31 
K12D0489=D0017_H0455=H0019:288a-10	de bzhin gshegs pa thams cad kyi ma /	de_0 bzhin_3 gshegs_9 ba_16 thams_19 cad_25 kyi_29 ma_33 
K12D0489=D0017_H0455=H0019:288a-11	thams cad mkhyen pa'i ye shes dang ldan pa /	thams_0 cad_6 mkhyen_10 ba_17 ye_22 shes_25 dang_30 ldan_35 ba_40 
K12D0489=D0017_H0455=H0019:288a-12	rnal 'byor can chen po'i dbang phyug /	rnal_0 'byor_5 can_11 chen_15 po_20 dbang_25 phyug_31 
K12D0489=D0017_H0455=H0019:288a-13	de bzhin gshegs pa thams cad kyi phyag rgyas chos	de_0 bzhin_3 gshegs_9 ba_16 thams_19 cad_25 kyi_29 phyag_33 rgya_39 chos_45 
K12D0489=D0017_H0455=H0019:288a-14	thams cad kyi mnyam pa nyid thugs su chud pa	thams_0 cad_6 kyi_10 mnyam_14 ba_20 nyid_23 thugs_28 su_34 chud_37 ba_42 
K12D0489=D0017_H0455=H0019:288a-15	/ sna tshogs kyi bya ba mdzad de ma lus	sna_2 tshogs_6 kyi_13 byed_17 ba_21 mdzad_24 de_30 ma_33 lus_36 
K12D0489=D0017_H0455=H0019:288a-16	pa na sems can gyi khams lus pa med pa	ba_0 na_3 sems_6 can_11 gyi_15 khams_19 lus_25 ba_29 med_32 ba_36 
K12D0489=D0017_H0455=H0019:288a-17	thams cad kyi re ba thams cad yongs su bskang	thams_0 cad_6 kyi_10 re_14 ba_17 thams_20 cad_26 yongs_30 su_36 skong_39 
K12D0489=D0017_H0455=H0019:288a-18	ba'i 'phrin las mdzad pa /	ba_0 'phrin_5 las_12 mdzad_16 ba_22 
K12D0489=D0017_H0455=H0019:288a-19	thugs rje chen po rnam par snang mdzad chen po /	thugs_0 rje_6 chen_10 po_15 rnam_18 ba_23 snang_27 mdzad_33 chen_39 po_44 
K12D0489=D0017_H0455=H0019:288b-0	rtag pa khams gsum @288b gyi mnyam pa nyid la bzhugs pa /	rtag_0 ba_5 khams_8 gsum_14 gyi_25 mnyam_29 ba_35 nyid_38 la_43 bzhugs_46 ba_53 
K12D0489=D0017_H0455=H0019:288b-1	sku dang /	sku_0 dang_4 
K12D0489=D0017_H0455=H0019:288b-2	gsung dang /	gsung_0 dang_6 
K12D0489=D0017_H0455=H0019:288b-3	thugs thams cad rdo rje de bzhin gshegs pa /	thugs_0 thams_6 cad_12 rdo_16 rje_20 de_24 bzhin_27 gshegs_33 ba_40 
K12D0489=D0017_H0455=H0019:288b-4	lha'i rgyal po gzhan 'phrul dbang byed kyi gnas //	lha_0 rgyal_6 po_12 gzhan_15 'phrul_21 dbang_28 byed_34 kyi_39 gnas_43 
K12D0489=D0017_H0455=H0019:288b-5	'dod pa'i khams thams cad na /	'dod_0 ba_5 khams_10 thams_16 cad_22 na_26 
K12D0489=D0017_H0455=H0019:288b-6	nor bu rin po che chen pos rab tu spras pa dang /	nor_0 bu_4 rin_7 po_11 che_14 chen_18 pos_23 rab_27 tu_31 spras_34 ba_40 dang_43 
K12D0489=D0017_H0455=H0019:288b-7	ba dan kha dog sna tshogs dril bu brgyus pa rlung gis bskyod pa dang /	ba_0 dan_3 kha_7 dog_11 sna_15 tshogs_19 'dril_26 bu_31 rgyud_34 ba_41 rlung_44 gis_50 skyod_54 ba_61 dang_64 
K12D0489=D0017_H0455=H0019:288b-8	me tog gi phreng ba dang /	me_0 tog_3 gi_7 phreng_10 ba_17 dang_20 
K12D0489=D0017_H0455=H0019:288b-9	rnga ma dang /	rnga_0 ma_5 dang_8 
K12D0489=D0017_H0455=H0019:288b-10	rgyan phreng dang /	rgyan_0 phreng_6 dang_13 
K12D0489=D0017_H0455=H0019:288b-11	chun 'phyang dang /	'chun_0 'phyang_5 dang_13 
K12D0489=D0017_H0455=H0019:288b-12	zla ba lta bus mdzes par byas pa //	zla_0 ba_4 lta_7 'bud_11 mdzes_15 ba_21 byed_25 ba_30 
K12D0489=D0017_H0455=H0019:288b-13	de bzhin gshegs pa thams cad bzhugs pa /	de_0 bzhin_3 gshegs_9 ba_16 thams_19 cad_25 bzhugs_29 ba_36 
K12D0489=D0017_H0455=H0019:288b-14	shes pa bstod pa na /	shes_0 ba_5 bstod_8 ba_14 na_17 
K12D0489=D0017_H0455=H0019:288b-15	byang chub sems dpa' bye ba phrag brgya dang thabs cig tu bzhugs pa la 'di lta ste /	byang_0 chub_6 sems_11 dpa'_16 'bye_21 ba_25 phrag_28 brgya_34 dang_40 thabs_45 cig_51 tu_55 bzhugs_58 ba_65 la_68 'di_71 lta_75 ste_79 
K12D0489=D0017_H0455=H0019:288b-16	byang chub sems dpa' sems dpa' chen po lag na rdo rje dang /	byang_0 chub_6 sems_11 dpa'_16 sems_21 dpa'_26 chen_31 po_36 lag_39 na_43 rdo_46 rje_50 dang_54 
K12D0489=D0017_H0455=H0019:288b-17	spyan ras gzigs dbang phyug dang /	spyan_0 ras_6 gzigs_10 dbang_16 phyug_22 dang_28 
K12D0489=D0017_H0455=H0019:288b-18	nam mkha'i snying po dang /	nam_0 mkha_4 snying_11 po_18 dang_21 
K12D0489=D0017_H0455=H0019:288b-19	rdo rje khu tshur dang /	rdo_0 rje_4 khu_8 tshur_12 dang_18 
K12D0489=D0017_H0455=H0019:288b-20	'jam dpal dang /	'jam_0 dpal_5 dang_10 
K12D0489=D0017_H0455=H0019:288b-21	sems bskyed ma thag tu chos kyi 'khor lo bskor ba dang /	sems_0 skyed_5 ma_12 thag_15 tu_20 chos_23 kyi_28 'khor_32 lo_38 skor_41 ba_47 dang_50 
K12D0489=D0017_H0455=H0019:288b-22	nam mkha' mdzod dang /	nam_0 mkha'_4 mdzod_10 dang_16 
K12D0489=D0017_H0455=H0019:288b-23	byang chub sems dpa' sems dpa' chen po bdud kyi stobs thams cad rab tu 'joms pa dang /	byang_0 chub_6 sems_11 dpa'_16 sems_21 dpa'_26 chen_31 po_36 bdud_39 kyi_44 stobs_48 thams_54 cad_60 rab_64 tu_68 'joms_71 ba_77 dang_80 
K12D0489=D0017_H0455=H0019:288b-24	de dag la sogs pa byang chub sems dpa' bye ba phrag brgya dang thabs cig ste /	de_0 'dag_3 la_7 sogs_10 ba_15 byang_18 chub_24 sems_29 dpa'_34 'bye_39 ba_43 phrag_46 brgya_52 dang_58 thabs_63 cig_69 ste_73 
K12D0489=D0017_H0455=H0019:288b-25	yongs su bskor cing mdun gyis bltas nas chos ston te /	yongs_0 su_6 skor_9 cing_15 mdun_20 gyis_25 lta_30 nas_36 chos_40 ston_45 te_50 
K12D0489=D0017_H0455=H0019:288b-26	shes rab kyi pha rol tu phyin pa'i tshul chos	shes_0 rab_5 kyi_9 pha_13 rol_17 tu_21 phyin_24 ba_30 tshul_35 chos_41 
K12D0489=D0017_H0455=H0019:288b-27	thams cad kyi ngo bo nyid rnam par dag pa'i	thams_0 cad_6 kyi_10 ngo_14 'bo_18 nyid_21 rnam_26 ba_31 'dag_35 ba_39 
K12D0489=D0017_H0455=H0019:288b-28	sgo zhes bya ba /	sgo_0 zhes_4 byed_9 ba_13 
K12D0489=D0017_H0455=H0019:288b-29	thog mar dge ba /	thogs_0 mar_5 dge_9 ba_13 
K12D0489=D0017_H0455=H0019:289a-0	bar du @289a *//	ba_0 du_4 
K12D0489=D0017_H0455=H0019:289a-1	dge ba /	dge_0 ba_4 
K12D0489=D0017_H0455=H0019:289a-2	tha mar dge ba /	tha_0 mar_4 dge_8 ba_12 
K12D0489=D0017_H0455=H0019:289a-3	don bzang po /	don_0 bzang_4 po_10 
K12D0489=D0017_H0455=H0019:289a-4	tshig 'bru bzang po /	tshig_0 'bru_6 bzang_11 po_17 
K12D0489=D0017_H0455=H0019:289a-5	ma 'dres pa /	ma_0 'dre_3 ba_9 
K12D0489=D0017_H0455=H0019:289a-6	yongs su rdzogs pa /	yongs_0 su_6 rdzogs_9 ba_16 
K12D0489=D0017_H0455=H0019:289a-7	yongs su byang ba /	yongs_0 su_6 byang_9 ba_15 
K12D0489=D0017_H0455=H0019:289a-8	yang dag par ston te /	yang_0 'dag_5 ba_9 ston_13 te_18 
K12D0489=D0017_H0455=H0019:289a-9	'di ltar rab tu dga' ba rnam par dag pa'i gnas de ni /	'di_0 ltar_4 rab_9 tu_13 dga'_16 ba_21 rnam_24 ba_29 'dag_33 ba_37 gnas_42 de_47 ni_50 
K12D0489=D0017_H0455=H0019:289a-10	'di lta ste /	'di_0 lta_4 ste_8 
K12D0489=D0017_H0455=H0019:289a-11	byang chub sems pa'i gnas so //	byang_0 chub_6 sems_11 ba_16 gnas_21 so_26 
K12D0489=D0017_H0455=H0019:289a-12	'dod chags kyi mtha' rnam par dag pa'i gnas de ni //	'dod_0 chags_5 kyi_11 mtha'_15 rnam_21 ba_26 'dag_30 ba_34 gnas_39 de_44 ni_47 
K12D0489=D0017_H0455=H0019:289a-13	'di lta ste /	'di_0 lta_4 ste_8 
K12D0489=D0017_H0455=H0019:289a-14	byang chub sems dpa'i gnas so //	byang_0 chub_6 sems_11 dpa_16 gnas_22 so_27 
K12D0489=D0017_H0455=H0019:289a-15	reg pa rnam par dag pa'i gnas de ni /	reg_0 ba_4 rnam_7 ba_12 'dag_16 ba_20 gnas_25 de_30 ni_33 
K12D0489=D0017_H0455=H0019:289a-16	'di lta ste /	'di_0 lta_4 ste_8 
K12D0489=D0017_H0455=H0019:289a-17	byang chub sems dpa'i gnas so //	byang_0 chub_6 sems_11 dpa_16 gnas_22 so_27 
K12D0489=D0017_H0455=H0019:289a-18	sdug pa'i 'ching ba rnam par dag pa'i gnas so //	sdug_0 ba_5 'ching_10 ba_17 rnam_20 ba_25 'dag_29 ba_33 gnas_38 so_43 
K12D0489=D0017_H0455=H0019:289a-19	lta ba rnam par dag pa'i gnas de ni /	lta_0 ba_4 rnam_7 ba_12 'dag_16 ba_20 gnas_25 de_30 ni_33 
K12D0489=D0017_H0455=H0019:289a-20	'di lta ste /	'di_0 lta_4 ste_8 
K12D0489=D0017_H0455=H0019:289a-21	byang chub sems dpa'i gnas so //	byang_0 chub_6 sems_11 dpa_16 gnas_22 so_27 
K12D0489=D0017_H0455=H0019:289a-22	dga' ba rnam par dag pa'i gnas de ni //	dga'_0 ba_5 rnam_8 ba_13 'dag_17 ba_21 gnas_26 de_31 ni_34 
K12D0489=D0017_H0455=H0019:289a-23	'di lta ste /	'di_0 lta_4 ste_8 
K12D0489=D0017_H0455=H0019:289a-24	byang chub sems dpa'i gnas so //	byang_0 chub_6 sems_11 dpa_16 gnas_22 so_27 
K12D0489=D0017_H0455=H0019:289a-25	sred pa rnam par dag pa'i gnas de ni //	sred_0 ba_5 rnam_8 ba_13 'dag_17 ba_21 gnas_26 de_31 ni_34 
K12D0489=D0017_H0455=H0019:289a-26	'di lta ste /	'di_0 lta_4 ste_8 
K12D0489=D0017_H0455=H0019:289a-27	byang chub sems dpa'i gnas so //	byang_0 chub_6 sems_11 dpa_16 gnas_22 so_27 
K12D0489=D0017_H0455=H0019:289a-28	bsnyems pa rnam par dag pa'i gnas de ni 'di lta ste /	snyems_0 ba_8 rnam_11 ba_16 'dag_20 ba_24 gnas_29 de_34 ni_37 'di_40 lta_44 ste_48 
K12D0489=D0017_H0455=H0019:289a-29	byang chub sems dpa'i gnas so //	byang_0 chub_6 sems_11 dpa_16 gnas_22 so_27 
K12D0489=D0017_H0455=H0019:289a-30	rgyan rnam par dag pa'i gnas de ni /	rgyan_0 rnam_6 ba_11 'dag_15 ba_19 gnas_24 de_29 ni_32 
K12D0489=D0017_H0455=H0019:289a-31	'di lta ste /	'di_0 lta_4 ste_8 
K12D0489=D0017_H0455=H0019:289a-32	byang chub sems dpa'i gnas so //	byang_0 chub_6 sems_11 dpa_16 gnas_22 so_27 
K12D0489=D0017_H0455=H0019:289b-0	yid tshim par byed pa [line missing?] @289b rnam par dag pa'i gnas de ni /	yid_0 tshim_4 ba_10 byed_14 ba_19 [line_22 missing?]_28 rnam_44 ba_49 'dag_53 ba_57 gnas_62 de_67 ni_70 
K12D0489=D0017_H0455=H0019:289b-1	'di lta ste /	'di_0 lta_4 ste_8 
K12D0489=D0017_H0455=H0019:289b-2	byang chub sems dpa'i gnas so //	byang_0 chub_6 sems_11 dpa_16 gnas_22 so_27 
K12D0489=D0017_H0455=H0019:289b-3	snang ba rnam par dag pa'i gnas de ni /	snang_0 ba_6 rnam_9 ba_14 'dag_18 ba_22 gnas_27 de_32 ni_35 
K12D0489=D0017_H0455=H0019:289b-4	'di lta ste /	'di_0 lta_4 ste_8 
K12D0489=D0017_H0455=H0019:289b-5	byang chub sems dpa'i gnas so //	byang_0 chub_6 sems_11 dpa_16 gnas_22 so_27 
K12D0489=D0017_H0455=H0019:289b-6	lus bde ba rnam par dag pa'i gnas de ni /	lus_0 bde_4 ba_8 rnam_11 ba_16 'dag_20 ba_24 gnas_29 de_34 ni_37 
K12D0489=D0017_H0455=H0019:289b-7	'di lta ste /	'di_0 lta_4 ste_8 
K12D0489=D0017_H0455=H0019:289b-8	byang chub sems dpa'i gnas so //	byang_0 chub_6 sems_11 dpa_16 gnas_22 so_27 
K12D0489=D0017_H0455=H0019:289b-9	gzugs rnam par dag pa'i gnas de ni /	gzugs_0 rnam_6 ba_11 'dag_15 ba_19 gnas_24 de_29 ni_32 
K12D0489=D0017_H0455=H0019:289b-10	'di lta ste /	'di_0 lta_4 ste_8 
K12D0489=D0017_H0455=H0019:289b-11	byang chub sems dpa'i gnas so //	byang_0 chub_6 sems_11 dpa_16 gnas_22 so_27 
K12D0489=D0017_H0455=H0019:289b-12	sgra rnam par dag pa'i gnas de ni /	sgra_0 rnam_5 ba_10 'dag_14 ba_18 gnas_23 de_28 ni_31 
K12D0489=D0017_H0455=H0019:289b-13	'di lta ste /	'di_0 lta_4 ste_8 
K12D0489=D0017_H0455=H0019:289b-14	byang chub sems dpa'i gnas so //	byang_0 chub_6 sems_11 dpa_16 gnas_22 so_27 
K12D0489=D0017_H0455=H0019:289b-15	dri rnam par dag pa'i gnas de ni /	'dri_0 rnam_4 ba_9 'dag_13 ba_17 gnas_22 de_27 ni_30 
K12D0489=D0017_H0455=H0019:289b-16	'di lta ste /	'di_0 lta_4 ste_8 
K12D0489=D0017_H0455=H0019:289b-17	byang chub sems dpa'i gnas so; ;ro rnam par dag pa'i gnas de ni /	byang_0 chub_6 sems_11 dpa_16 gnas_22 so;_27 ;ro_31 rnam_35 ba_40 'dag_44 ba_48 gnas_53 de_58 ni_61 
K12D0489=D0017_H0455=H0019:289b-18	'di lta ste /	'di_0 lta_4 ste_8 
K12D0489=D0017_H0455=H0019:289b-19	byang chub sems dpa'i gnas so //	byang_0 chub_6 sems_11 dpa_16 gnas_22 so_27 
K12D0489=D0017_H0455=H0019:289b-20	reg rnam par dag pa'i gnas de ni /	reg_0 rnam_4 ba_9 'dag_13 ba_17 gnas_22 de_27 ni_30 
K12D0489=D0017_H0455=H0019:289b-21	'di lta ste /	'di_0 lta_4 ste_8 
K12D0489=D0017_H0455=H0019:289b-22	byang chub sems dpa'i gnas so; ;de ci'i phyir zhe na /	byang_0 chub_6 sems_11 dpa_16 gnas_22 so;_27 ;de_31 ci_35 phyir_40 zhe_46 na_50 
K12D0489=D0017_H0455=H0019:289b-23	'di ltar chos thams cad ni ngo bo nyid kyi rnam par dag pa ste /	'di_0 ltar_4 chos_9 thams_14 cad_20 ni_24 ngo_27 'bo_31 nyid_34 kyi_39 rnam_43 ba_48 'dag_52 ba_56 ste_59 
K12D0489=D0017_H0455=H0019:289b-24	chos thams cad kyi ngo bo nyid kyi stong pa nyid pas /	chos_0 thams_5 cad_11 kyi_15 ngo_19 'bo_23 nyid_26 kyi_31 stong_35 ba_41 nyid_44 ba_49 
K12D0489=D0017_H0455=H0019:289b-25	shes rab kyi pha rol tu phyin pa yongs su dag pa'o //	shes_0 rab_5 kyi_9 pha_13 rol_17 tu_21 phyin_24 ba_30 yongs_33 su_39 'dag_42 ba_46 
K12D0489=D0017_H0455=H0019:289b-26	lag na rdo rje //	lag_0 na_4 rdo_7 rje_11 
K12D0489=D0017_H0455=H0019:289b-27	su la las chos thams cad kyi ngo bo nyid	su_0 la_3 las_6 chos_10 thams_15 cad_21 kyi_25 ngo_29 'bo_33 nyid_36 
K12D0489=D0017_H0455=H0019:289b-28	rnam par dag pa'i sgo sgrub pa'i shes rab kyi	rnam_0 ba_5 'dag_9 ba_13 sgo_18 sgrub_22 ba_28 shes_33 rab_38 kyi_42 
K12D0489=D0017_H0455=H0019:289b-29	pha rol tu phyin pa'i tshul 'di lan gcig thos	pha_0 rol_4 tu_8 phyin_11 ba_17 tshul_22 'di_28 lan_32 gcig_36 thos_41 
K12D0489=D0017_H0455=H0019:289b-30	na yang / de byang chub kyi snying po'i bar du sgrib pa thams cad dang /	na_0 yang_3 de_10 byang_13 chub_19 kyi_24 snying_28 po_35 ba_40 du_44 sgrib_47 ba_53 thams_56 cad_62 dang_66 
K12D0489=D0017_H0455=H0019:289b-31	chod pa dang /	chod_0 ba_5 dang_8 
K12D0489=D0017_H0455=H0019:289b-32	nyon mongs pa'i sgrib pa dang /	nyon_0 mongs_5 ba_11 sgrib_16 ba_22 dang_25 
K12D0489=D0017_H0455=H0019:289b-33	chos kyi sgrib pa dang /	chos_0 kyi_5 sgrib_9 ba_15 dang_18 
K12D0489=D0017_H0455=H0019:290a-0	las kyi sgrib pa chen po bsags kyang @290a *//	las_0 kyi_4 sgrib_8 ba_14 chen_17 po_22 bsags_25 kyang_31 
K12D0489=D0017_H0455=H0019:290a-1	sems can dmyal ba la sogs pa ngan song du nam yang skye bar mi 'gyur /	sems_0 can_5 dmyal_9 ba_15 la_18 sogs_21 ba_26 ngan_29 'gro_34 du_39 nam_42 yang_46 skye_51 ba_56 mi_60 'gyur_63 
K12D0489=D0017_H0455=H0019:290a-2	sdig pa yang byas ma thag tu sdug bsngal med	sdig_0 ba_5 yang_8 byed_13 ma_18 thag_21 tu_26 sdug_29 sngal_34 med_41 
K12D0489=D0017_H0455=H0019:290a-3	par byang bar 'gyur ro; ;su zhig 'dzin pa dang	ba_0 byang_4 ba_10 'gyur_14 ro;_20 ;su_24 'jig_28 'dzin_33 ba_39 dang_42 
K12D0489=D0017_H0455=H0019:290a-4	/ nyin re bzhin klog pa dang /	nyin_2 re_7 bzhin_10 klog_16 ba_21 dang_24 
K12D0489=D0017_H0455=H0019:290a-5	kha ton byed pa dang /	kha_0 ton_4 byed_8 ba_13 dang_16 
K12D0489=D0017_H0455=H0019:290a-6	tshul bzhin yid la byed pa de tshe 'di nyid	tshul_0 bzhin_6 yid_12 la_16 byed_19 ba_24 de_27 tshe_30 'di_35 nyid_39 
K12D0489=D0017_H0455=H0019:290a-7	la chos thams cad kyi mnyam pa nyid rdo rje'i	la_0 chos_3 thams_8 cad_14 kyi_18 mnyam_22 ba_28 nyid_31 rdo_36 rje_40 
K12D0489=D0017_H0455=H0019:290a-8	ting nge 'dzin thob pas /	ting_0 nge_5 'dzin_9 'thob_15 ba_20 
K12D0489=D0017_H0455=H0019:290a-9	chos thams cad la dbang bsgyur bar 'gyur ro //	chos_0 thams_5 cad_11 la_15 dbang_18 sgyur_24 ba_31 'gyur_35 ro_41 
K12D0489=D0017_H0455=H0019:290a-10	chos thams cad la dga' ba dang /	chos_0 thams_5 cad_11 la_15 dga'_18 ba_23 dang_26 
K12D0489=D0017_H0455=H0019:290a-11	mgu ba dang /	mgu_0 ba_4 dang_7 
K12D0489=D0017_H0455=H0019:290a-12	mchog tu dga' ba myong bar 'gyur ro //	mchog_0 tu_6 dga'_9 ba_14 myong_17 ba_23 'gyur_27 ro_33 
K12D0489=D0017_H0455=H0019:290a-13	byang chub sems dpa' chen po'i tshe bcu drug gis de bzhin gshegs pa 'am /	byang_0 chub_6 sems_11 dpa'_16 chen_21 po_26 tshe_31 'chu_36 drug_40 gis_45 de_49 bzhin_52 gshegs_58 ba_65 'am_68 
K12D0489=D0017_H0455=H0019:290a-14	rdo rje 'dzin thob par 'gyur ro //	rdo_0 rje_4 'dzin_8 'thob_14 ba_19 'gyur_23 ro_29 
K12D0489=D0017_H0455=H0019:290a-15	de nas bcom ldan 'das lag na rdo rje de bzhin gshegs pa thams cad pa /	de_0 nas_3 'joms_7 ldan_12 'da'_17 lag_22 na_26 rdo_29 rje_33 de_37 bzhin_40 gshegs_46 ba_53 thams_56 cad_62 ba_66 
K12D0489=D0017_H0455=H0019:290a-16	theg pa chen po mngon par rtogs pa /	theg_0 ba_5 chen_8 po_13 mngon_16 ba_22 rtogs_26 ba_32 
K12D0489=D0017_H0455=H0019:290a-17	dkyil 'khor thams cad pa //	dkyil_0 'khor_6 thams_12 cad_18 ba_22 
K12D0489=D0017_H0455=H0019:290a-18	rdo rje 'dzin mtha' dag gi sems can gyi mchog	rdo_0 rje_4 'dzin_8 mtha'_14 'dag_20 gi_24 sems_27 can_32 gyi_36 mchog_40 
K12D0489=D0017_H0455=H0019:290a-19	khams gsum ma lus pa dag na; 'jig rten gsum	khams_0 gsum_6 ma_11 lus_14 ba_18 'dag_21 na;_25 'jig_29 rten_34 gsum_39 
K12D0489=D0017_H0455=H0019:290a-20	po thams cad las rnam par rgyal ba /	po_0 thams_3 cad_9 las_13 rnam_17 ba_22 rgyal_26 ba_32 
K12D0489=D0017_H0455=H0019:290a-21	sems can gyi khams lus pa med pa 'dul ba /	sems_0 can_5 gyi_9 khams_13 lus_19 ba_23 med_26 ba_30 'dul_33 ba_38 
K12D0489=D0017_H0455=H0019:290a-22	don thams cad grub pa /	don_0 thams_4 cad_10 'grub_14 ba_19 
K12D0489=D0017_H0455=H0019:290a-23	dam tshig chen po pa /	dam_0 tshig_4 chen_10 po_15 ba_18 
K12D0489=D0017_H0455=H0019:290a-24	rdo rje gsang ba'i sems can du mas g-yog byas	rdo_0 rje_4 gsang_8 ba_14 sems_19 can_24 du_28 mas_31 g-yog_35 byed_41 
K12D0489=D0017_H0455=H0019:290a-25	pa de shes rab kyi pha rol tu phyin pa'i	ba_0 de_3 shes_6 rab_11 kyi_15 pha_19 rol_23 tu_27 phyin_30 ba_36 
K12D0489=D0017_H0455=H0019:290a-26	tshul gyi don 'di ston te /	tshul_0 gyi_6 don_10 'di_14 ston_18 te_23 
K12D0489=D0017_H0455=H0019:290b-0	bzhin rab tu 'dzum zhing lag pa g-yon pa rdo rje bsgyings @290b te /	bzhin_0 rab_6 tu_10 'dzum_13 zhing_19 lag_25 ba_29 g-yon_32 ba_38 rdo_41 rje_45 sgying_49 te_64 
K12D0489=D0017_H0455=H0019:290b-1	thog ma'i rdo rje chen po gsor nas /	thogs_0 ma_5 rdo_10 rje_14 chen_18 po_23 gsor_26 nas_31 
K12D0489=D0017_H0455=H0019:290b-2	rang gi snying gar gtod pa'i tshul gyis 'dzin cing /	rang_0 gi_5 snying_8 gar_15 gtod_19 ba_24 tshul_29 gyis_35 'dzin_40 cing_46 
K12D0489=D0017_H0455=H0019:290b-3	bde ba chen po rdo rje don yod pa'i dam	bde_0 ba_4 chen_7 po_12 rdo_15 rje_19 don_23 yod_27 ba_31 dam_36 
K12D0489=D0017_H0455=H0019:290b-4	tshil gces bya ba rang gi de kho na nyid	tshil_0 gces_6 byed_11 ba_15 rang_18 gi_23 de_26 kho_29 na_33 nyid_36 
K12D0489=D0017_H0455=H0019:290b-5	kyi snying po 'di smras so //	kyi_0 snying_4 po_11 'di_14 smras_18 so_24 
K12D0489=D0017_H0455=H0019:290b-7	h'um/ de nas bcom ldan 'das de bzhin gshegs pa rnam	de_6 nas_9 'joms_13 ldan_18 'da'_23 de_28 bzhin_31 gshegs_37 ba_44 rnam_47 
K12D0489=D0017_H0455=H0019:290b-8	par snang mdzad kyis yang de bzhin gshegs pa thams	ba_0 snang_4 mdzad_10 kyis_16 yang_21 de_26 bzhin_29 gshegs_35 ba_42 thams_45 
K12D0489=D0017_H0455=H0019:290b-9	cad kyi mnyam pa nyid mngon par rdzogs par byang	cad_0 kyi_4 mnyam_8 ba_14 nyid_17 mngon_22 ba_28 rdzogs_32 ba_39 byang_43 
K12D0489=D0017_H0455=H0019:290b-10	chub par sgrub pa zhes bya ba shes rab kyi	chub_0 ba_5 sgrub_9 ba_15 zhes_18 byed_23 ba_27 shes_30 rab_35 kyi_39 
K12D0489=D0017_H0455=H0019:290b-11	pha rol tu phyin pa'i tshul 'di bshad do //	pha_0 rol_4 tu_8 phyin_11 ba_17 tshul_22 'di_28 'chad_32 do_38 
K12D0489=D0017_H0455=H0019:290b-12	rdo rje sra ba nyid kyis phyir /	rdo_0 rje_4 sra_8 ba_12 nyid_15 kyis_20 phyir_25 
K12D0489=D0017_H0455=H0019:290b-13	rdo rje mnyam pa nyid mngon par rdzogs par byang chub pa ni; byang chub chen po'o //	rdo_0 rje_4 mnyam_8 ba_14 nyid_17 mngon_22 ba_28 rdzogs_32 ba_39 byang_43 chub_49 ba_54 ni;_57 byang_61 chub_67 chen_72 po_77 
K12D0489=D0017_H0455=H0019:290b-14	don gcig pa'i phyir don gyi mnyam pa nyid mngon par rdzogs par byang chub pa ni /	don_0 gcig_4 ba_9 phyir_14 don_20 gyi_24 mnyam_28 ba_34 nyid_37 mngon_42 ba_48 rdzogs_52 ba_59 byang_63 chub_69 ba_74 ni_77 
K12D0489=D0017_H0455=H0019:290b-15	byang chub chen po'o //	byang_0 chub_6 chen_11 po_16 
K12D0489=D0017_H0455=H0019:290b-16	ngo bo nyid kyis rnam par dag pa'i phyir chos	ngo_0 'bo_4 nyid_7 kyis_12 rnam_17 ba_22 'dag_26 ba_30 phyir_35 chos_41 
K12D0489=D0017_H0455=H0019:290b-17	kyi mnyam pa nyid mngon par rdzogs par byang chub	kyi_0 mnyam_4 ba_10 nyid_13 mngon_18 ba_24 rdzogs_28 ba_35 byang_39 chub_45 
K12D0489=D0017_H0455=H0019:290b-18	pa ni / byang chub chen po'o //	ba_0 ni_3 byang_8 chub_14 chen_19 po_24 
K12D0489=D0017_H0455=H0019:290b-19	thams cad la rnam par mi rtog pa'i phyir /	thams_0 cad_6 la_10 rnam_13 ba_18 mi_22 rtogs_25 ba_30 phyir_35 
K12D0489=D0017_H0455=H0019:290b-20	thams cad kyi mnyam pa nyid mngon par rdzogs par byang chub pa ni /	thams_0 cad_6 kyi_10 mnyam_14 ba_20 nyid_23 mngon_28 ba_34 rdzogs_38 ba_45 byang_49 chub_55 ba_60 ni_63 
K12D0489=D0017_H0455=H0019:290b-21	byang chub chen po'o //	byang_0 chub_6 chen_11 po_16 
K12D0489=D0017_H0455=H0019:290b-22	lag na rdo rje /	lag_0 na_4 rdo_7 rje_11 
K12D0489=D0017_H0455=H0019:290b-23	su la la chos mngon par sgrub pa bzhi po 'di dag nyan pa dang /	su_0 la_3 la_6 chos_9 mngon_14 ba_20 sgrub_24 ba_30 bzhi_33 po_38 'di_41 'dag_45 nyan_49 ba_54 dang_57 
K12D0489=D0017_H0455=H0019:290b-24	'dzin pa dang /	'dzin_0 ba_6 dang_9 
K12D0489=D0017_H0455=H0019:290b-25	klog pa dang /	klog_0 ba_5 dang_8 
K12D0489=D0017_H0455=H0019:290b-26	sgom pa de sdig pa thams cad spyod kyang /	sgom_0 ba_5 de_8 sdig_11 ba_16 thams_19 cad_25 spyod_29 kyang_35 
K12D0489=D0017_H0455=H0019:290b-27	byang chub kyi snying po la 'dug gi bar du	byang_0 chub_6 kyi_11 snying_15 po_22 la_25 'dug_28 gi_33 ba_36 du_40 
K12D0489=D0017_H0455=H0019:290b-28	ngan song thams cad las yang dag par 'das par	ngan_0 'gro_5 thams_10 cad_16 las_20 yang_24 'dag_29 ba_33 'da'_37 ba_42 
K12D0489=D0017_H0455=H0019:291a-0	'gyur ro // myur du bla na med pa yang dag par @291a *//	'gyur_0 ro_6 myur_12 du_17 bla_20 na_24 med_27 ba_31 yang_34 'dag_39 ba_43 
K12D0489=D0017_H0455=H0019:291a-1	rdzogs pa'i byang chub tu mngon par rdzogs par 'tshang rgya bar 'gyur ro //	rdzogs_0 ba_7 byang_12 chub_18 tu_23 mngon_26 ba_32 rdzogs_36 ba_43 'tshang_47 rgya_55 ba_60 'gyur_64 ro_70 
K12D0489=D0017_H0455=H0019:291a-2	de nas de skad ces bka' stsal nas bcom ldan	de_0 nas_3 de_7 skad_10 ces_15 bka'_19 stsal_24 nas_30 'joms_34 ldan_39 
K12D0489=D0017_H0455=H0019:291a-3	'das ye shes kyi khu tshur yongs su 'dzin pa	'da'_0 ye_5 shes_8 kyi_13 khu_17 tshur_21 yongs_27 su_33 'dzin_36 ba_42 
K12D0489=D0017_H0455=H0019:291a-4	/ don gnas 'di nyid rgya cher ston cing /	don_2 gnas_6 'di_11 nyid_15 rgya_20 cher_25 ston_30 cing_35 
K12D0489=D0017_H0455=H0019:291a-5	bzhin rab tu 'dzum dmul te /	bzhin_0 rab_6 tu_10 'dzum_13 dmul_19 te_24 
K12D0489=D0017_H0455=H0019:291a-6	chos thams cad kyi mnyam pa nyid kyi snying po rab tu smras so //	chos_0 thams_5 cad_11 kyi_15 mnyam_19 ba_25 nyid_28 kyi_33 snying_37 po_44 rab_47 tu_51 smras_54 so_60 
K12D0489=D0017_H0455=H0019:291a-7	aa; de nas ma rungs pa thams cad 'dul ba	aa;_0 de_4 nas_7 ma_11 rungs_14 ba_20 thams_23 cad_29 'dul_33 ba_38 
K12D0489=D0017_H0455=H0019:291a-8	bcom ldan 'das de bzhin gshegs pa sh'akya thub pas	'joms_0 ldan_5 'da'_10 de_15 bzhin_18 gshegs_24 ba_31 sh_34 thub_42 ba_47 
K12D0489=D0017_H0455=H0019:291a-9	kyang yang chos thams cad kyi mnyam pa nyid kyis	kyang_0 yang_6 chos_11 thams_16 cad_22 kyi_26 mnyam_30 ba_36 nyid_39 kyis_44 
K12D0489=D0017_H0455=H0019:291a-10	rnam par rgyal ba bsdu ba zhes bya ba shes	rnam_0 ba_5 rgyal_9 ba_15 sdud_18 ba_23 zhes_26 byed_31 ba_35 shes_38 
K12D0489=D0017_H0455=H0019:291a-11	rab kyi pha rol tu phyin pa sgrub pa 'di	rab_0 kyi_4 pha_8 rol_12 tu_16 phyin_19 ba_25 sgrub_28 ba_34 'di_37 
K12D0489=D0017_H0455=H0019:291a-12	bshad de / 'dod chags kyi spros pa med pa	'chad_0 de_6 'dod_11 chags_16 kyi_22 spros_26 ba_32 med_35 ba_39 
K12D0489=D0017_H0455=H0019:291a-13	nyid kyis zhe sdang gi spros pa med pa nyid	nyid_0 kyis_5 zhe_10 sdang_14 gi_20 spros_23 ba_29 med_32 ba_36 nyid_39 
K12D0489=D0017_H0455=H0019:291a-14	bshad de / do // zhe sdang gi spros pa	'chad_0 de_6 do_11 zhe_17 sdang_21 gi_27 spros_30 ba_36 
K12D0489=D0017_H0455=H0019:291a-15	med pa nyid kyis gti mug gi spros pa med	med_0 ba_4 nyid_7 kyis_12 gti_17 mug_21 gi_25 spros_28 ba_34 med_37 
K12D0489=D0017_H0455=H0019:291a-16	bshad de / do // pa nyid do // gti	'chad_0 de_6 do_11 ba_17 nyid_20 do_25 gti_31 
K12D0489=D0017_H0455=H0019:291a-17	mug gi spros pa med pa nyid kyis chos thams	mug_0 gi_4 spros_7 ba_13 med_16 ba_20 nyid_23 kyis_28 chos_33 thams_38 
K12D0489=D0017_H0455=H0019:291a-18	cad spros pa med pa nyid do //	cad_0 spros_4 ba_10 med_13 ba_17 nyid_20 do_25 
K12D0489=D0017_H0455=H0019:291a-19	chos thams cad kyi spros pa med pa nyid kyis	chos_0 thams_5 cad_11 kyi_15 spros_19 ba_25 med_28 ba_32 nyid_35 kyis_40 
K12D0489=D0017_H0455=H0019:291a-20	shes rab kyi pha rol tu phyin pa spros pa	shes_0 rab_5 kyi_9 pha_13 rol_17 tu_21 phyin_24 ba_30 spros_33 ba_39 
K12D0489=D0017_H0455=H0019:291a-21	med pa nyid du rig par bya'o //	med_0 ba_4 nyid_7 du_12 rig_15 ba_19 byed_23 
K12D0489=D0017_H0455=H0019:291a-22	lag na rdo rje /	lag_0 na_4 rdo_7 rje_11 
K12D0489=D0017_H0455=H0019:291a-23	su la la shes rab kyi pha rol tu phyin pa'i tshul 'di nyan pa dang /	su_0 la_3 la_6 shes_9 rab_14 kyi_18 pha_22 rol_26 tu_30 phyin_33 ba_39 tshul_44 'di_50 nyan_54 ba_59 dang_62 
K12D0489=D0017_H0455=H0019:291a-24	'dzin pa dang /	'dzin_0 ba_6 dang_9 
K12D0489=D0017_H0455=H0019:291a-25	klog pa dang /	klog_0 ba_5 dang_8 
K12D0489=D0017_H0455=H0019:291a-26	sgom pa nges 'dul ba'i dbang gi phyir khams gsum	sgom_0 ba_5 nges_8 'dul_13 ba_18 dbang_23 gi_29 phyir_32 khams_38 gsum_44 
K12D0489=D0017_H0455=H0019:291a-27	du skyes pa'i sems can thams cad bsad kyang ngan	du_0 skye_3 ba_9 sems_14 can_19 thams_23 cad_29 bsad_33 kyang_38 ngan_44 
K12D0489=D0017_H0455=H0019:291a-28	song du 'gro bar mi 'gyur te /	'gro_0 du_5 'gro_8 ba_13 mi_17 'gyur_20 te_26 
K12D0489=D0017_H0455=H0019:291b-0	myur du bla na med pa yang dag @291b par	myur_0 du_5 bla_8 na_12 med_15 ba_19 yang_22 'dag_27 ba_37 
K12D0489=D0017_H0455=H0019:291b-1	rdzogs pa'i byang chub tu mngon par rdzogs par 'tshang	rdzogs_0 ba_7 byang_12 chub_18 tu_23 mngon_26 ba_32 rdzogs_36 ba_43 'tshang_47 
K12D0489=D0017_H0455=H0019:291b-2	rgya bar yang 'gyur ro //	rgya_0 ba_5 yang_9 'gyur_14 ro_20 
K12D0489=D0017_H0455=H0019:291b-3	de nas bcom ldan 'das lag na rdo rje chos nyid 'di'i don rgya chen po ston te /	de_0 nas_3 'joms_7 ldan_12 'da'_17 lag_22 na_26 rdo_29 rje_33 chos_37 nyid_42 'di_47 don_53 rgya_57 chen_62 po_67 ston_70 te_75 
K12D0489=D0017_H0455=H0019:291b-4	'jig rten gsum las rnam par rgyal ba'i rdo rje	'jig_0 rten_5 gsum_10 las_15 rnam_19 ba_24 rgyal_28 ba_34 rdo_39 rje_43 
K12D0489=D0017_H0455=H0019:291b-5	zhes bya ba'i phyag rgya bcings nas khro gnyer dang	zhes_0 byed_5 ba_9 phyag_14 rgya_20 'ching_25 nas_32 khro_36 gnyer_41 dang_47 
K12D0489=D0017_H0455=H0019:291b-6	bcas shing smin ma bteg ste /	'cha'_0 shing_5 smin_11 ma_16 bteg_19 ste_24 
K12D0489=D0017_H0455=H0019:291b-7	'bar bar lta la padma'i gdong khro zhing dgod de /	'bar_0 ba_5 lta_9 la_13 padma_16 gdong_24 khro_30 zhing_35 'god_41 de_46 
K12D0489=D0017_H0455=H0019:291b-8	mche ba gtsigs nas rkang pa g-yon pa brkyang ba'i tshul du gnas pas gnas nas /	mche_0 ba_5 gtsigs_8 nas_15 rkang_19 ba_25 g-yon_28 ba_34 rkyong_37 ba_45 tshul_50 du_56 gnas_59 ba_64 gnas_68 nas_73 
K12D0489=D0017_H0455=H0019:291b-9	rdo rje h'um zhes bya ba'i snying po 'di smras so //	rdo_0 rje_4 h_8 zhes_13 byed_18 ba_22 snying_27 po_34 'di_37 smras_41 so_47 
K12D0489=D0017_H0455=H0019:291b-11	h'um/ de nas bcom ldan 'das de bzhin gshegs pa nge bo nyid dag pa'i chos nyid thob pas /	de_6 nas_9 'joms_13 ldan_18 'da'_23 de_28 bzhin_31 gshegs_37 ba_44 nge_47 'bo_51 nyid_54 'dag_59 ba_63 chos_68 nyid_73 'thob_78 ba_83 
K12D0489=D0017_H0455=H0019:291b-12	yang chos thams cad kyi mnyam pa nyid spyan ras	yang_0 chos_5 thams_10 cad_16 kyi_20 mnyam_24 ba_30 nyid_33 spyan_38 ras_44 
K12D0489=D0017_H0455=H0019:291b-13	gzigs dbang phyug gi ye shes kyi phyag rgya zhes	gzigs_0 dbang_6 phyug_12 gi_18 ye_21 shes_24 kyi_29 phyag_33 rgya_39 zhes_44 
K12D0489=D0017_H0455=H0019:291b-14	bya ba / shes rab kyi pha rol tu phyin	byed_0 ba_4 shes_9 rab_14 kyi_18 pha_22 rol_26 tu_30 phyin_33 
K12D0489=D0017_H0455=H0019:291b-15	pa'i tshul 'di bshad de; 'dod chags thams cad rnam	ba_0 tshul_5 'di_11 'chad_15 de;_21 'dod_25 chags_30 thams_36 cad_42 rnam_46 
K12D0489=D0017_H0455=H0019:291b-16	par dag pas 'jig rten na zhe sdang thams cad	ba_0 'dag_4 ba_8 'jig_12 rten_17 na_22 zhe_25 sdang_29 thams_35 cad_41 
K12D0489=D0017_H0455=H0019:291b-17	rnam par dag par 'gyur ro //	rnam_0 ba_5 'dag_9 ba_13 'gyur_17 ro_23 
K12D0489=D0017_H0455=H0019:291b-18	dri ma thams cad rnam par dag pas 'jig rten	'dri_0 ma_4 thams_7 cad_13 rnam_17 ba_22 'dag_26 ba_30 'jig_34 rten_39 
K12D0489=D0017_H0455=H0019:291b-19	na sdig pa thams cad rnam par dag par 'gyur	na_0 sdig_3 ba_8 thams_11 cad_17 rnam_21 ba_26 'dag_30 ba_34 'gyur_38 
K12D0489=D0017_H0455=H0019:291b-20	ro // chos thams cad rnam par dag pas 'jig	ro_0 chos_6 thams_11 cad_17 rnam_21 ba_26 'dag_30 ba_34 'jig_38 
K12D0489=D0017_H0455=H0019:291b-21	rten na sems can thams cad rnam par dag par	rten_0 na_5 sems_8 can_13 thams_17 cad_23 rnam_27 ba_32 'dag_36 ba_40 
K12D0489=D0017_H0455=H0019:291b-22	ro // 'gyur ro // shes pa thams cad rnam	ro_0 'gyur_6 ro_12 shes_18 ba_23 thams_26 cad_32 rnam_36 
K12D0489=D0017_H0455=H0019:291b-23	par dag bas 'jig rten na shes rab kyi pha	ba_0 'dag_4 ba_8 'jig_12 rten_17 na_22 shes_25 rab_30 kyi_34 pha_38 
K12D0489=D0017_H0455=H0019:291b-24	rol tu phyin pa rnam par dag par 'gyur ro	rol_0 tu_4 phyin_7 ba_13 rnam_16 ba_21 'dag_25 ba_29 'gyur_33 ro_39 
K12D0489=D0017_H0455=H0019:291b-25	ro // 'gyur ro // // lag na rdo rje /	ro_0 'gyur_6 ro_12 lag_21 na_25 rdo_28 rje_32 
K12D0489=D0017_H0455=H0019:292a-0	su la la shes rab kyi pha rol tu phyin pa'i tshul 'di nyan pa @292a *//	su_0 la_3 la_6 shes_9 rab_14 kyi_18 pha_22 rol_26 tu_30 phyin_33 ba_39 tshul_44 'di_50 nyan_54 ba_59 
K12D0489=D0017_H0455=H0019:292a-1	dang /	dang_0 
K12D0489=D0017_H0455=H0019:292a-2	'dzin pa dang /	'dzin_0 ba_6 dang_9 
K12D0489=D0017_H0455=H0019:292a-3	klog pa dang /	klog_0 ba_5 dang_8 
K12D0489=D0017_H0455=H0019:292a-4	sgom pa de 'dod chags dang /	sgom_0 ba_5 de_8 'dod_11 chags_16 dang_22 
K12D0489=D0017_H0455=H0019:292a-5	dri ma thams cad kyi nang na 'dug kyang padma	'dri_0 ma_4 thams_7 cad_13 kyi_17 nang_21 na_26 'dug_29 kyang_34 padma_40 
K12D0489=D0017_H0455=H0019:292a-6	lta bur 'dod chags kyi nyes pa rnams dang; dri	lta_0 bur_4 'dod_8 chags_13 kyi_19 nyes_23 ba_28 rnams_31 dang;_37 'dri_43 
K12D0489=D0017_H0455=H0019:292a-7	ma rnams dang / glo bur gyi nyon mongs pa rnams kyis gos par mi 'gyur te /	ma_0 rnams_3 dang_9 glo_16 bur_20 gyi_24 nyon_28 mongs_33 ba_39 rnams_42 kyis_48 gos_53 ba_57 mi_61 'gyur_64 te_70 
K12D0489=D0017_H0455=H0019:292a-8	myur du bla na med pa yang dag par rdzogs	myur_0 du_5 bla_8 na_12 med_15 ba_19 yang_22 'dag_27 ba_31 rdzogs_35 
K12D0489=D0017_H0455=H0019:292a-9	pa'i byang chub mngon par rdzogs par 'tshang rgya bar	ba_0 byang_5 chub_11 mngon_16 ba_22 rdzogs_26 ba_33 'tshang_37 rgya_45 ba_50 
K12D0489=D0017_H0455=H0019:292a-10	yang 'gyur ro // de nas byang chub sems dpa'	yang_0 'gyur_5 ro_11 de_17 nas_20 byang_24 chub_30 sems_35 dpa'_40 
K12D0489=D0017_H0455=H0019:292a-11	chen po spyan ras gzigs dbang phyug don gyi gnas	chen_0 po_5 spyan_8 ras_14 gzigs_18 dbang_24 phyug_30 don_36 gyi_40 gnas_44 
K12D0489=D0017_H0455=H0019:292a-12	'di nyid rgya cher ston cing bzhin rab tu 'dzum	'di_0 nyid_4 rgya_9 cher_14 ston_19 cing_24 bzhin_29 rab_35 tu_39 'dzum_42 
K12D0489=D0017_H0455=H0019:292a-13	yang 'gyur ro // dmul te / padma'i 'dab ma	yang_0 'gyur_5 ro_11 dmul_17 te_22 padma_27 'dab_35 ma_40 
K12D0489=D0017_H0455=H0019:292a-14	kha 'byed pas 'dod chags la sogs pa'i dri mas	kha_0 'byed_4 ba_10 'dod_14 chags_19 la_25 sogs_28 ba_33 'dri_38 mas_42 
K12D0489=D0017_H0455=H0019:292a-15	mi gos pa la lta zhing /	mi_0 gos_3 ba_7 la_10 lta_13 zhing_17 
K12D0489=D0017_H0455=H0019:292a-16	'gro ba thams cad kyi phyir padma gzugs sna tshogs zhes bya ba'i snying po 'di smras so //	'gro_0 ba_5 thams_8 cad_14 kyi_18 phyir_22 padma_28 gzugs_34 sna_40 tshogs_44 zhes_51 byed_56 ba_60 snying_65 po_72 'di_75 smras_79 so_85 
K12D0489=D0017_H0455=H0019:292a-18	hr'i:/ de nas bcom ldan 'das de bzhin gshegs pa khams	de_7 nas_10 'joms_14 ldan_19 'da'_24 de_29 bzhin_32 gshegs_38 ba_45 khams_48 
K12D0489=D0017_H0455=H0019:292a-19	gsum thams cad kyi dbang pos yang de bzhin gshegs	gsum_0 thams_5 cad_11 kyi_15 dbang_19 pos_25 yang_29 de_34 bzhin_37 gshegs_43 
K12D0489=D0017_H0455=H0019:292a-20	pa thams cad kyi dbang bskur ba las byung ba'i	ba_0 thams_3 cad_9 kyi_13 dbang_17 skur_23 ba_29 las_32 'byung_36 ba_42 
K12D0489=D0017_H0455=H0019:292a-21	ye shes kyi snying po zhes bya ba shes rab	ye_0 shes_3 kyi_8 snying_12 po_19 zhes_22 byed_27 ba_31 shes_34 rab_39 
K12D0489=D0017_H0455=H0019:292a-22	kyi pha rol tu phyin pa'i tshul 'di bshad de	kyi_0 pha_4 rol_8 tu_12 phyin_15 ba_21 tshul_26 'di_32 'chad_36 de_42 
K12D0489=D0017_H0455=H0019:292a-23	/ dbang bskur ba sbyin pa ni khams gsum thams cad kyi rgyal srid thob par 'gyur ro //	dbang_2 skur_8 ba_14 sbyin_17 ba_23 ni_26 khams_29 gsum_35 thams_40 cad_46 kyi_50 rgyal_54 srid_60 'thob_65 ba_70 'gyur_74 ro_80 
K12D0489=D0017_H0455=H0019:292a-24	nor sbyin pa ni re ba thams cad yongs su rdzogs par 'gyur ro //	nor_0 sbyin_4 ba_10 ni_13 re_16 ba_19 thams_22 cad_28 yongs_32 su_38 rdzogs_41 ba_48 'gyur_52 ro_58 
K12D0489=D0017_H0455=H0019:292a-25	chos sbyin pa ni chos thams cad kyi mnyam pa nyid thob par 'gyur ro //	chos_0 sbyin_5 ba_11 ni_14 chos_17 thams_22 cad_28 kyi_32 mnyam_36 ba_42 nyid_45 'thob_50 ba_55 'gyur_59 ro_65 
K12D0489=D0017_H0455=H0019:292a-26	zang zing gi sbyin pa ni lus dang /	zang_0 zing_5 gi_10 sbyin_13 ba_19 ni_22 lus_25 dang_29 
K12D0489=D0017_H0455=H0019:292a-27	dag dang /	'dag_0 dang_4 
K12D0489=D0017_H0455=H0019:292b-0	sems kyi bde ba thams cad @292b thob par 'gyur ro //	sems_0 kyi_5 bde_9 ba_13 thams_16 cad_22 'thob_32 ba_37 'gyur_41 ro_47 
K12D0489=D0017_H0455=H0019:292b-1	de nas byang chub sems dpa' sems dpa' chen po nam mkha'i snying po bzhin rab tu 'dzum te /	de_0 nas_3 byang_7 chub_13 sems_18 dpa'_23 sems_28 dpa'_33 chen_38 po_43 nam_46 mkha_50 snying_57 po_64 bzhin_67 rab_73 tu_77 'dzum_80 te_86 
K12D0489=D0017_H0455=H0019:292b-2	rang gi mgo la rdo rje rin po che'i dbang	rang_0 gi_5 mgo_8 la_12 rdo_15 rje_19 rin_23 po_27 che_30 dbang_36 
K12D0489=D0017_H0455=H0019:292b-3	bskur ba'i phreng ba 'ching zhing don 'di nyid rgya	skur_0 ba_6 phreng_11 ba_18 'ching_21 zhing_28 don_34 'di_38 nyid_42 rgya_47 
K12D0489=D0017_H0455=H0019:292b-4	cher ston te / dbang bskur ba thams cad kyi	cher_0 ston_5 te_10 dbang_15 skur_21 ba_27 thams_30 cad_36 kyi_40 
K12D0489=D0017_H0455=H0019:292b-5	dam tshig rin po che zhes bya ba'i snying po	dam_0 tshig_4 rin_10 po_14 che_17 zhes_21 byed_26 ba_30 snying_35 po_42 
K12D0489=D0017_H0455=H0019:292b-6	cher ston te / 'di smras so // tr'a:/	cher_0 ston_5 te_10 'di_15 smras_19 so_25 
K12D0489=D0017_H0455=H0019:292b-7	de nas bcom ldan 'das de bzhin gshegs pa thams cad kyi ye shes kyi phyag rgya thob pa /	de_0 nas_3 'joms_7 ldan_12 'da'_17 de_22 bzhin_25 gshegs_31 ba_38 thams_41 cad_47 kyi_51 ye_55 shes_58 kyi_63 phyag_67 rgya_73 'thob_78 ba_83 
K12D0489=D0017_H0455=H0019:292b-8	de bzhin gshegs pa thams cad kyi khu tshur 'dzin pa /	de_0 bzhin_3 gshegs_9 ba_16 thams_19 cad_25 kyi_29 khu_33 tshur_37 'dzin_43 ba_49 
K12D0489=D0017_H0455=H0019:292b-9	de bzhin gshegs pa rtag pas yang de bzhin gshegs	de_0 bzhin_3 gshegs_9 ba_16 rtag_19 ba_24 yang_28 de_33 bzhin_36 gshegs_42 
K12D0489=D0017_H0455=H0019:292b-10	pa thams cad kyi ye shes kyi phyag rgya'i gnas	ba_0 thams_3 cad_9 kyi_13 ye_17 shes_20 kyi_25 phyag_29 rgya_35 gnas_42 
K12D0489=D0017_H0455=H0019:292b-11	rdo rje zhes bya ba shes rab kyi pha rol	rdo_0 rje_4 zhes_8 byed_13 ba_17 shes_20 rab_25 kyi_29 pha_33 rol_37 
K12D0489=D0017_H0455=H0019:292b-12	tu phyin pa'i tshul 'di bshad de /	tu_0 phyin_3 ba_9 tshul_14 'di_20 'chad_24 de_30 
K12D0489=D0017_H0455=H0019:292b-13	de bzhin gshegs pa thams cad kyi sku'i phyag rgya	de_0 bzhin_3 gshegs_9 ba_16 thams_19 cad_25 kyi_29 sku_33 phyag_39 rgya_45 
K12D0489=D0017_H0455=H0019:292b-14	yongs su 'dzin pa ni de bzhin gshegs pa thams	yongs_0 su_6 'dzin_9 ba_15 ni_18 de_21 bzhin_24 gshegs_30 ba_37 thams_40 
K12D0489=D0017_H0455=H0019:292b-15	cad nyid du 'gyur ro //	cad_0 nyid_4 du_9 'gyur_12 ro_18 
K12D0489=D0017_H0455=H0019:292b-16	de bzhin gshegs pa thams cad kyi gsung gi phyag	de_0 bzhin_3 gshegs_9 ba_16 thams_19 cad_25 kyi_29 gsung_33 gi_39 phyag_42 
K12D0489=D0017_H0455=H0019:292b-17	rgya yongs su 'dzin pa ni chos thams cad thob	rgya_0 yongs_5 su_11 'dzin_14 ba_20 ni_23 chos_26 thams_31 cad_37 'thob_41 
K12D0489=D0017_H0455=H0019:292b-18	par 'gyur ro // de bzhin gshegs pa thams cad	ba_0 'gyur_4 ro_10 de_16 bzhin_19 gshegs_25 ba_32 thams_35 cad_41 
K12D0489=D0017_H0455=H0019:292b-19	kyi thugs kyi phyag rgya yongs su 'dzin pa ni	kyi_0 thugs_4 kyi_10 phyag_14 rgya_20 yongs_25 su_31 'dzin_34 ba_40 ni_43 
K12D0489=D0017_H0455=H0019:292b-20	ting nge 'dzin thams cad thob par 'gyur ro //	ting_0 nge_5 'dzin_9 thams_15 cad_21 'thob_25 ba_30 'gyur_34 ro_40 
K12D0489=D0017_H0455=H0019:292b-21	de bzhin gshegs pa thams cad kyi rdo rje'i phyag rgya yongs su 'dzin pa ni lus dang /	de_0 bzhin_3 gshegs_9 ba_16 thams_19 cad_25 kyi_29 rdo_33 rje_37 phyag_43 rgya_49 yongs_54 su_60 'dzin_63 ba_69 ni_72 lus_75 dang_79 
K12D0489=D0017_H0455=H0019:292b-22	ngag dang /	ngag_0 dang_5 
K12D0489=D0017_H0455=H0019:292b-23	sems thams cad rdo rjer rdo rje'i dngos grub dam pa thob par 'gyur ro //	sems_0 thams_5 cad_11 rdo_15 rjer_19 rdo_24 rje_28 dngos_34 'grub_40 dam_45 ba_49 'thob_52 ba_57 'gyur_61 ro_67 
K12D0489=D0017_H0455=H0019:293a-0	su la la shes rab kyi pha rol tu phyin pa'i tshul 'di @293a *//	su_0 la_3 la_6 shes_9 rab_14 kyi_18 pha_22 rol_26 tu_30 phyin_33 ba_39 tshul_44 'di_50 
K12D0489=D0017_H0455=H0019:293a-1	nyan pa dang /	nyan_0 ba_5 dang_8 
K12D0489=D0017_H0455=H0019:293a-2	'dzin pa dang /	'dzin_0 ba_6 dang_9 
K12D0489=D0017_H0455=H0019:293a-3	klog pa dang /	klog_0 ba_5 dang_8 
K12D0489=D0017_H0455=H0019:293a-4	lung 'bogs pa dang /	lung_0 'bogs_5 ba_11 dang_14 
K12D0489=D0017_H0455=H0019:293a-5	skom pa des dngos grub thams cad dang /	skom_0 ba_5 des_8 dngos_12 'grub_18 thams_23 cad_29 dang_33 
K12D0489=D0017_H0455=H0019:293a-6	phun sum tshogs pa thams cad dang /	phun_0 sum_5 tshogs_9 ba_16 thams_19 cad_25 dang_29 
K12D0489=D0017_H0455=H0019:293a-7	shes pa thams cad dang /	shes_0 ba_5 thams_8 cad_14 dang_18 
K12D0489=D0017_H0455=H0019:293a-8	dgos pa thams cad dang /	dgos_0 ba_5 thams_8 cad_14 dang_18 
K12D0489=D0017_H0455=H0019:293a-9	lus dang /	lus_0 dang_4 
K12D0489=D0017_H0455=H0019:293a-10	ngag dang /	ngag_0 dang_5 
K12D0489=D0017_H0455=H0019:293a-11	sems thams cad rdo rjer rdo rje'i dngos grub dam pa thob nas /	sems_0 thams_5 cad_11 rdo_15 rjer_19 rdo_24 rje_28 dngos_34 'grub_40 dam_45 ba_49 'thob_52 nas_57 
K12D0489=D0017_H0455=H0019:293a-12	myur du bla na med pa yang dag par rdzogs	myur_0 du_5 bla_8 na_12 med_15 ba_19 yang_22 'dag_27 ba_31 rdzogs_35 
K12D0489=D0017_H0455=H0019:293a-13	pa'i byang chub mngon par rdzogs par 'tshang rgya bar	ba_0 byang_5 chub_11 mngon_16 ba_22 rdzogs_26 ba_33 'tshang_37 rgya_45 ba_50 
K12D0489=D0017_H0455=H0019:293a-14	'gyur ro // de nas byang chub sems dpa' sems	'gyur_0 ro_6 de_12 nas_15 byang_19 chub_25 sems_30 dpa'_35 sems_40 
K12D0489=D0017_H0455=H0019:293a-15	dpa' chen po rdo rje'i khu tshur dam tshig chen	dpa'_0 chen_5 po_10 rdo_13 rje_17 khu_23 tshur_27 dam_33 tshig_37 chen_43 
K12D0489=D0017_H0455=H0019:293a-16	po'i rdo rje'i phyag rgya yongs su 'dzin pas don	po_0 rdo_5 rje_9 phyag_15 rgya_21 yongs_26 su_32 'dzin_35 ba_41 don_45 
K12D0489=D0017_H0455=H0019:293a-17	gnas 'di rgya cher bstan te /	gnas_0 'di_5 rgya_9 cher_14 ston_19 te_25 
K12D0489=D0017_H0455=H0019:293a-18	de bzhin rab tu 'dzum zhing rdo rje sra ba'i	de_0 bzhin_3 rab_9 tu_13 'dzum_16 zhing_22 rdo_28 rje_32 sra_36 ba_40 
K12D0489=D0017_H0455=H0019:293a-19	phyag rgya dngos grub thams cad kyi dam tshig ces	phyag_0 rgya_6 dngos_11 'grub_17 thams_22 cad_28 kyi_32 dam_36 tshig_40 ces_46 
K12D0489=D0017_H0455=H0019:293a-20	bya ba'i snying po 'di smras so //	byed_0 ba_4 snying_9 po_16 'di_19 smras_23 so_29 
K12D0489=D0017_H0455=H0019:293a-22	aa:/ de nas bcom ldan 'das chos thams cad spros pa	de_5 nas_8 'joms_12 ldan_17 'da'_22 chos_27 thams_32 cad_38 spros_42 ba_48 
K12D0489=D0017_H0455=H0019:293a-23	med pa'i de bzhin gshegs pas yang 'khor lo ltar	med_0 ba_4 de_9 bzhin_12 gshegs_18 ba_25 yang_29 'khor_34 lo_40 ltar_43 
K12D0489=D0017_H0455=H0019:293a-24	yi ge bskor ba zhes bya ba shes rab kyi	yi_0 ge_3 skor_6 ba_12 zhes_15 byed_20 ba_24 shes_27 rab_32 kyi_36 
K12D0489=D0017_H0455=H0019:293a-25	pha rol tu phyin pa'i tshul 'di bshad de /	pha_0 rol_4 tu_8 phyin_11 ba_17 tshul_22 'di_28 'chad_32 de_38 
K12D0489=D0017_H0455=H0019:293a-26	ngo bo nyid med pa'i tshul gyis chos thams cad stong pa nyid do //	ngo_0 'bo_4 nyid_7 med_12 ba_16 tshul_21 gyis_27 chos_32 thams_37 cad_43 stong_47 ba_53 nyid_56 do_61 
K12D0489=D0017_H0455=H0019:293a-27	mtshan ma med pa'i tshul gyis chos thams cad mtshan ma med pa'o //	mtshan_0 ma_7 med_10 ba_14 tshul_19 gyis_25 chos_30 thams_35 cad_41 mtshan_45 ma_52 med_55 ba_59 
K12D0489=D0017_H0455=H0019:293a-28	smon pa med pa'i tshul gyis chos thams cad smon pa med pa'o //	smon_0 ba_5 med_8 ba_12 tshul_17 gyis_23 chos_28 thams_33 cad_39 smon_43 ba_48 med_51 ba_55 
K12D0489=D0017_H0455=H0019:293a-29	shes rab kyi pha rol tu phyin pa yongs su	shes_0 rab_5 kyi_9 pha_13 rol_17 tu_21 phyin_24 ba_30 yongs_33 su_39 
K12D0489=D0017_H0455=H0019:293b-0	dag pas chos thams cad rang bzhin gyis 'od @293b	'dag_0 ba_4 chos_8 thams_13 cad_19 rang_23 bzhin_28 gyis_34 'od_39 
K12D0489=D0017_H0455=H0019:293b-1	gsal ba'o // de nas bcom ldan 'das 'jam dpal	gsal_0 ba_5 de_13 nas_16 'joms_20 ldan_25 'da'_30 'jam_35 dpal_40 
K12D0489=D0017_H0455=H0019:293b-2	gzhon nur gyur ba don 'di nyid rgya cher ston	gzhon_0 nur_6 gyur_10 ba_15 don_18 'di_22 nyid_26 rgya_31 cher_36 ston_41 
K12D0489=D0017_H0455=H0019:293b-3	gsal ba'o // te / bzhin rab tu 'dzum bzhin	gsal_0 ba_5 te_13 bzhin_18 rab_24 tu_28 'dzum_31 bzhin_37 
K12D0489=D0017_H0455=H0019:293b-4	du bdag gi ral gri des de bzhin gshegs pa	du_0 bdag_3 gi_8 ral_11 gri_15 des_19 de_23 bzhin_26 gshegs_32 ba_39 
K12D0489=D0017_H0455=H0019:293b-5	thams cad la 'debs shing shes rab kyi pha rol	thams_0 cad_6 la_10 'debs_13 shing_19 shes_25 rab_30 kyi_34 pha_38 rol_42 
K12D0489=D0017_H0455=H0019:293b-6	tu phyin pa'i snying po'i mchog 'di smras so //	tu_0 phyin_3 ba_9 snying_14 po_21 mchog_26 'di_32 smras_36 so_42 
K12D0489=D0017_H0455=H0019:293b-8	aa:/ de nas bcom ldan 'das de bzhin gshegs pa thams	de_5 nas_8 'joms_12 ldan_17 'da'_22 de_27 bzhin_30 gshegs_36 ba_43 thams_46 
K12D0489=D0017_H0455=H0019:293b-9	cad kyi 'khor der 'dus pa'i de bzhin gshegs pa'i	cad_0 kyi_4 'khor_8 der_14 'du_18 ba_23 de_28 bzhin_31 gshegs_37 ba_44 
K12D0489=D0017_H0455=H0019:293b-10	'khor lo chen po la 'jug pa zhes bya ba	'khor_0 lo_6 chen_9 po_14 la_17 'jug_20 ba_25 zhes_28 byed_33 ba_37 
K12D0489=D0017_H0455=H0019:293b-11	shes rab kyi pha rol tu phyin pa'i tshul 'di	shes_0 rab_5 kyi_9 pha_13 rol_17 tu_21 phyin_24 ba_30 tshul_35 'di_41 
K12D0489=D0017_H0455=H0019:293b-12	bshad do // rdo rje mnyam pa nyid la 'jug	'chad_0 do_6 rdo_12 rje_16 mnyam_20 ba_26 nyid_29 la_34 'jug_37 
K12D0489=D0017_H0455=H0019:293b-13	pa ni de bzhin gshegs pa thams cad kyi 'khor	ba_0 ni_3 de_6 bzhin_9 gshegs_15 ba_22 thams_25 cad_31 kyi_35 'khor_39 
K12D0489=D0017_H0455=H0019:293b-14	lo la 'jug par 'gyur ro //	lo_0 la_3 'jug_6 ba_11 'gyur_15 ro_21 
K12D0489=D0017_H0455=H0019:293b-15	don gyi mnyam pa nyid la 'jug pa ni byang	don_0 gyi_4 mnyam_8 ba_14 nyid_17 la_22 'jug_25 ba_30 ni_33 byang_36 
K12D0489=D0017_H0455=H0019:293b-16	chub sems dpa' sems dpa' chen po'i 'khor lo la	chub_0 sems_5 dpa'_10 sems_15 dpa'_20 chen_25 po_30 'khor_35 lo_41 la_44 
K12D0489=D0017_H0455=H0019:293b-17	'jug par 'gyur ro //	'jug_0 ba_5 'gyur_9 ro_15 
K12D0489=D0017_H0455=H0019:293b-18	chos thams cad kyi mnyam pa nyid la 'jug pa	chos_0 thams_5 cad_11 kyi_15 mnyam_19 ba_25 nyid_28 la_33 'jug_36 ba_41 
K12D0489=D0017_H0455=H0019:293b-19	ni dam pa'i chos kyi 'khor lo la 'jug par	ni_0 dam_3 ba_7 chos_12 kyi_17 'khor_21 lo_27 la_30 'jug_33 ba_38 
K12D0489=D0017_H0455=H0019:293b-20	'gyur ro // thams cad kyi mnyam pa nyid la	'gyur_0 ro_6 thams_12 cad_18 kyi_22 mnyam_26 ba_32 nyid_35 la_40 
K12D0489=D0017_H0455=H0019:293b-21	'jug pa ni 'khor lo thams cad la 'jug par	'jug_0 ba_5 ni_8 'khor_11 lo_17 thams_20 cad_26 la_30 'jug_33 ba_38 
K12D0489=D0017_H0455=H0019:293b-22	'gyur ro // 'gyur ro // de nas byang chub	'gyur_0 ro_6 'gyur_12 ro_18 de_24 nas_27 byang_31 chub_37 
K12D0489=D0017_H0455=H0019:293b-23	sems dpa' sems bskyed ma thag tu chos kyi 'khor	sems_0 dpa'_5 sems_10 skyed_15 ma_22 thag_25 tu_30 chos_33 kyi_38 'khor_42 
K12D0489=D0017_H0455=H0019:293b-24	lo bskor ba chos mnyam pa nyid kyi don rgya	lo_0 skor_3 ba_9 chos_12 mnyam_17 ba_23 nyid_26 kyi_31 don_35 rgya_39 
K12D0489=D0017_H0455=H0019:293b-25	cher ston cing bzhin 'dzum nas /	cher_0 ston_5 cing_10 bzhin_15 'dzum_21 nas_27 
K12D0489=D0017_H0455=H0019:293b-26	rdo rje'i 'khor lo bskor zhing rdo rje'i 'khor lo	rdo_0 rje_4 'khor_10 lo_16 skor_19 zhing_25 rdo_31 rje_35 'khor_41 lo_47 
K12D0489=D0017_H0455=H0019:293b-27	thams cad la 'jug pa zhes bya ba'i snying po	thams_0 cad_6 la_10 'jug_13 ba_18 zhes_21 byed_26 ba_30 snying_35 po_42 
K12D0489=D0017_H0455=H0019:293b-28	'di smras so // h'um/	'di_0 smras_4 so_10 
K12D0489=D0017_H0455=H0019:294a-0	de nas bcom ldan 'das de bzhin gshegs pa la mchod pa thams cad kyi cho ga @294a *//	de_0 nas_3 'joms_7 ldan_12 'da'_17 de_22 bzhin_25 gshegs_31 ba_38 la_41 mchod_44 ba_50 thams_53 cad_59 kyi_63 cho_67 ga_71 
K12D0489=D0017_H0455=H0019:294a-1	rgyas pa'i snod kyis mchod pa thams cad kyi mchog	rgya_0 ba_6 snod_11 kyis_16 mchod_21 ba_27 thams_30 cad_36 kyi_40 mchog_44 
K12D0489=D0017_H0455=H0019:294a-2	ces bya ba shes rab kyi pha rol tu phyin	ces_0 byed_4 ba_8 shes_11 rab_16 kyi_20 pha_24 rol_28 tu_32 phyin_35 
K12D0489=D0017_H0455=H0019:294a-3	pa'i tshul 'di bshad do //	ba_0 tshul_5 'di_11 'chad_15 do_21 
K12D0489=D0017_H0455=H0019:294a-4	byang chub kyi sems bskyed pa ni /	byang_0 chub_6 kyi_11 sems_15 skyed_20 ba_27 ni_30 
K12D0489=D0017_H0455=H0019:294a-5	de bzhin gshegs pa thams cad la mchod pa'i cho ga rgya che ba'o //	de_0 bzhin_3 gshegs_9 ba_16 thams_19 cad_25 la_29 mchod_32 ba_38 cho_43 ga_47 rgya_50 che_55 ba_59 
K12D0489=D0017_H0455=H0019:294a-6	sems can gyi khams thams cad yongs su skyob pa	sems_0 can_5 gyi_9 khams_13 thams_19 cad_25 yongs_29 su_35 skyob_38 ba_44 
K12D0489=D0017_H0455=H0019:294a-7	na de bzhin gshegs pa thams cad la mchod pa'i	na_0 de_3 bzhin_6 gshegs_12 ba_19 thams_22 cad_28 la_32 mchod_35 ba_41 
K12D0489=D0017_H0455=H0019:294a-8	cho ga rgyas pa'o //	cho_0 ga_4 rgya_7 ba_13 
K12D0489=D0017_H0455=H0019:294a-9	dam pa'i chos yongs su 'dzin pa ni de bzhin	dam_0 ba_4 chos_9 yongs_14 su_20 'dzin_23 ba_29 ni_32 de_35 bzhin_38 
K12D0489=D0017_H0455=H0019:294a-10	gshegs pa thams cad la mchod pa'i cho ga rgyas	gshegs_0 ba_7 thams_10 cad_16 la_20 mchod_23 ba_29 cho_34 ga_38 rgya_41 
K12D0489=D0017_H0455=H0019:294a-11	pa'o // shes rab kyi pha rol tu phyin pa	ba_0 shes_8 rab_13 kyi_17 pha_21 rol_25 tu_29 phyin_32 ba_38 
K12D0489=D0017_H0455=H0019:294a-12	yi ger 'dri ba dang; yi ger 'drir 'jug pa	yi_0 ger_3 'bri_7 ba_12 dang;_15 yi_21 ger_24 'drir_28 'jug_34 ba_39 
K12D0489=D0017_H0455=H0019:294a-13	pa'o // dang / 'dzin pa dang /	ba_0 dang_8 'dzin_15 ba_21 dang_24 
K12D0489=D0017_H0455=H0019:294a-14	klog pa dang /	klog_0 ba_5 dang_8 
K12D0489=D0017_H0455=H0019:294a-15	brjod pa dang /	rjod_0 ba_6 dang_9 
K12D0489=D0017_H0455=H0019:294a-16	ston pa dang /	ston_0 ba_5 dang_8 
K12D0489=D0017_H0455=H0019:294a-17	nyan pa dang /	nyan_0 ba_5 dang_8 
K12D0489=D0017_H0455=H0019:294a-18	sems dang /	sems_0 dang_5 
K12D0489=D0017_H0455=H0019:294a-19	sgom pa dang /	sgom_0 ba_5 dang_8 
K12D0489=D0017_H0455=H0019:294a-20	mchod pa byed pa ni de bzhin gshegs pa thams cad la mchod pa'i cho ga rgyas pa'o ///	mchod_0 ba_6 byed_9 ba_14 ni_17 de_20 bzhin_23 gshegs_29 ba_36 thams_39 cad_45 la_49 mchod_52 ba_58 cho_63 ga_67 rgya_70 ba_76 
K12D0489=D0017_H0455=H0019:294a-21	de nas byang chub sems dpa' sems dpa' chen po	de_0 nas_3 byang_7 chub_13 sems_18 dpa'_23 sems_28 dpa'_33 chen_38 po_43 
K12D0489=D0017_H0455=H0019:294a-22	nam mkha'i mdzod don de nyid rgya cher ston te	nam_0 mkha_4 mdzod_11 don_17 de_21 nyid_24 rgya_29 cher_34 ston_39 te_44 
K12D0489=D0017_H0455=H0019:294a-23	/ bzhin rab tu 'dzum zhing las thams cad don	bzhin_2 rab_8 tu_12 'dzum_15 zhing_21 las_27 thams_31 cad_37 don_41 
K12D0489=D0017_H0455=H0019:294a-24	yod pa'i dam tshig ces bya ba'i snying po 'di	yod_0 ba_4 dam_9 tshig_13 ces_19 byed_23 ba_27 snying_32 po_39 'di_42 
K12D0489=D0017_H0455=H0019:294a-25	/ smras so // aom/	smras_2 so_8 
K12D0489=D0017_H0455=H0019:294a-26	de nas bcom ldan 'das de bzhin gshegs pa /	de_0 nas_3 'joms_7 ldan_12 'da'_17 de_22 bzhin_25 gshegs_31 ba_38 
K12D0489=D0017_H0455=H0019:294a-27	sems can thams cad 'dul nus pa /	sems_0 can_5 thams_9 cad_15 'dul_19 nus_24 ba_28 
K12D0489=D0017_H0455=H0019:294a-28	yang ye shes kyi khu tshur yongs su 'dzin pa /	yang_0 ye_5 shes_8 kyi_13 khu_17 tshur_21 yongs_27 su_33 'dzin_36 ba_42 
K12D0489=D0017_H0455=H0019:294a-29	sems can thams cad 'dul ba shes pa'i snying po	sems_0 can_5 thams_9 cad_15 'dul_19 ba_24 shes_27 ba_32 snying_37 po_44 
K12D0489=D0017_H0455=H0019:294a-30	zhes bya ba shes rab kyi pha rol tu phyin	zhes_0 byed_5 ba_9 shes_12 rab_17 kyi_21 pha_25 rol_29 tu_33 phyin_36 
K12D0489=D0017_H0455=H0019:294b-0	pa'i tshul @294b 'di bshad do //	ba_0 tshul_5 'di_17 'chad_21 do_27 
K12D0489=D0017_H0455=H0019:294b-1	sems can thams cad mnyam pa nyid pas /	sems_0 can_5 thams_9 cad_15 mnyam_19 ba_25 nyid_28 ba_33 
K12D0489=D0017_H0455=H0019:294b-2	khro bo mnyam pa nyid do //	khro_0 'bo_5 mnyam_8 ba_14 nyid_17 do_22 
K12D0489=D0017_H0455=H0019:294b-3	sems can thams cad 'dul ba nyid pas /	sems_0 can_5 thams_9 cad_15 'dul_19 ba_24 nyid_27 ba_32 
K12D0489=D0017_H0455=H0019:294b-4	khro bo 'dul ba nyid do //	khro_0 'bo_5 'dul_8 ba_13 nyid_16 do_21 
K12D0489=D0017_H0455=H0019:294b-5	sems can thams cad chos nyid pas khro bo chos nyid do //	sems_0 can_5 thams_9 cad_15 chos_19 nyid_24 ba_29 khro_33 'bo_38 chos_41 nyid_46 do_51 
K12D0489=D0017_H0455=H0019:294b-6	sems can thams cad rdo rje nyid pas khro bo rdo rje nyid do //	sems_0 can_5 thams_9 cad_15 rdo_19 rje_23 nyid_27 ba_32 khro_36 'bo_41 rdo_44 rje_48 nyid_52 do_57 
K12D0489=D0017_H0455=H0019:294b-7	de ci'i phyir zhe na /	de_0 ci_3 phyir_8 zhe_14 na_18 
K12D0489=D0017_H0455=H0019:294b-8	'di ltar sems can thams cad 'dul ba ni byang chub po //	'di_0 ltar_4 sems_9 can_14 thams_18 cad_24 'dul_28 ba_33 ni_36 byang_39 chub_45 po_50 
K12D0489=D0017_H0455=H0019:294b-9	de nas byang chub sems dpa' bdud kyi stobs thams	de_0 nas_3 byang_7 chub_13 sems_18 dpa'_23 bdud_28 kyi_33 stobs_37 thams_43 
K12D0489=D0017_H0455=H0019:294b-10	cad rab tu 'joms pa don de nyid rgya cher	cad_0 rab_4 tu_8 'joms_11 ba_17 don_20 de_24 nyid_27 rgya_32 cher_37 
K12D0489=D0017_H0455=H0019:294b-11	ston te / bzhin rab tu 'dzum zhing rdo rje mche ba'i phyag rgya dang /	ston_0 te_5 bzhin_10 rab_16 tu_20 'dzum_23 zhing_29 rdo_35 rje_39 mche_43 ba_48 phyag_53 rgya_59 dang_64 
K12D0489=D0017_H0455=H0019:294b-12	rdo rje gnod sbyin gyi gzugs kyis rdo rje khro	rdo_0 rje_4 gnod_8 sbyin_13 gyi_19 gzugs_23 kyis_29 rdo_34 rje_38 khro_42 
K12D0489=D0017_H0455=H0019:294b-13	bo'i gad mo zhes bya ba'i snying po 'di smras	'bo_0 gad_5 mo_9 zhes_12 byed_17 ba_21 snying_26 po_33 'di_36 smras_40 
K12D0489=D0017_H0455=H0019:294b-14	so // ha; de nas bcom ldan 'das de bzhin gshegs pa /	so_0 ha;_6 de_10 nas_13 'joms_17 ldan_22 'da'_27 de_32 bzhin_35 gshegs_41 ba_48 
K12D0489=D0017_H0455=H0019:294b-15	chos thams cad kyi mnyam pa nyid la gnas pas	chos_0 thams_5 cad_11 kyi_15 mnyam_19 ba_25 nyid_28 la_33 gnas_36 ba_41 
K12D0489=D0017_H0455=H0019:294b-16	yang chos thams cad kyi mchog ces bya ba shes	yang_0 chos_5 thams_10 cad_16 kyi_20 mchog_24 ces_30 byed_34 ba_38 shes_41 
K12D0489=D0017_H0455=H0019:294b-17	rab kyi pha rol tu phyin pa'i tshul 'di bshad	rab_0 kyi_4 pha_8 rol_12 tu_16 phyin_19 ba_25 tshul_30 'di_36 'chad_40 
K12D0489=D0017_H0455=H0019:294b-18	do // thams cad mnyam pa nyid pas shes rab	do_0 thams_6 cad_12 mnyam_16 ba_22 nyid_25 ba_30 shes_34 rab_39 
K12D0489=D0017_H0455=H0019:294b-19	kyi pha rol tu phyin pa mnyam pa nyid do	kyi_0 pha_4 rol_8 tu_12 phyin_15 ba_21 mnyam_24 ba_30 nyid_33 do_38 
K12D0489=D0017_H0455=H0019:294b-20	do // // thams cad don nyid pas shes rab kyi pha rol tu phyin pa don nyid do //	do_0 thams_9 cad_15 don_19 nyid_23 ba_28 shes_32 rab_37 kyi_41 pha_45 rol_49 tu_53 phyin_56 ba_62 don_65 nyid_69 do_74 
K12D0489=D0017_H0455=H0019:294b-21	thams cad chos nyid pas shes rab kyi pha rol tu phyin pa chos nyid do //	thams_0 cad_6 chos_10 nyid_15 ba_20 shes_24 rab_29 kyi_33 pha_37 rol_41 tu_45 phyin_48 ba_54 chos_57 nyid_62 do_67 
K12D0489=D0017_H0455=H0019:294b-22	thams cad las nyid pas shes rab kyi pha rol tu phyin pa las nyid du rig par bya'o //	thams_0 cad_6 las_10 nyid_14 ba_19 shes_23 rab_28 kyi_32 pha_36 rol_40 tu_44 phyin_47 ba_53 las_56 nyid_60 du_65 rig_68 ba_72 byed_76 
K12D0489=D0017_H0455=H0019:294b-23	de nas bcom ldan 'das lag na rdo rje de bzhin gshegs pa dang /	de_0 nas_3 'joms_7 ldan_12 'da'_17 lag_22 na_26 rdo_29 rje_33 de_37 bzhin_40 gshegs_46 ba_53 dang_56 
K12D0489=D0017_H0455=H0019:295a-0	byang chub sems dpa' thams cad kyi don yod pa'i dam tshig @295a *//	byang_0 chub_6 sems_11 dpa'_16 thams_21 cad_27 kyi_31 don_35 yod_39 ba_43 dam_48 tshig_52 
K12D0489=D0017_H0455=H0019:295a-1	gi dkyil 'khor byin gyis rlob pa zhes bya ba'i ting nge 'dzin la snyoms par zhugs nas /	gi_0 dkyil_3 'khor_9 byin_15 gyis_20 rlob_25 ba_30 zhes_33 byed_38 ba_42 ting_47 nge_52 'dzin_56 la_62 snyom_65 ba_72 'jug_76 nas_82 
K12D0489=D0017_H0455=H0019:295a-2	don yod pa thams cad kyi dam tshig ces bya ba'i snying po 'di smras so //	don_0 yod_4 ba_8 thams_11 cad_17 kyi_21 dam_25 tshig_29 ces_35 byed_39 ba_43 snying_48 po_55 'di_58 smras_62 so_68 
K12D0489=D0017_H0455=H0019:295a-4	h'um/ de nas bcom ldan 'das de bzhin gshegs pa thams cad pa /	de_6 nas_9 'joms_13 ldan_18 'da'_23 de_28 bzhin_31 gshegs_37 ba_44 thams_47 cad_53 ba_57 
K12D0489=D0017_H0455=H0019:295a-5	rnam par snang mdzad kyis yang sems can thams cad	rnam_0 ba_5 snang_9 mdzad_15 kyis_21 yang_26 sems_31 can_36 thams_40 cad_46 
K12D0489=D0017_H0455=H0019:295a-6	byin gyis rlob pa zhes bya ba shes rab kyi	byin_0 gyis_5 rlob_10 ba_15 zhes_18 byed_23 ba_27 shes_30 rab_35 kyi_39 
K12D0489=D0017_H0455=H0019:295a-7	pha rol tu phyin pa'i tshul 'di bshad do //	pha_0 rol_4 tu_8 phyin_11 ba_17 tshul_22 'di_28 'chad_32 do_38 
K12D0489=D0017_H0455=H0019:295a-8	byang chub sems dpa' sems dpa' chen po kun tu	byang_0 chub_6 sems_11 dpa'_16 sems_21 dpa'_26 chen_31 po_36 kun_39 tu_43 
K12D0489=D0017_H0455=H0019:295a-9	bzang po thams cad kyi rang bzhin yin pas sems	bzang_0 po_6 thams_9 cad_15 kyi_19 rang_23 bzhin_28 yin_34 ba_38 sems_42 
K12D0489=D0017_H0455=H0019:295a-10	can thams cad ni de bzhin gshegs pa'i snying po	can_0 thams_4 cad_10 ni_14 de_17 bzhin_20 gshegs_26 ba_33 snying_38 po_45 
K12D0489=D0017_H0455=H0019:295a-11	can no // thams cad rdo rje'i snying pos dbang	can_0 no_4 thams_10 cad_16 rdo_20 rje_24 snying_30 pos_37 dbang_41 
K12D0489=D0017_H0455=H0019:295a-12	bskur ba nyid pas sems can thams cad ni rdo	skur_0 ba_6 nyid_9 ba_14 sems_18 can_23 thams_27 cad_33 ni_37 rdo_40 
K12D0489=D0017_H0455=H0019:295a-13	rje'i snying po can no //	rje_0 snying_6 po_13 can_16 no_20 
K12D0489=D0017_H0455=H0019:295a-14	ngag thams cad rab tu 'byung bas sems can thams cad ni chos kyi snying po can no //	ngag_0 thams_5 cad_11 rab_15 tu_19 'byung_22 ba_29 sems_33 can_38 thams_42 cad_48 ni_52 chos_55 kyi_60 snying_64 po_71 can_74 no_78 
K12D0489=D0017_H0455=H0019:295a-15	sems can thams cad kyi bya ba byed pa la sbyor bas /	sems_0 can_5 thams_9 cad_15 kyi_19 byed_23 ba_27 byed_30 ba_35 la_38 sbyor_41 ba_47 
K12D0489=D0017_H0455=H0019:295a-16	sems can thams cad ni las kyi snying po can no //	sems_0 can_5 thams_9 cad_15 ni_19 las_22 kyi_26 snying_30 po_37 can_40 no_44 
K12D0489=D0017_H0455=H0019:295a-17	de nas phyi rol kyi rdo rje'i rigs rnams kyis	de_0 nas_3 phyi_7 rol_12 kyi_16 rdo_20 rje_24 rigs_30 rnams_35 kyis_41 
K12D0489=D0017_H0455=H0019:295a-18	ca co'i sgra phyung nas chos nyid kyi don rgya	ca_0 co_3 sgra_8 'byin_13 nas_20 chos_24 nyid_29 kyi_34 don_38 rgya_42 
K12D0489=D0017_H0455=H0019:295a-19	cher ston cing snying po phul te /	cher_0 ston_5 cing_10 snying_15 po_22 'bul_25 te_30 
K12D0489=D0017_H0455=H0019:295a-20	de nas rdo rje'i dbang phyug chen pos rang gi de kho na'i snying po 'di phul lo //	de_0 nas_3 rdo_7 rje_11 dbang_17 phyug_23 chen_29 pos_34 rang_38 gi_43 de_46 kho_49 na_53 snying_58 po_65 'di_68 'bul_72 lo_77 
K12D0489=D0017_H0455=H0019:295a-21	dr'i /	dr_0 
K12D0489=D0017_H0455=H0019:295a-22	de nas ma mo thams cad kyis bcom ldan 'das la phyag 'tshal te /	de_0 nas_3 ma_7 mo_10 thams_13 cad_19 kyis_23 'joms_28 ldan_33 'da'_38 la_43 phyag_46 'tshal_52 te_59 
K12D0489=D0017_H0455=H0019:295a-23	mgrin gcig tu thams cad dgug pa dang /	mgrin_0 gcig_6 tu_11 thams_14 cad_20 'gugs_24 ba_29 dang_32 
K12D0489=D0017_H0455=H0019:295a-24	gzung ba dang /	gzung_0 ba_6 dang_9 
K12D0489=D0017_H0455=H0019:295a-25	gzhig pa dang /	'jig_0 ba_6 dang_9 
K12D0489=D0017_H0455=H0019:295b-0	@295b sgrub pa'i dam tshig ces bya ba rang gi de kho na'i snying po 'di phul lo //	sgrub_6 ba_12 dam_17 tshig_21 ces_27 byed_31 ba_35 rang_38 gi_43 de_46 kho_49 na_53 snying_58 po_65 'di_68 'bul_72 lo_77 
K12D0489=D0017_H0455=H0019:295b-1	bhyo: de nas sbrang rtsir byed la sogs pa ming	bhyo:_0 de_6 nas_9 sbrang_13 rtsir_20 byed_26 la_31 sogs_34 ba_39 ming_42 
K12D0489=D0017_H0455=H0019:295b-2	po gsum gyis bcom ldan 'das la phyag 'tshal te	po_0 gsum_3 gyis_8 'joms_13 ldan_18 'da'_23 la_28 phyag_31 'tshal_37 te_44 
K12D0489=D0017_H0455=H0019:295b-3	/ tshigs mthun par rang gi de kho na'i snying po 'di phul lo //	tshigs_2 mthun_9 ba_15 rang_19 gi_24 de_27 kho_30 na_34 snying_39 po_46 'di_49 'bul_53 lo_58 
K12D0489=D0017_H0455=H0019:295b-4	sv'a: de nas sring mo bzhis bcom ldan 'das la phyag 'tshal te /	sv:_0 de_6 nas_9 sring_13 mo_19 bzhis_22 'joms_28 ldan_33 'da'_38 la_43 phyag_46 'tshal_52 te_59 
K12D0489=D0017_H0455=H0019:295b-5	rang gi de kho na'i snying po 'di phul lo //	rang_0 gi_5 de_8 kho_11 na_15 snying_20 po_27 'di_30 'bul_34 lo_39 
K12D0489=D0017_H0455=H0019:295b-6	h'a; de nas bcom ldan 'das de bzhin gshegs pa	h;_0 de_5 nas_8 'joms_12 ldan_17 'da'_22 de_27 bzhin_30 gshegs_36 ba_43 
K12D0489=D0017_H0455=H0019:295b-7	mtha' yas mu med la mthar thug cing mu med	mtha'_0 yas_6 mu_10 med_13 la_17 mthar_20 thug_26 cing_31 mu_36 med_39 
K12D0489=D0017_H0455=H0019:295b-8	pa'i chos dang ldan pas yang chos 'di mthar thug	ba_0 chos_5 dang_10 ldan_15 ba_20 yang_24 chos_29 'di_34 mthar_38 thug_44 
K12D0489=D0017_H0455=H0019:295b-9	par byin gyis brlab par bya ba'i phyir chos thams	ba_0 byin_4 gyis_9 brlab_14 ba_20 byed_24 ba_28 phyir_33 chos_39 thams_44 
K12D0489=D0017_H0455=H0019:295b-10	cad kyi mnyam pa nyid kyi mthar thug pas byin	cad_0 kyi_4 mnyam_8 ba_14 nyid_17 kyi_22 mthar_26 thug_32 ba_37 byin_41 
K12D0489=D0017_H0455=H0019:295b-11	gyis brlabs pa rdo rje zhes bya ba shes rab	gyis_0 brlabs_5 ba_12 rdo_15 rje_19 zhes_23 byed_28 ba_32 shes_35 rab_40 
K12D0489=D0017_H0455=H0019:295b-12	kyi pha rol tu phyin pa'i tshul 'di bshad do	kyi_0 pha_4 rol_8 tu_12 phyin_15 ba_21 tshul_26 'di_32 'chad_36 do_42 
K12D0489=D0017_H0455=H0019:295b-13	// shes rab kyi pha rol tu phyin pa mtha'	shes_3 rab_8 kyi_12 pha_16 rol_20 tu_24 phyin_27 ba_33 mtha'_36 
K12D0489=D0017_H0455=H0019:295b-14	yas pa nyid pas de bzhin gshegs pa thams cad	yas_0 ba_4 nyid_7 ba_12 de_16 bzhin_19 gshegs_25 ba_32 thams_35 cad_41 
K12D0489=D0017_H0455=H0019:295b-15	mtha' yas pa nyid do //	mtha'_0 yas_6 ba_10 nyid_13 do_18 
K12D0489=D0017_H0455=H0019:295b-16	shes rab kyi pha rol tu phyin pa mu med	shes_0 rab_5 kyi_9 pha_13 rol_17 tu_21 phyin_24 ba_30 mu_33 med_36 
K12D0489=D0017_H0455=H0019:295b-17	pa nyid pas rdo rje thams cad mu med pa	ba_0 nyid_3 ba_8 rdo_12 rje_16 thams_20 cad_26 mu_30 med_33 ba_37 
K12D0489=D0017_H0455=H0019:295b-18	nyid do // shes rab kyi phyin pa du mnyid pas chos thams cad du ma nyid do //	nyid_0 do_5 shes_11 rab_16 kyi_20 phyin_24 ba_30 du_33 mnyid_36 ba_42 chos_46 thams_51 cad_57 du_61 ma_64 nyid_67 do_72 
K12D0489=D0017_H0455=H0019:295b-19	shes rab kyi pha rol tu phyin pa mthar thug	shes_0 rab_5 kyi_9 pha_13 rol_17 tu_21 phyin_24 ba_30 mthar_33 thug_39 
K12D0489=D0017_H0455=H0019:295b-20	pa med pa nyid pas chos thams cad mthar thug	ba_0 med_3 ba_7 nyid_10 ba_15 chos_19 thams_24 cad_30 mthar_34 thug_40 
K12D0489=D0017_H0455=H0019:295b-21	pa med pa nyid yin no //	ba_0 med_3 ba_7 nyid_10 yin_15 no_19 
K12D0489=D0017_H0455=H0019:295b-22	su la la shes rab kyi pha rol tu phyin pa'i tshul 'di nyam pa dang /	su_0 la_3 la_6 shes_9 rab_14 kyi_18 pha_22 rol_26 tu_30 phyin_33 ba_39 tshul_44 'di_50 nyam_54 ba_59 dang_62 
K12D0489=D0017_H0455=H0019:295b-23	'dzin pa dang /	'dzin_0 ba_6 dang_9 
K12D0489=D0017_H0455=H0019:295b-24	'chang ba dang /	'chang_0 ba_7 dang_10 
K12D0489=D0017_H0455=H0019:295b-25	glog pa dang /	glog_0 ba_5 dang_8 
K12D0489=D0017_H0455=H0019:295b-26	ston pa dang /	ston_0 ba_5 dang_8 
K12D0489=D0017_H0455=H0019:295b-27	brjod pa dang /	rjod_0 ba_6 dang_9 
K12D0489=D0017_H0455=H0019:295b-28	sgom pa des sangs rgyas dang /	sgom_0 ba_5 des_8 sangs_12 rgya_18 dang_24 
K12D0489=D0017_H0455=H0019:296a-0	byang chub sems @296a *//	byang_0 chub_6 sems_11 
K12D0489=D0017_H0455=H0019:296a-1	dpa'i spyod pa thug pa med pa'i mthar phyin te /	dpa_0 spyod_6 ba_12 thug_15 ba_20 med_23 ba_27 mthar_32 phyin_38 te_44 
K12D0489=D0017_H0455=H0019:296a-2	sgrib pa thams cad zad nas de bzhin gshegs pa 'am /	sgrib_0 ba_6 thams_9 cad_15 zad_19 nas_23 de_27 bzhin_30 gshegs_36 ba_43 'am_46 
K12D0489=D0017_H0455=H0019:296a-3	rdo rje 'dzin par myur du 'gyur ro //	rdo_0 rje_4 'dzin_8 ba_14 myur_18 du_23 'gyur_26 ro_32 
K12D0489=D0017_H0455=H0019:296a-4	de nas de bzhin gshegs pa thams cad 'dus te /	de_0 nas_3 de_7 bzhin_10 gshegs_16 ba_23 thams_26 cad_32 'du_36 te_41 
K12D0489=D0017_H0455=H0019:296a-5	chos kyi rnam grangs 'di don yod pa dang /	chos_0 kyi_5 rnam_9 grangs_14 'di_21 don_25 yod_29 ba_33 dang_36 
K12D0489=D0017_H0455=H0019:296a-6	thogs pa med par myur du 'grub par bya ba'i phyir //	thogs_0 ba_6 med_9 ba_13 myur_17 du_22 'grub_25 ba_31 byed_35 ba_39 phyir_44 
K12D0489=D0017_H0455=H0019:296a-7	lag na rdo rje la legs so zhes bya ba byin no //	lag_0 na_4 rdo_7 rje_11 la_15 legs_18 so_23 zhes_26 byed_31 ba_35 byin_38 no_43 
K12D0489=D0017_H0455=H0019:296a-8	sems can chen po legs so legs //	sems_0 can_5 chen_9 po_14 legs_17 so_22 legs_25 
K12D0489=D0017_H0455=H0019:296a-9	bde ba chen po legs so legs //	bde_0 ba_4 chen_7 po_12 legs_15 so_20 legs_23 
K12D0489=D0017_H0455=H0019:296a-10	theg pa chen po legs so legs //	theg_0 ba_5 chen_8 po_13 legs_16 so_21 legs_24 
K12D0489=D0017_H0455=H0019:296a-11	blo gros chen po legs so legs //	blo_0 gros_4 chen_9 po_14 legs_17 so_22 legs_25 
K12D0489=D0017_H0455=H0019:296a-12	cho ga 'di ni legs par smras //	cho_0 ga_4 'di_7 ni_11 legs_14 ba_19 smras_23 
K12D0489=D0017_H0455=H0019:296a-13	sangs rgyas rdo rje 'dzin kun gyis //	sangs_0 rgya_6 rdo_12 rje_16 'dzin_20 kun_26 gyis_30 
K12D0489=D0017_H0455=H0019:296a-14	'bras bu yod pa 'dul ba'i mchog /	'bras_0 bu_6 yod_9 ba_13 'dul_16 ba_21 mchog_26 
K12D0489=D0017_H0455=H0019:296a-15	rdo rje mdo sde byin gyis brlabs //	rdo_0 rje_4 mdo_8 sde_12 byin_16 gyis_21 brlabs_26 
K12D0489=D0017_H0455=H0019:296a-16	cho ga'i rgyal po bla na med //	cho_0 ga_4 rgyal_9 po_15 bla_18 na_22 med_25 
K12D0489=D0017_H0455=H0019:296a-17	gang rnams 'di dag 'dzin pa ni //	gang_0 rnams_5 'di_11 'dag_15 'dzin_19 ba_25 ni_28 
K12D0489=D0017_H0455=H0019:296a-18	bdud la sogs pa thams cad kyis //	bdud_0 la_5 sogs_8 ba_13 thams_16 cad_22 kyis_26 
K12D0489=D0017_H0455=H0019:296a-19	de dag mi sod mi tshugs so //	de_0 'dag_3 mi_7 sod_10 mi_14 tshugs_17 so_24 
K12D0489=D0017_H0455=H0019:296a-20	sangs rgyas byang chub sems dpa' dang //	sangs_0 rgya_6 byang_12 chub_18 sems_23 dpa'_28 dang_33 
K12D0489=D0017_H0455=H0019:296a-21	dngos grub dam pa thams cad kyang //	dngos_0 'grub_6 dam_11 ba_15 thams_18 cad_24 kyang_28 
K12D0489=D0017_H0455=H0019:296a-22	sangs rgyas kun gyis gsungs pa bzhin //	sangs_0 rgya_6 kun_12 gyis_16 gsungs_21 ba_28 bzhin_31 
K12D0489=D0017_H0455=H0019:296a-23	ring por mi thogs thob par 'gyur //	ring_0 por_5 mi_9 thogs_12 'thob_18 ba_23 'gyur_27 
K12D0489=D0017_H0455=H0019:296a-24	de skad gsungs nas gsang grub phyir //	de_0 skad_3 gsungs_8 nas_15 gsang_19 'grub_25 phyir_30 
K12D0489=D0017_H0455=H0019:296a-25	rdo rje can gyis bshad pa la //	rdo_0 rje_4 can_8 gyis_12 'chad_17 ba_23 la_26 
K12D0489=D0017_H0455=H0019:296a-26	kun mchog sangs rgyas mkhas bcas pa //	kun_0 mchog_4 sangs_10 rgya_16 mkhas_22 'cha'_28 ba_33 
K12D0489=D0017_H0455=H0019:296a-27	thams cad kyis ni mngon par bstod //	thams_0 cad_6 kyis_10 ni_15 mngon_18 ba_24 bstod_28 
K12D0489=D0017_H0455=H0019:296a-28	de nas bcom ldan 'das de bzhin gshegs pa rnam	de_0 nas_3 'joms_7 ldan_12 'da'_17 de_22 bzhin_25 gshegs_31 ba_38 rnam_41 
K12D0489=D0017_H0455=H0019:296b-0	par @296b snang mdzad de bzhin gshegs pa thams cad	ba_0 snang_10 mdzad_16 de_22 bzhin_25 gshegs_31 ba_38 thams_41 cad_47 
K12D0489=D0017_H0455=H0019:296b-1	kyi gsang ba'i chos nyid brnyes pa chos thams cad	kyi_0 gsang_4 ba_10 chos_15 nyid_20 brnyes_25 ba_32 chos_35 thams_40 cad_46 
K12D0489=D0017_H0455=H0019:296b-2	spros pa med pas yang bde ba chen po rdo	spros_0 ba_6 med_9 ba_13 yang_17 bde_22 ba_26 chen_29 po_34 rdo_37 
K12D0489=D0017_H0455=H0019:296b-3	rje'i don yod pa'i dam tshig ces bya ba rdo	rje_0 don_6 yod_10 ba_14 dam_19 tshig_23 ces_29 byed_33 ba_37 rdo_40 
K12D0489=D0017_H0455=H0019:296b-4	rje don yod pa'i chos mnyam pa nyid kyi shes	rje_0 don_4 yod_8 ba_12 chos_17 mnyam_22 ba_28 nyid_31 kyi_36 shes_40 
K12D0489=D0017_H0455=H0019:296b-5	rab kyi pha rol tu phyin pa'i sgo mchog dang	rab_0 kyi_4 pha_8 rol_12 tu_16 phyin_19 ba_25 sgo_30 mchog_34 dang_40 
K12D0489=D0017_H0455=H0019:296b-6	po thog ma dang /	po_0 thogs_3 ma_8 dang_11 
K12D0489=D0017_H0455=H0019:296b-7	tha ma da dang /	tha_0 ma_4 da_7 dang_10 
K12D0489=D0017_H0455=H0019:296b-8	dbus med pa'i dam pa 'di gsungs so //	dbus_0 med_5 ba_9 dam_14 ba_18 'di_21 gsungs_25 so_32 
K12D0489=D0017_H0455=H0019:296b-9	byang chub sems dpa' chen po rnams kyi 'dod chags	byang_0 chub_6 sems_11 dpa'_16 chen_21 po_26 rnams_29 kyi_35 'dod_39 chags_44 
K12D0489=D0017_H0455=H0019:296b-10	chen po dngos grub dam pa ni de bzhin gshegs	chen_0 po_5 dngos_8 'grub_14 dam_19 ba_23 ni_26 de_29 bzhin_32 gshegs_38 
K12D0489=D0017_H0455=H0019:296b-11	pa thams cad kyi bde ba chen po dngos grub	ba_0 thams_3 cad_9 kyi_13 bde_17 ba_21 chen_24 po_29 dngos_32 'grub_38 
K12D0489=D0017_H0455=H0019:296b-12	dam par 'gyur ro //	dam_0 ba_4 'gyur_8 ro_14 
K12D0489=D0017_H0455=H0019:296b-13	byang chub sems dpa' chen po rnams kyis bde ba	byang_0 chub_6 sems_11 dpa'_16 chen_21 po_26 rnams_29 kyis_35 bde_40 ba_44 
K12D0489=D0017_H0455=H0019:296b-14	chen po dngos grub dam pa ni de bzhin gshegs	chen_0 po_5 dngos_8 'grub_14 dam_19 ba_23 ni_26 de_29 bzhin_32 gshegs_38 
K12D0489=D0017_H0455=H0019:296b-15	pa thams cad kyi byang chub chen po dngos grub	ba_0 thams_3 cad_9 kyi_13 byang_17 chub_23 chen_28 po_33 dngos_36 'grub_42 
K12D0489=D0017_H0455=H0019:296b-16	dam par 'gyur ro //	dam_0 ba_4 'gyur_8 ro_14 
K12D0489=D0017_H0455=H0019:296b-17	byang chub sems dpa' chen po rnams kyi de bzhin	byang_0 chub_6 sems_11 dpa'_16 chen_21 po_26 rnams_29 kyi_35 de_39 bzhin_42 
K12D0489=D0017_H0455=H0019:296b-18	gshegs pa thams cad kyi byang chub chen po dngos	gshegs_0 ba_7 thams_10 cad_16 kyi_20 byang_24 chub_30 chen_35 po_40 dngos_43 
K12D0489=D0017_H0455=H0019:296b-19	grub dam pa ni bdud chen po'i stobs thams cad	'grub_0 dam_5 ba_9 ni_12 bdud_15 chen_20 po_25 stobs_30 thams_36 cad_42 
K12D0489=D0017_H0455=H0019:296b-20	rab tu 'joms pa dngos grub dam par 'gyur ro	rab_0 tu_4 'joms_7 ba_13 dngos_16 'grub_22 dam_27 ba_31 'gyur_35 ro_41 
K12D0489=D0017_H0455=H0019:296b-21	// byang chub sems dpa' chen po rnams kyi bdud	byang_3 chub_9 sems_14 dpa'_19 chen_24 po_29 rnams_32 kyi_38 bdud_42 
K12D0489=D0017_H0455=H0019:296b-22	chen po'i stobs thams cad rab tu 'joms pa dngos	chen_0 po_5 stobs_10 thams_16 cad_22 rab_26 tu_30 'joms_33 ba_39 dngos_42 
K12D0489=D0017_H0455=H0019:296b-23	grub dam pa ni khams gsum pa thams cad kyi	'grub_0 dam_5 ba_9 ni_12 khams_15 gsum_21 ba_26 thams_29 cad_35 kyi_39 
K12D0489=D0017_H0455=H0019:296b-24	dbang phyug chen po dngos grub dam par 'gyur ro	dbang_0 phyug_6 chen_12 po_17 dngos_20 'grub_26 dam_31 ba_35 'gyur_39 ro_45 
K12D0489=D0017_H0455=H0019:296b-25	// // byang chub sems dpa' chen po rnams kyi	byang_6 chub_12 sems_17 dpa'_22 chen_27 po_32 rnams_35 kyi_41 
K12D0489=D0017_H0455=H0019:296b-26	khams gsum pa thams cad kyi dbang phyug chen po'i	khams_0 gsum_6 ba_11 thams_14 cad_20 kyi_24 dbang_28 phyug_34 chen_40 po_45 
K12D0489=D0017_H0455=H0019:296b-27	dngos grub dam pa ni 'jig rten gyi khams ma	dngos_0 'grub_6 dam_11 ba_15 ni_18 'jig_21 rten_26 gyi_31 khams_35 ma_41 
K12D0489=D0017_H0455=H0019:297a-0	lus pa na sems can @297a *//	lus_0 ba_4 na_7 sems_10 can_15 
K12D0489=D0017_H0455=H0019:297a-1	gyi khams lus pa med pa yongs su sbyong bar 'dod pa'i rgyu'i phyir /	gyi_0 khams_4 lus_10 ba_14 med_17 ba_21 yongs_24 su_30 sbyong_33 ba_40 'dod_44 ba_49 rgyu_54 phyir_61 
K12D0489=D0017_H0455=H0019:297a-2	'khor ba la yang chags shing brtson 'grus che ba'i	'khor_0 ba_6 la_9 yang_12 chags_17 shing_23 brtson_29 'grus_36 che_42 ba_46 
K12D0489=D0017_H0455=H0019:297a-3	byang chub sems dpa' chen po rnams kyi 'jig rten	byang_0 chub_6 sems_11 dpa'_16 chen_21 po_26 rnams_29 kyi_35 'jig_39 rten_44 
K12D0489=D0017_H0455=H0019:297a-4	gyi khams ma lus pa na sems can gyi khams	gyi_0 khams_4 ma_10 lus_13 ba_17 na_20 sems_23 can_28 gyi_32 khams_36 
K12D0489=D0017_H0455=H0019:297a-5	lus pa med pa yongs su bskyab pa dang /	lus_0 ba_4 med_7 ba_11 yongs_14 su_20 bskyab_23 ba_30 dang_33 
K12D0489=D0017_H0455=H0019:297a-6	sems can thams cad la phan pa dang /	sems_0 can_5 thams_9 cad_15 la_19 phan_22 ba_27 dang_30 
K12D0489=D0017_H0455=H0019:297a-7	bde ba dang /	bde_0 ba_4 dang_7 
K12D0489=D0017_H0455=H0019:297a-8	mchog tu shin tu bde ba chen po'i dngos grub dam par 'gyur ro //	mchog_0 tu_6 shin_9 tu_14 bde_17 ba_21 chen_24 po_29 dngos_34 'grub_40 dam_45 ba_49 'gyur_53 ro_59 
K12D0489=D0017_H0455=H0019:297a-9	de ci'i phyir zhe na /	de_0 ci_3 phyir_8 zhe_14 na_18 
K12D0489=D0017_H0455=H0019:297a-10	ji srid 'khor ba'i gnas su ni //	ji_0 srid_3 'khor_8 ba_14 gnas_19 su_24 ni_27 
K12D0489=D0017_H0455=H0019:297a-11	mkhas mchog 'dug par 'gyur ba'i tshe //	mkhas_0 mchog_6 'dug_12 ba_17 'gyur_21 ba_27 tshe_32 
K12D0489=D0017_H0455=H0019:297a-12	de srid mtshungs med sems can don //	de_0 srid_3 mtshungs_8 med_17 sems_21 can_26 don_30 
K12D0489=D0017_H0455=H0019:297a-13	mya ngan mi 'da' byed par nus //	mya_0 ngan_4 mi_9 'da'_12 byed_17 ba_22 nus_26 
K12D0489=D0017_H0455=H0019:297a-14	shes rab pha rol phyin thabs dang //	shes_0 rab_5 pha_9 rol_13 phyin_17 thabs_23 dang_29 
K12D0489=D0017_H0455=H0019:297a-15	ye shes gnas su bsgrubs pas ni //	ye_0 shes_3 gnas_8 su_13 sgrub_16 ba_24 ni_28 
K12D0489=D0017_H0455=H0019:297a-16	chos kun rnam par dag pa'i phyir //	chos_0 kun_5 rnam_9 ba_14 'dag_18 ba_22 phyir_27 
K12D0489=D0017_H0455=H0019:297a-17	'khor ba yongs su dag par gyur //	'khor_0 ba_6 yongs_9 su_15 'dag_18 ba_22 gyur_26 
K12D0489=D0017_H0455=H0019:297a-18	chags la sogs pas 'dul na ni //	chags_0 la_6 sogs_9 ba_14 'dul_18 na_23 ni_26 
K12D0489=D0017_H0455=H0019:297a-19	'khor ba'i bar du rtag par yang //	'khor_0 ba_6 ba_11 du_15 rtag_18 ba_23 yang_27 
K12D0489=D0017_H0455=H0019:297a-20	'jig rten sdig byed de sbyang phyir //	'jig_0 rten_5 sdig_10 byed_15 de_20 sbyong_23 phyir_30 
K12D0489=D0017_H0455=H0019:297a-21	'khor ba srid du bdag nyid 'dul //	'khor_0 ba_6 srid_9 du_14 bdag_17 nyid_22 'dul_27 
K12D0489=D0017_H0455=H0019:297a-22	ji ltar padma rab dmar yang //	ji_0 ltar_3 padma_8 rab_14 dmar_18 yang_23 
K12D0489=D0017_H0455=H0019:297a-23	tshon gyi nyes pas mi gos pa //	tshon_0 gyi_6 nyes_10 ba_15 mi_19 gos_22 ba_26 
K12D0489=D0017_H0455=H0019:297a-24	de bzhin gnas pa'i nyes pa yis //	de_0 bzhin_3 gnas_9 ba_14 nyes_19 ba_24 yis_27 
K12D0489=D0017_H0455=H0019:297a-25	'gro phan rnams la mi gos so //	'gro_0 phan_5 rnams_10 la_16 mi_19 gos_22 so_26 
K12D0489=D0017_H0455=H0019:297a-26	'dod chags chen po rnam par dag /	'dod_0 chags_5 chen_11 po_16 rnam_19 ba_24 'dag_28 
K12D0489=D0017_H0455=H0019:297a-27	bde ba che zhing nor che la //	bde_0 ba_4 che_7 zhing_11 nor_17 che_21 la_25 
K12D0489=D0017_H0455=H0019:297a-28	khams gsum dbang phyug thob pas na //	khams_0 gsum_6 dbang_11 phyug_17 'thob_23 ba_28 na_32 
K12D0489=D0017_H0455=H0019:297a-29	sems can don rnams brtan par byed //	sems_0 can_5 don_9 rnams_13 brtan_19 ba_25 byed_29 
K12D0489=D0017_H0455=H0019:297a-30	lag na rdo rje /	lag_0 na_4 rdo_7 rje_11 
K12D0489=D0017_H0455=H0019:297b-0	su la la nang par @297b langs nas mchog dang	su_0 la_3 la_6 nang_9 ba_14 ldang_24 nas_30 mchog_34 dang_40 
K12D0489=D0017_H0455=H0019:297b-1	po shes rab kyi pha rol tu phyin pa'i tshul	po_0 shes_3 rab_8 kyi_12 pha_16 rol_20 tu_24 phyin_27 ba_33 tshul_38 
K12D0489=D0017_H0455=H0019:297b-2	gyi sgo'i chos kyi rnam grangs 'di nyin re zhing	gyi_0 sgo_4 chos_10 kyi_15 rnam_19 grangs_24 'di_31 nyin_35 re_40 zhing_43 
K12D0489=D0017_H0455=H0019:297b-3	'don pa dang / nyan pa dang /	'don_0 ba_5 dang_8 nyan_15 ba_20 dang_23 
K12D0489=D0017_H0455=H0019:297b-4	'dzin pa dang /	'dzin_0 ba_6 dang_9 
K12D0489=D0017_H0455=H0019:297b-5	klog pa dang /	klog_0 ba_5 dang_8 
K12D0489=D0017_H0455=H0019:297b-6	sgom pa de yid bde ba dang /	sgom_0 ba_5 de_8 yid_11 bde_15 ba_19 dang_22 
K12D0489=D0017_H0455=H0019:297b-7	bde ba thams cad thob par 'gyur ro //	bde_0 ba_4 thams_7 cad_13 'thob_17 ba_22 'gyur_26 ro_32 
K12D0489=D0017_H0455=H0019:297b-8	bde ba chen po pa rdo rje don yod pa'i	bde_0 ba_4 chen_7 po_12 ba_15 rdo_18 rje_22 don_26 yod_30 ba_34 
K12D0489=D0017_H0455=H0019:297b-9	dam tshig dngos grub kyi mchog kyang tshe 'di la	dam_0 tshig_4 dngos_10 'grub_16 kyi_21 mchog_25 kyang_31 tshe_37 'di_42 la_46 
K12D0489=D0017_H0455=H0019:297b-10	thob par 'gyur ro //	'thob_0 ba_5 'gyur_9 ro_15 
K12D0489=D0017_H0455=H0019:297b-11	de bzhin gshegs pa thams cad kyi gsang ba mchog kyang 'grub ste /	de_0 bzhin_3 gshegs_9 ba_16 thams_19 cad_25 kyi_29 gsang_33 ba_39 mchog_42 kyang_48 'grub_54 ste_60 
K12D0489=D0017_H0455=H0019:297b-12	rdo rje 'dzin thams cad kyi chen po 'am /	rdo_0 rje_4 'dzin_8 thams_14 cad_20 kyi_24 chen_28 po_33 'am_36 
K12D0489=D0017_H0455=H0019:297b-13	de bzhin gshegs par 'gyur ro //	de_0 bzhin_3 gshegs_9 ba_16 'gyur_20 ro_26 
K12D0489=D0017_H0455=H0019:297b-14	de nas bcom ldan 'das kyis gsang ba'i bdag po lag na rdo rje la bka' stsal ba /	de_0 nas_3 'joms_7 ldan_12 'da'_17 kyis_22 gsang_27 ba_33 bdag_38 po_43 lag_46 na_50 rdo_53 rje_57 la_61 bka'_64 stsal_69 ba_75 
K12D0489=D0017_H0455=H0019:297b-15	gsang ba pa'i bdag po //	gsang_0 ba_6 ba_9 bdag_14 po_19 
K12D0489=D0017_H0455=H0019:297b-16	shes rab kyi pha rol tu phyin pa'i tshul gyi	shes_0 rab_5 kyi_9 pha_13 rol_17 tu_21 phyin_24 ba_30 tshul_35 gyi_41 
K12D0489=D0017_H0455=H0019:297b-17	sgo'i sngags kyi tshig nyi shu rtsa lnga po 'di	sgo_0 sngags_6 kyi_13 tshig_17 nyi_23 shu_27 rtsa_31 lnga_36 po_41 'di_44 
K12D0489=D0017_H0455=H0019:297b-18	rnams so // aom byang chub kyi sems rdo rje /	rnams_0 so_6 aom_12 byang_16 chub_22 kyi_27 sems_31 rdo_36 rje_40 
K12D0489=D0017_H0455=H0019:297b-19	aom kun tu bzang po'i spyod pa /	aom_0 kun_4 tu_8 bzang_11 po_17 spyod_22 ba_28 
K12D0489=D0017_H0455=H0019:297b-20	aom yid bzhin gyi nor bu /	aom_0 yid_4 bzhin_8 gyi_14 nor_18 bu_22 
K12D0489=D0017_H0455=H0019:297b-21	aom 'gog pa med pa /	aom_0 'gog_4 ba_9 med_12 ba_16 
K12D0489=D0017_H0455=H0019:297b-22	aom skye ba bzlog pa /	aom_0 skye_4 ba_9 bzlog_12 ba_18 
K12D0489=D0017_H0455=H0019:297b-23	aom rnam par shes pa thams cad /	aom_0 rnam_4 ba_9 shes_13 ba_18 thams_21 cad_27 
K12D0489=D0017_H0455=H0019:297b-24	aom 'dod chags dang bral ba'i chos nyid chen po /	aom_0 'dod_4 chags_9 dang_15 'bral_20 ba_25 chos_30 nyid_35 chen_40 po_45 
K12D0489=D0017_H0455=H0019:297b-25	aom brtson 'grus kyi go cha /	aom_0 brtson_4 'grus_11 kyi_17 go_21 cha_24 
K12D0489=D0017_H0455=H0019:297b-26	aom kun tu 'gro ba /	aom_0 kun_4 tu_8 'gro_11 ba_16 
K12D0489=D0017_H0455=H0019:297b-27	aom rdo rje sra ba'i sems /	aom_0 rdo_4 rje_8 sra_12 ba_16 sems_21 
K12D0489=D0017_H0455=H0019:297b-28	h'um phat/	h_0 
K12D0489=D0017_H0455=H0019:297b-29	aom de bzhin gshegs pa thams cad /	aom_0 de_4 bzhin_7 gshegs_13 ba_20 thams_23 cad_29 
K12D0489=D0017_H0455=H0019:297b-30	aom ngo bo nyid rnam par dag pa /	aom_0 ngo_4 'bo_8 nyid_11 rnam_16 ba_21 'dag_25 ba_29 
K12D0489=D0017_H0455=H0019:297b-31	aom chos nyid shes pa rnam par dag pa /	aom_0 chos_4 nyid_9 shes_14 ba_19 rnam_22 ba_27 'dag_31 ba_35 
K12D0489=D0017_H0455=H0019:297b-32	aom de bzhin las rnam par sbyong ba /	aom_0 de_4 bzhin_7 las_13 rnam_17 ba_22 sbyong_26 ba_33 
K12D0489=D0017_H0455=H0019:298a-0	h'um aom nges par gnod mdzes @298a *//	h_0 aom_5 nges_9 ba_14 gnod_18 mdzes_23 
K12D0489=D0017_H0455=H0019:298a-1	rdo rje can /	rdo_0 rje_4 can_8 
K12D0489=D0017_H0455=H0019:298a-3	phat/ aom 'dod pa la 'dod chags pa /	aom_6 'dod_10 ba_15 la_18 'dod_21 chags_26 ba_32 
K12D0489=D0017_H0455=H0019:298a-4	aom spong ba'i rdo rje can /	aom_0 spong_4 ba_10 rdo_15 rje_19 can_23 
K12D0489=D0017_H0455=H0019:298a-5	aom h'um thams cad 'dul ba /	aom_0 h_4 thams_9 cad_15 'dul_19 ba_24 
K12D0489=D0017_H0455=H0019:298a-6	aom hr'i:/	aom_0 
K12D0489=D0017_H0455=H0019:298a-7	aom aa zhes bya ba'i sgo //	aom_0 aa_4 zhes_7 byed_12 ba_16 sgo_21 
K12D0489=D0017_H0455=H0019:298a-8	aom shes rab kyi pha rol tu phyin pa /	aom_0 shes_4 rab_9 kyi_13 pha_17 rol_21 tu_25 phyin_28 ba_34 
K12D0489=D0017_H0455=H0019:298a-9	a'am bam h'um aa aom/	a_0 bam_5 h_9 aa_14 
K12D0489=D0017_H0455=H0019:298a-10	aom de bzhin gshegs pa thams cad kyi sku'i mchog /	aom_0 de_4 bzhin_7 gshegs_13 ba_20 thams_23 cad_29 kyi_33 sku_37 mchog_43 
K12D0489=D0017_H0455=H0019:298a-11	aom de bzhin gshegs pa thams cad kyi gsung ram par dag pa /	aom_0 de_4 bzhin_7 gshegs_13 ba_20 thams_23 cad_29 kyi_33 gsung_37 ram_43 ba_47 'dag_51 ba_55 
K12D0489=D0017_H0455=H0019:298a-12	aom de bzhin gshegs pa thams cad kyi thugs rdo rje aa: aom aa /	aom_0 de_4 bzhin_7 gshegs_13 ba_20 thams_23 cad_29 kyi_33 thugs_37 rdo_43 rje_47 aa:_51 aom_55 aa_59 
K12D0489=D0017_H0455=H0019:298a-13	sdig pas bcings pa thams cad chos shig /	sdig_0 ba_5 'ching_9 ba_16 thams_19 cad_25 chos_29 shig_34 
K12D0489=D0017_H0455=H0019:298a-14	ngan song gi rgyud thams cad las thar par gyis shig /	ngan_0 'gro_5 gi_10 brgyud_13 thams_19 cad_25 las_29 thar_33 ba_38 gyis_42 shig_47 
K12D0489=D0017_H0455=H0019:298a-15	aom dam tshigs thams cad kyi rdo rje h'um trat/	aom_0 dam_4 tshigs_8 thams_15 cad_21 kyi_25 rdo_29 rje_33 h_37 
K12D0489=D0017_H0455=H0019:298a-16	sdig pa gzhom pa'i phyag rgya dang sngags te /	sdig_0 ba_5 'joms_8 ba_14 phyag_19 rgya_25 dang_30 sngags_35 te_42 
K12D0489=D0017_H0455=H0019:298a-17	de bzhin gshegs pa thams cad kyi gsang ba'i dngos grub dam pa rdo rje 'dzin chen po dang /	de_0 bzhin_3 gshegs_9 ba_16 thams_19 cad_25 kyi_29 gsang_33 ba_39 dngos_44 'grub_50 dam_55 ba_59 rdo_62 rje_66 'dzin_70 chen_76 po_81 dang_84 
K12D0489=D0017_H0455=H0019:298a-18	de bzhin gshegs par 'gyur ro //	de_0 bzhin_3 gshegs_9 ba_16 'gyur_20 ro_26 
K12D0489=D0017_H0455=H0019:298a-19	lag na rdo rje /	lag_0 na_4 rdo_7 rje_11 
K12D0489=D0017_H0455=H0019:298a-20	'di ni sems can dge ba'i rtsa ba ma bskyed	'di_0 ni_4 sems_7 can_12 dge_16 ba_20 rtsa_25 ba_30 ma_33 skyed_36 
K12D0489=D0017_H0455=H0019:298a-21	pa rnams kyi rna lam du thos par mi 'gyur	ba_0 rnams_3 kyi_9 rna_13 lam_17 du_21 thos_24 ba_29 mi_33 'gyur_36 
K12D0489=D0017_H0455=H0019:298a-22	ro // 'di ni sems can dge ba'i rtsa ba ma bskyed pa rnams kyis mnyan pa 'am /	ro_0 'di_6 ni_10 sems_13 can_18 dge_22 ba_26 rtsa_31 ba_36 ma_39 skyed_42 ba_49 rnams_52 kyis_58 nyan_63 ba_69 'am_72 
K12D0489=D0017_H0455=H0019:298a-23	yi ger 'dri ba 'am /	yi_0 ger_3 'bri_7 ba_12 'am_15 
K12D0489=D0017_H0455=H0019:298a-24	yi ger 'dir gzhug pa 'am /	yi_0 ger_3 'dir_7 'jug_12 ba_18 'am_21 
K12D0489=D0017_H0455=H0019:298a-25	bklag pa 'am /	klog_0 ba_6 'am_9 
K12D0489=D0017_H0455=H0019:298a-26	'chang ba 'am /	'chang_0 ba_7 'am_10 
K12D0489=D0017_H0455=H0019:298a-27	bsgom pa 'am /	bsgom_0 ba_6 'am_9 
K12D0489=D0017_H0455=H0019:298a-28	bsti stang du bya ba'am /	sti_0 stang_5 du_11 byed_14 ba_18 
K12D0489=D0017_H0455=H0019:298a-29	ri mor bya ba 'am /	ri_0 mor_3 byed_7 ba_11 'am_14 
K12D0489=D0017_H0455=H0019:298a-30	mchod par mi nus so //	mchod_0 ba_6 mi_10 nus_13 so_17 
K12D0489=D0017_H0455=H0019:298a-31	gang dag gis shes rab kyi pha rol tu phyin	gang_0 'dag_5 gis_9 shes_13 rab_18 kyi_22 pha_26 rol_30 tu_34 phyin_37 
K12D0489=D0017_H0455=H0019:298a-32	pa'i tshul gyi chos kyi rnam grangs 'di las tha	ba_0 tshul_5 gyi_11 chos_15 kyi_20 rnam_24 grangs_29 'di_36 las_40 tha_44 
K12D0489=D0017_H0455=H0019:298b-0	na yi ge 'bru @298b gcig tsam thos na yang	na_0 yi_3 ge_6 'bru_9 gcig_20 tsam_25 thos_30 na_35 yang_38 
K12D0489=D0017_H0455=H0019:298b-1	sems can de dag ni gzhan na sangs rgyas mang	sems_0 can_5 de_9 'dag_12 ni_16 gzhan_19 na_25 sangs_28 rgya_34 mang_40 
K12D0489=D0017_H0455=H0019:298b-2	po la dge ba'i rtsa ba bskyed pa yin na	po_0 la_3 dge_6 ba_10 rtsa_15 ba_20 skyed_23 ba_30 yin_33 na_37 
K12D0489=D0017_H0455=H0019:298b-3	mtha' dag rdzogs pa lta ci smos /	mtha'_0 'dag_6 rdzogs_10 ba_17 lta_20 ci_24 smos_27 
K12D0489=D0017_H0455=H0019:298b-4	lag na rdo rje /	lag_0 na_4 rdo_7 rje_11 
K12D0489=D0017_H0455=H0019:298b-5	gang la la dag sangs rgyas bye ba khrag khrig	gang_0 la_5 la_8 'dag_11 sangs_15 rgya_21 'bye_27 ba_31 khrag_34 khrig_40 
K12D0489=D0017_H0455=H0019:298b-6	gang g'a'i klung brgyad cu'i bye ma snyed la bkur	gang_0 g'i_5 klung_11 brgyad_17 cu_24 'bye_29 ma_33 snyed_36 la_42 bkur_45 
K12D0489=D0017_H0455=H0019:298b-7	sti ma byas pa dang /	sti_0 ma_4 byed_7 ba_12 dang_15 
K12D0489=D0017_H0455=H0019:298b-8	bla mar ma byas pa dang /	bla_0 mar_4 ma_8 byed_11 ba_16 dang_19 
K12D0489=D0017_H0455=H0019:298b-9	bsti stang ma byas pa dang /	sti_0 stang_5 ma_11 byed_14 ba_19 dang_22 
K12D0489=D0017_H0455=H0019:298b-10	mchod pa ma byas pa de dag gis shes rab	mchod_0 ba_6 ma_9 byed_12 ba_17 de_20 'dag_23 gis_27 shes_31 rab_36 
K12D0489=D0017_H0455=H0019:298b-11	kyi pha rol tu phyin pa'i tshul gyi sgo'i chos	kyi_0 pha_4 rol_8 tu_12 phyin_15 ba_21 tshul_26 gyi_32 sgo_36 chos_42 
K12D0489=D0017_H0455=H0019:298b-12	kyi rnam grang 'di thos par mi nus so //	kyi_0 rnam_4 grang_9 'di_15 thos_19 ba_24 mi_28 nus_31 so_35 
K12D0489=D0017_H0455=H0019:298b-13	chos kyi rnam grangs 'di gang na spyod pa'i sa phyogs de mchod rten du 'gyur ro //	chos_0 kyi_5 rnam_9 grangs_14 'di_21 gang_25 na_30 spyod_33 ba_39 sa_44 phyogs_47 de_54 mchod_57 rten_63 du_68 'gyur_71 ro_77 
K12D0489=D0017_H0455=H0019:298b-14	chos kyi rnam grangs 'di gang gi lus la thogs sam /	chos_0 kyi_5 rnam_9 grangs_14 'di_21 gang_25 gi_30 lus_33 la_37 thogs_40 sam_46 
K12D0489=D0017_H0455=H0019:298b-15	glegs bam la bris te spyod pa'i gang zag de phyag bya ba'i gnas su 'gyur ro //	glegs_0 bam_6 la_10 'bri_13 te_18 spyod_21 ba_27 gang_32 zag_37 de_41 phyag_44 byed_50 ba_54 gnas_59 su_64 'gyur_67 ro_73 
K12D0489=D0017_H0455=H0019:298b-16	de bskal ba bye ba mang por skye ba dran par 'gyur ro //	de_0 bskal_3 ba_9 'bye_12 ba_16 mang_19 por_24 skye_28 ba_33 dran_36 ba_41 'gyur_45 ro_51 
K12D0489=D0017_H0455=H0019:298b-17	de la bdud sdig to can par chad byed par mi 'gyur ro //	de_0 la_3 bdud_6 sdig_11 to_16 can_19 ba_23 'chad_27 byed_32 ba_37 mi_41 'gyur_44 ro_50 
K12D0489=D0017_H0455=H0019:298b-18	rgyal po chen po bzhi dang /	rgyal_0 po_6 chen_9 po_14 bzhi_17 dang_22 
K12D0489=D0017_H0455=H0019:298b-19	lha gzhan rnams kyang de la bsrung pa dang /	lha_0 gzhan_4 rnams_10 kyang_16 de_22 la_25 bsrung_28 ba_35 dang_38 
K12D0489=D0017_H0455=H0019:298b-20	bskyab pa dang /	bskyab_0 ba_7 dang_10 
K12D0489=D0017_H0455=H0019:298b-21	sba ba'i phyir rtag tu phyi bzhin 'brang bar 'gyur ro //	sbed_0 ba_4 phyir_9 rtag_15 tu_20 phyi_23 bzhin_28 'brang_34 ba_41 'gyur_45 ro_51 
K12D0489=D0017_H0455=H0019:298b-22	ya nga ba ma spangs par 'chi bar mi 'gyur ro //	ya_0 nga_3 ba_7 ma_10 spong_13 ba_20 'chi_24 ba_29 mi_33 'gyur_36 ro_42 
K12D0489=D0017_H0455=H0019:298b-23	sangs rgyas dang /	sangs_0 rgya_6 dang_12 
K12D0489=D0017_H0455=H0019:298b-24	byang chub sems dpa' thams cad kyis dgongs par 'gyur ro //	byang_0 chub_6 sems_11 dpa'_16 thams_21 cad_27 kyis_31 dgongs_36 ba_43 'gyur_47 ro_53 
K12D0489=D0017_H0455=H0019:298b-25	mdor na sangs rgyas kyi zhing gang dang gang du 'dod pa de dang der skye'o //	mdor_0 na_5 sangs_8 rgya_14 kyi_20 zhing_24 gang_30 dang_35 gang_40 du_45 'dod_48 ba_53 de_56 dang_59 der_64 skye_68 
K12D0489=D0017_H0455=H0019:298b-26	de ltar shes rab kyi pha rol tu phyin pa'i	de_0 ltar_3 shes_8 rab_13 kyi_17 pha_21 rol_25 tu_29 phyin_32 ba_38 
K12D0489=D0017_H0455=H0019:298b-27	tshul gyi sgo'i chos kyi rnam grangs 'di phan yon	tshul_0 gyi_6 sgo_10 chos_16 kyi_21 rnam_25 grangs_30 'di_37 phan_41 yon_46 
K12D0489=D0017_H0455=H0019:299a-0	mang mod kyi ngas phyogs tsam zhig @299a *//	mang_0 mod_5 kyi_9 ngas_13 phyogs_18 tsam_25 'jig_30 
K12D0489=D0017_H0455=H0019:299a-1	brjod do //	rjod_0 do_6 
K12D0489=D0017_H0455=H0019:299a-2	bcom ldan 'das kyis de skad ces bka' stsal nas /	'joms_0 ldan_5 'da'_10 kyis_15 de_20 skad_23 ces_28 bka'_32 stsal_37 nas_43 
K12D0489=D0017_H0455=H0019:299a-3	byang chub sems dpa' sems dpa' chen po lag na rdo rje dang /	byang_0 chub_6 sems_11 dpa'_16 sems_21 dpa'_26 chen_31 po_36 lag_39 na_43 rdo_46 rje_50 dang_54 
K12D0489=D0017_H0455=H0019:299a-4	byang chub sems dpa' de dag dang /	byang_0 chub_6 sems_11 dpa'_16 de_21 'dag_24 dang_28 
K12D0489=D0017_H0455=H0019:299a-5	thams cad dang ldan pa'i 'khor de dag dang /	thams_0 cad_6 dang_10 ldan_15 ba_20 'khor_25 de_31 'dag_34 dang_38 
K12D0489=D0017_H0455=H0019:299a-6	lha dang /	lha_0 dang_4 
K12D0489=D0017_H0455=H0019:299a-7	mi dang /	mi_0 dang_3 
K12D0489=D0017_H0455=H0019:299a-8	lha ma yin dang /	lha_0 ma_4 yin_7 dang_11 
K12D0489=D0017_H0455=H0019:299a-9	dri zar bcas pa'i 'jig rten yi rangs te /	'dri_0 zar_4 'cha'_8 ba_13 'jig_18 rten_23 yi_28 rangs_31 te_37 
K12D0489=D0017_H0455=H0019:299a-10	bcom ldan 'das kyis gsungs pa la mngon par bstod do //	'joms_0 ldan_5 'da'_10 kyis_15 gsungs_20 ba_27 la_30 mngon_33 ba_39 bstod_43 do_49 
K12D0489=D0017_H0455=H0019:299a-11	'phags pa shes rab kyi pha rol tu phyin pa tshul brgya lnga bcu pa rdzogs so //	'phag_0 ba_7 shes_10 rab_15 kyi_19 pha_23 rol_27 tu_31 phyin_34 ba_40 tshul_43 brgya_49 lnga_55 'chu_60 ba_64 rdzogs_67 so_74 
