K12D0242-1_H0765-1c=H0243-1:306a-0	@306a rgya gar skad du /	rgya_6 gar_11 skad_15 du_20 
K12D0242-1_H0765-1c=H0243-1:306a-1	a'arya pa ri na ta tsakra na m'a h'a ya n'a s'a tra /	a_0 ba_7 ri_10 na_13 ta_16 tsakra_19 na_26 m_29 h_33 ya_37 n_40 s_44 tra_48 
K12D0242-1_H0765-1c=H0243-1:306a-2	bod skad du /	'bod_0 skad_4 du_9 
K12D0242-1_H0765-1c=H0243-1:306a-3	'phags pa yongs su bsngo ba'i 'khor lo zhes bya ba theg pa chen po'i mdo //	'phag_0 ba_7 yongs_10 su_16 sngo_19 ba_25 'khor_30 lo_36 zhes_39 byed_44 ba_48 theg_51 ba_56 chen_59 po_64 mdo_69 
K12D0242-1_H0765-1c=H0243-1:306a-4	sangs rgyas dang /	sangs_0 rgya_6 dang_12 
K12D0242-1_H0765-1c=H0243-1:306b-0	byang chub @306b sems dpa' thams cad la phyag 'tshal lo //	byang_0 chub_6 sems_17 dpa'_22 thams_27 cad_33 la_37 phyag_40 'tshal_46 lo_53 
K12D0242-1_H0765-1c=H0243-1:306b-1	'di skad bdag gis thos pa dus gcig na /	'di_0 skad_4 bdag_9 gis_14 thos_18 ba_23 dus_26 gcig_30 na_35 
K12D0242-1_H0765-1c=H0243-1:306b-2	bcom ldan 'das nor bu rin po che rdo rje	'joms_0 ldan_5 'da'_10 nor_15 bu_19 rin_22 po_26 che_29 rdo_33 rje_37 
K12D0242-1_H0765-1c=H0243-1:306b-3	ri'i zom la byang chub sems dpa' sems dpa' chen	ri_0 zom_5 la_9 byang_12 chub_18 sems_23 dpa'_28 sems_33 dpa'_38 chen_43 
K12D0242-1_H0765-1c=H0243-1:306b-4	po'i 'khor mang po dang thabs gcig tu bzhugs so	po_0 'khor_5 mang_11 po_16 dang_19 thabs_24 gcig_30 tu_35 bzhugs_38 so_45 
K12D0242-1_H0765-1c=H0243-1:306b-5	// de nas bcom ldan 'das kyis byang chub sems	de_3 nas_6 'joms_10 ldan_15 'da'_20 kyis_25 byang_30 chub_36 sems_41 
K12D0242-1_H0765-1c=H0243-1:306b-6	dpa' rdo rje rin po che la bka' stsal pa	dpa'_0 rdo_5 rje_9 rin_13 po_17 che_20 la_24 bka'_27 stsal_32 ba_38 
K12D0242-1_H0765-1c=H0243-1:306b-7	// / rigs kyi bu /	rigs_5 kyi_10 bu_14 
K12D0242-1_H0765-1c=H0243-1:306b-8	gang byang chub sems dpa' chen po don du gnyer bar 'dod pa dang /	gang_0 byang_5 chub_11 sems_16 dpa'_21 chen_26 po_31 don_34 du_38 gnyer_41 ba_47 'dod_51 ba_56 dang_59 
K12D0242-1_H0765-1c=H0243-1:306b-9	sems can thams cad sgrol bar 'dod cing /	sems_0 can_5 thams_9 cad_15 sgrol_19 ba_25 'dod_29 cing_34 
K12D0242-1_H0765-1c=H0243-1:306b-10	byang chub sems dpa' sdom pa 'dzin par 'dod pa dang /	byang_0 chub_6 sems_11 dpa'_16 sdom_21 ba_26 'dzin_29 ba_35 'dod_39 ba_44 dang_47 
K12D0242-1_H0765-1c=H0243-1:306b-11	byang chub chen por sems bskyed cing snying rje chen	byang_0 chub_6 chen_11 por_16 sems_20 skyed_25 cing_32 snying_37 rje_44 chen_48 
K12D0242-1_H0765-1c=H0243-1:306b-12	po dang ldan pas de bzhin gshegs pa thams cad	po_0 dang_3 ldan_8 ba_13 de_17 bzhin_20 gshegs_26 ba_33 thams_36 cad_42 
K12D0242-1_H0765-1c=H0243-1:306b-13	la rim gro dang /	la_0 rim_3 gro_7 dang_11 
K12D0242-1_H0765-1c=H0243-1:306b-14	bkur sti bya bar 'dod pa dang /	bkur_0 sti_5 byed_9 ba_13 'dod_17 ba_22 dang_25 
K12D0242-1_H0765-1c=H0243-1:306b-15	byang chub sems dpa' rnams kyi bsod nams kyi tshogs	byang_0 chub_6 sems_11 dpa'_16 rnams_21 kyi_27 bsod_31 nams_36 kyi_41 tshogs_45 
K12D0242-1_H0765-1c=H0243-1:306b-16	yangs shing rgya che ba gsog par 'dod pa dang	yangs_0 shing_6 rgya_12 che_17 ba_21 gsog_24 ba_29 'dod_33 ba_38 dang_41 
K12D0242-1_H0765-1c=H0243-1:306b-17	/ sangs rgyas kyi ye shes sgrub par 'dod pa dang /	sangs_2 rgya_8 kyi_14 ye_18 shes_21 sgrub_26 ba_32 'dod_36 ba_41 dang_44 
K12D0242-1_H0765-1c=H0243-1:306b-18	thogs pa med pa'i gzungs dang /	thogs_0 ba_6 med_9 ba_13 gzungs_18 dang_25 
K12D0242-1_H0765-1c=H0243-1:306b-19	ting nge 'dzin dang /	ting_0 nge_5 'dzin_9 dang_15 
K12D0242-1_H0765-1c=H0243-1:306b-20	rnam par thar ba'i sgo dang /	rnam_0 ba_5 thar_9 ba_14 sgo_19 dang_23 
K12D0242-1_H0765-1c=H0243-1:306b-21	rdzu 'phrul dang /	rdzu_0 'phrul_5 dang_12 
K12D0242-1_H0765-1c=H0243-1:306b-22	mngon par shes pas rnam par rol par 'dod pa dang /	mngon_0 ba_6 shes_10 ba_15 rnam_19 ba_24 rol_28 ba_32 'dod_36 ba_41 dang_44 
K12D0242-1_H0765-1c=H0243-1:306b-23	nam mkha' la dbang ba dang /	nam_0 mkha'_4 la_10 dbang_13 ba_19 dang_22 
K12D0242-1_H0765-1c=H0243-1:306b-24	mdzod chen po bsgrub par 'dod pa dang /	mdzod_0 chen_6 po_11 sgrub_14 ba_21 'dod_25 ba_30 dang_33 
K12D0242-1_H0765-1c=H0243-1:306b-25	rang gi lag nas yid bzhin gyi nor bu bzhin	rang_0 gi_5 lag_8 nas_12 yid_16 bzhin_20 gyi_26 nor_30 bu_34 bzhin_37 
K12D0242-1_H0765-1c=H0243-1:306b-26	du gtong zhing 'bul bar 'dod par 'di skad ces	du_0 gtong_3 zhing_9 'bul_15 ba_20 'dod_24 ba_29 'di_33 skad_37 ces_42 
K12D0242-1_H0765-1c=H0243-1:306b-27	brjod par bya ste /	rjod_0 ba_6 byed_10 ste_14 
K12D0242-1_H0765-1c=H0243-1:306b-28	phyogs bcun bzhugs pa'i sangs rgyas bcom ldan 'das thams cad dang /	phyogs_0 bcun_7 bzhugs_12 ba_19 sangs_24 rgya_30 'joms_36 ldan_41 'da'_46 thams_51 cad_57 dang_61 
K12D0242-1_H0765-1c=H0243-1:307a-0	sa bcu la rab tu gnas @307a *//	sa_0 'chu_3 la_7 rab_10 tu_14 gnas_17 
K12D0242-1_H0765-1c=H0243-1:307a-1	pa'i byang chub sems dpa' chen po rnams dang /	ba_0 byang_5 chub_11 sems_16 dpa'_21 chen_26 po_31 rnams_34 dang_40 
K12D0242-1_H0765-1c=H0243-1:307a-2	rdo rje 'dzin pa rnams bdag la dgongs su gsol /	rdo_0 rje_4 'dzin_8 ba_14 rnams_17 bdag_23 la_28 dgongs_31 su_38 gsol_41 
K12D0242-1_H0765-1c=H0243-1:307a-3	bdag ming 'di zhes bgyi ba yang dag pa'i lam la bde bar gnas pa thob pas /	bdag_0 ming_5 'di_10 zhes_14 bgyid_19 ba_24 yang_27 'dag_32 ba_36 lam_41 la_45 bde_48 ba_52 gnas_56 ba_61 'thob_64 ba_69 
K12D0242-1_H0765-1c=H0243-1:307a-4	deng byang chub tu sems bskyed de bdag gi lus dang /	deng_0 byang_5 chub_11 tu_16 sems_19 skyed_24 de_31 bdag_34 gi_39 lus_42 dang_46 
K12D0242-1_H0765-1c=H0243-1:307a-5	sems 'di dus thams cad dang /	sems_0 'di_5 dus_9 thams_13 cad_19 dang_23 
K12D0242-1_H0765-1c=H0243-1:307a-6	rnam pa thams cad du dus gsum gyi de bzhin gshegs pa dang /	rnam_0 ba_5 thams_8 cad_14 du_18 dus_21 gsum_25 gyi_30 de_34 bzhin_37 gshegs_43 ba_50 dang_53 
K12D0242-1_H0765-1c=H0243-1:307a-7	byang chub sems dpa' thams cad la bdag lus 'bul gyis /	byang_0 chub_6 sems_11 dpa'_16 thams_21 cad_27 la_31 bdag_34 lus_39 'bul_43 gyis_48 
K12D0242-1_H0765-1c=H0243-1:307a-8	mthu chen po mnga' ba'i de bzhin gshegs pa rnams dang /	mthu_0 chen_5 po_10 mnga'_13 ba_19 de_24 bzhin_27 gshegs_33 ba_40 rnams_43 dang_49 
K12D0242-1_H0765-1c=H0243-1:307a-9	sa chen po la rab tu gnas pa'i byang chub sems dpa' thams cad kyis bdag bzhes su gsol /	sa_0 chen_3 po_8 la_11 rab_14 tu_18 gnas_21 ba_26 byang_31 chub_37 sems_42 dpa'_47 thams_52 cad_58 kyis_62 bdag_67 bzhes_72 su_78 gsol_81 
K12D0242-1_H0765-1c=H0243-1:307a-10	bdag gi bsod nams dang /	bdag_0 gi_5 bsod_8 nams_13 dang_18 
K12D0242-1_H0765-1c=H0243-1:307a-11	ye shes kyi tshogs chen po dang /	ye_0 shes_3 kyi_8 tshogs_12 chen_19 po_24 dang_27 
K12D0242-1_H0765-1c=H0243-1:307a-12	brtson 'grus brtsams pa dang /	brtson_0 'grus_7 brtsams_13 ba_21 dang_24 
K12D0242-1_H0765-1c=H0243-1:307a-13	sems kyi rgya bskyed pa dang /	sems_0 kyi_5 rgya_9 skyed_14 ba_21 dang_24 
K12D0242-1_H0765-1c=H0243-1:307a-14	rab tu zhi zhing dul ba dang /	rab_0 tu_4 zhi_7 zhing_11 dul_17 ba_21 dang_24 
K12D0242-1_H0765-1c=H0243-1:307a-15	dbang dang /	dbang_0 dang_6 
K12D0242-1_H0765-1c=H0243-1:307a-16	mngon par shes pa dang /	mngon_0 ba_6 shes_10 ba_15 dang_18 
K12D0242-1_H0765-1c=H0243-1:307a-17	pha rol tu phyin pa la sogs pa myur du yongs su rdzogs par gyur cig /	pha_0 rol_4 tu_8 phyin_11 ba_17 la_20 sogs_23 ba_28 myur_31 du_36 yongs_39 su_45 rdzogs_48 ba_55 gyur_59 cig_64 
K12D0242-1_H0765-1c=H0243-1:307a-18	yang bcom ldan 'das thugs rje chen po dang ldan pa rnams bdag la dgongs su gsol //	yang_0 'joms_5 ldan_10 'da'_15 thugs_20 rje_26 chen_30 po_35 dang_38 ldan_43 ba_48 rnams_51 bdag_57 la_62 dgongs_65 su_72 gsol_75 
K12D0242-1_H0765-1c=H0243-1:307a-19	bdag ming 'di zhes bgyi ba 'khor ba na 'khor zhing bcing ba chen pos bcings par gyur pa /	bdag_0 ming_5 'di_10 zhes_14 bgyid_19 ba_24 'khor_27 ba_33 na_36 'khor_39 zhing_45 'ching_51 ba_57 chen_60 pos_65 'ching_69 ba_76 gyur_80 ba_85 
K12D0242-1_H0765-1c=H0243-1:307a-20	btson ra na gnas pa /	btson_0 ra_6 na_9 gnas_12 ba_17 
K12D0242-1_H0765-1c=H0243-1:307a-21	yang dag pa'i lam dang bral ba /	yang_0 'dag_5 ba_9 lam_14 dang_18 'bral_23 ba_28 
K12D0242-1_H0765-1c=H0243-1:307a-22	nyon mongs pa'i dgra'i dbang du gyur pa /	nyon_0 mongs_5 ba_11 dgra_16 dbang_23 du_29 gyur_32 ba_37 
K12D0242-1_H0765-1c=H0243-1:307a-23	mgon med pa /	mgon_0 med_5 ba_9 
K12D0242-1_H0765-1c=H0243-1:307a-24	skyabs med pa /	skyob_0 med_7 ba_11 
K12D0242-1_H0765-1c=H0243-1:307a-25	mig med pa /	mig_0 med_4 ba_8 
K12D0242-1_H0765-1c=H0243-1:307a-26	rten med pa /	rten_0 med_5 ba_9 
K12D0242-1_H0765-1c=H0243-1:307a-27	gtso bo med pa /	gtso_0 'bo_5 med_8 ba_12 
K12D0242-1_H0765-1c=H0243-1:307b-0	@307b 'dren pa med par gyur pa /	bgrang_6 ba_12 med_15 ba_19 gyur_23 ba_28 
K12D0242-1_H0765-1c=H0243-1:307b-1	lam gol bar song ba /	lam_0 gol_4 ba_8 'gro_12 ba_17 
K12D0242-1_H0765-1c=H0243-1:307b-2	'khor ba la gzhol ba /	'khor_0 ba_6 la_9 gzhol_12 ba_18 
K12D0242-1_H0765-1c=H0243-1:307b-3	mya ngan las 'das pa chen po la rgyab kyi phyogs pa /	mya_0 ngan_4 las_9 'da'_13 ba_18 chen_21 po_26 la_29 rgyab_32 kyi_38 phyogs_42 ba_49 
K12D0242-1_H0765-1c=H0243-1:307b-4	ngan 'gro la phyogs pa //	ngan_0 'gro_5 la_10 phyogs_13 ba_20 
K12D0242-1_H0765-1c=H0243-1:307b-5	lam ngan pa la bsnyen pa /	lam_0 ngan_4 ba_9 la_12 snyen_15 ba_22 
K12D0242-1_H0765-1c=H0243-1:307b-6	lam ngan par lhung par gyur pa /	lam_0 ngan_4 ba_9 lhung_13 ba_19 gyur_23 ba_28 
K12D0242-1_H0765-1c=H0243-1:307b-7	rtag tu bshes gnyen ngan pas zin cing dge ba'i bshes gnyen dang bral ba /	rtag_0 tu_5 bshes_8 gnyen_14 ngan_20 ba_25 zin_29 cing_33 dge_38 ba_42 bshes_47 gnyen_53 dang_59 'bral_64 ba_69 
K12D0242-1_H0765-1c=H0243-1:307b-8	yang dag pa'i lam yin pa dang /	yang_0 'dag_5 ba_9 lam_14 yin_18 ba_22 dang_25 
K12D0242-1_H0765-1c=H0243-1:307b-9	phan par gyur ba dang /	phan_0 ba_5 gyur_9 ba_14 dang_17 
K12D0242-1_H0765-1c=H0243-1:307b-10	phan pa med pa dang /	phan_0 ba_5 med_8 ba_12 dang_15 
K12D0242-1_H0765-1c=H0243-1:307b-11	don yod pa dang /	don_0 yod_4 ba_8 dang_11 
K12D0242-1_H0765-1c=H0243-1:307b-12	don med pa la rmongs par gyur pa /	don_0 med_4 ba_8 la_11 rmongs_14 ba_21 gyur_25 ba_30 
K12D0242-1_H0765-1c=H0243-1:307b-13	dge ba'i chos dang bral zhing mi dge ba chen po bsgrubs pa /	dge_0 ba_4 chos_9 dang_14 'bral_19 zhing_24 mi_30 dge_33 ba_37 chen_40 po_45 sgrub_48 ba_56 
K12D0242-1_H0765-1c=H0243-1:307b-14	sangs rgyas dang /	sangs_0 rgya_6 dang_12 
K12D0242-1_H0765-1c=H0243-1:307b-15	byang chub sems dpa' thams cad dang /	byang_0 chub_6 sems_11 dpa'_16 thams_21 cad_27 dang_31 
K12D0242-1_H0765-1c=H0243-1:307b-16	'phags pa rnams la rtag tu rgyab kyis phyogs pa /	'phag_0 ba_7 rnams_10 la_16 rtag_19 tu_24 rgyab_27 kyis_33 phyogs_38 ba_45 
K12D0242-1_H0765-1c=H0243-1:307b-17	skye rgan 'chi'i sdug bsngal gyis gzir cing mi bde ba chen po bsgrubs pa /	skye_0 rgan_5 'chi_10 sdug_17 sngal_22 gyis_29 gzir_34 cing_39 mi_44 bde_47 ba_51 chen_54 po_59 sgrub_62 ba_70 
K12D0242-1_H0765-1c=H0243-1:307b-18	'jigs pa med pa /	'jigs_0 ba_6 med_9 ba_13 
K12D0242-1_H0765-1c=H0243-1:307b-19	bag tsha ba med pa /	bag_0 tsha_4 ba_9 med_12 ba_16 
K12D0242-1_H0765-1c=H0243-1:307b-20	sems rtag tu g-yengs par gyur pa /	sems_0 rtag_5 tu_10 g-yengs_13 ba_21 gyur_25 ba_30 
K12D0242-1_H0765-1c=H0243-1:307b-21	sbyin pa dang /	sbyin_0 ba_6 dang_9 
K12D0242-1_H0765-1c=H0243-1:307b-22	tshul khrims dang /	tshul_0 khrims_6 dang_13 
K12D0242-1_H0765-1c=H0243-1:307b-23	zhi zhing dben par bsgrubs pa dang /	zhi_0 zhing_4 dben_10 ba_15 sgrub_19 ba_27 dang_30 
K12D0242-1_H0765-1c=H0243-1:307b-24	bag byed pa dang bral bar gyur pa /	bag_0 byed_4 ba_9 dang_12 'bral_17 ba_22 gyur_26 ba_31 
K12D0242-1_H0765-1c=H0243-1:307b-25	gzungs dang /	gzungs_0 dang_7 
K12D0242-1_H0765-1c=H0243-1:307b-26	ting nge 'dzin gyi sgo dang /	ting_0 nge_5 'dzin_9 gyi_15 sgo_19 dang_23 
K12D0242-1_H0765-1c=H0243-1:307b-27	sa bcu'i chos kyi bzod pa la bde bar gnas pa dang /	sa_0 'chu_3 chos_9 kyi_14 bzod_18 ba_23 la_26 bde_29 ba_33 gnas_37 ba_42 dang_45 
K12D0242-1_H0765-1c=H0243-1:307b-28	shes rab kyi pha rol tu phyin pa zab mo dang mnyam pa nyid las ring du gyur pa /	shes_0 rab_5 kyi_9 pha_13 rol_17 tu_21 phyin_24 ba_30 zab_33 mo_37 dang_40 mnyam_45 ba_51 nyid_54 las_59 ring_63 du_68 gyur_71 ba_76 
K12D0242-1_H0765-1c=H0243-1:307b-29	byams pa dang /	byams_0 ba_6 dang_9 
K12D0242-1_H0765-1c=H0243-1:307b-30	snying rje dang /	snying_0 rje_7 dang_11 
K12D0242-1_H0765-1c=H0243-1:307b-31	dga' ba dang /	dga'_0 ba_5 dang_8 
K12D0242-1_H0765-1c=H0243-1:307b-32	btang snyoms tshad med pa bzhi mi sgrub pa dang /	gtong_0 snyom_6 tshad_13 med_19 ba_23 bzhi_26 mi_31 sgrub_34 ba_40 dang_43 
K12D0242-1_H0765-1c=H0243-1:307b-33	byang chub sems dpa'i lhag pa'i tshul khrims dang mi ldan par gyur pa dang /	byang_0 chub_6 sems_11 dpa_16 lhag_22 ba_27 tshul_32 khrims_38 dang_45 mi_50 ldan_53 ba_58 gyur_62 ba_67 dang_70 
K12D0242-1_H0765-1c=H0243-1:308a-0	chags pa med pa @308a *//	chags_0 ba_6 med_9 ba_13 
K12D0242-1_H0765-1c=H0243-1:308a-1	dang /	dang_0 
K12D0242-1_H0765-1c=H0243-1:308a-2	thogs pa med pa'i ye shes chen po las ring du gyur ba dang /	thogs_0 ba_6 med_9 ba_13 ye_18 shes_21 chen_26 po_31 las_34 ring_38 du_43 gyur_46 ba_51 dang_54 
K12D0242-1_H0765-1c=H0243-1:308a-3	mya ngan las 'das pa'i rgyu dge ba'i chos sgrub pa las bde bar gnas pa mthob pa dang /	mya_0 ngan_4 las_9 'da'_13 ba_18 rgyu_23 dge_28 ba_32 chos_37 sgrub_42 ba_48 las_51 bde_55 ba_59 gnas_63 ba_68 mthob_71 ba_77 dang_80 
K12D0242-1_H0765-1c=H0243-1:308a-4	rdzu 'phrul dang /	rdzu_0 'phrul_5 dang_12 
K12D0242-1_H0765-1c=H0243-1:308a-5	stobs dang /	stobs_0 dang_6 
K12D0242-1_H0765-1c=H0243-1:308a-6	mi 'jigs pa dang bral bar gyur pa dang /	mi_0 'jigs_3 ba_9 dang_12 'bral_17 ba_22 gyur_26 ba_31 dang_34 
K12D0242-1_H0765-1c=H0243-1:308a-7	yang dag pa'i dran pa la mi gnas pa dang /	yang_0 'dag_5 ba_9 dran_14 ba_19 la_22 mi_25 gnas_28 ba_33 dang_36 
K12D0242-1_H0765-1c=H0243-1:308a-8	bsnyel ba mi mnga' ba'i chos nyid la spyod cing gzhol bar 'jug pa mi sgrub pa dang /	snyel_0 ba_7 mi_10 mnga'_13 ba_19 chos_24 nyid_29 la_34 spyod_37 cing_43 gzhol_48 ba_54 'jug_58 ba_63 mi_66 sgrub_69 ba_75 dang_78 
K12D0242-1_H0765-1c=H0243-1:308a-9	bsod nams byed pa la g-yel zhing lta ba snyems pa dang /	bsod_0 nams_5 byed_10 ba_15 la_18 g-yel_21 zhing_27 lta_33 ba_37 snyems_40 ba_47 dang_50 
K12D0242-1_H0765-1c=H0243-1:308a-10	the tshom gyi sgrib pas byang chub kyi yang lag bdun mngon par mi rtogs pa dang /	the_0 tshom_4 gyi_10 sgrib_14 ba_20 byang_24 chub_30 kyi_35 yang_39 lag_44 bdun_48 mngon_53 ba_59 mi_63 rtogs_66 ba_72 dang_75 
K12D0242-1_H0765-1c=H0243-1:308a-11	de bzhin du 'phags pa'i lam yan lag brgyad pa mi sgrub pa dang /	de_0 bzhin_3 du_9 'phag_12 ba_19 lam_24 yan_28 lag_32 brgyad_36 ba_43 mi_46 sgrub_49 ba_55 dang_58 
K12D0242-1_H0765-1c=H0243-1:308a-12	nyon mongs pa brgya stong tshad med pas zil gyis	nyon_0 mongs_5 ba_11 brgya_14 stong_20 tshad_26 med_32 ba_36 zil_40 gyis_44 
K12D0242-1_H0765-1c=H0243-1:308a-13	non cing sdug bsngal rnam pa mang pos sdug bsngal	non_0 cing_4 sdug_9 sngal_14 rnam_21 ba_26 mang_29 pos_34 sdug_38 sngal_43 
K12D0242-1_H0765-1c=H0243-1:308a-14	zhing yongs su mnar te rtag tu gdung ba /	zhing_0 yongs_6 su_12 mnar_15 te_20 rtag_23 tu_28 gdung_31 ba_37 
K12D0242-1_H0765-1c=H0243-1:308a-15	bsam pa zhan pas khro zhing rnam par g-yeng ba /	bsam_0 ba_5 zhan_8 ba_13 khro_17 zhing_22 rnam_28 ba_33 g-yeng_37 ba_44 
K12D0242-1_H0765-1c=H0243-1:308a-16	nyon mongs pa brgya stong la rgyun tu gzhol bar gyur pa /	nyon_0 mongs_5 ba_11 brgya_14 stong_20 la_26 rgyun_29 tu_35 gzhol_38 ba_44 gyur_48 ba_53 
K12D0242-1_H0765-1c=H0243-1:308a-17	de bzhin gshegs pa dang /	de_0 bzhin_3 gshegs_9 ba_16 dang_19 
K12D0242-1_H0765-1c=H0243-1:308a-18	byang chub sems dpa' thugs rje chen po la gnas pa rnams kyis bdag gi skyabs mdzad par gsol /	byang_0 chub_6 sems_11 dpa'_16 thugs_21 rje_27 chen_31 po_36 la_39 gnas_42 ba_47 rnams_50 kyis_56 bdag_61 gi_66 skyob_69 mdzad_76 ba_82 gsol_86 
K12D0242-1_H0765-1c=H0243-1:308a-19	bdag gi rten mdzad par gsol /	bdag_0 gi_5 rten_8 mdzad_13 ba_19 gsol_23 
K12D0242-1_H0765-1c=H0243-1:308a-20	bdag gi 'dren pa mdzad par gsol /	bdag_0 gi_5 bgrang_8 ba_14 mdzad_17 ba_23 gsol_27 
K12D0242-1_H0765-1c=H0243-1:308a-21	bdag myur du yang dag par rdzogs pa'i sangs rgyas kyi lam dang /	bdag_0 myur_5 du_10 yang_13 'dag_18 ba_22 rdzogs_26 ba_33 sangs_38 rgya_44 kyi_50 lam_54 dang_58 
K12D0242-1_H0765-1c=H0243-1:308a-22	byang chub sems dpa' chen po'i lam dang /	byang_0 chub_6 sems_11 dpa'_16 chen_21 po_26 lam_31 dang_35 
K12D0242-1_H0765-1c=H0243-1:308b-0	byang chub sems dpa' sems dpa' chen po'i tshogs gsog pa @308b yongs su rdzogs par gyur cig /	byang_0 chub_6 sems_11 dpa'_16 sems_21 dpa'_26 chen_31 po_36 tshogs_41 gsog_48 ba_53 yongs_62 su_68 rdzogs_71 ba_78 gyur_82 cig_87 
K12D0242-1_H0765-1c=H0243-1:308b-1	bdag myur du de bzhin gshegs pa'i stobs bcu dang /	bdag_0 myur_5 du_10 de_13 bzhin_16 gshegs_22 ba_29 stobs_34 'chu_40 dang_44 
K12D0242-1_H0765-1c=H0243-1:308b-2	mi 'jigs pa bzhi dang /	mi_0 'jigs_3 ba_9 bzhi_12 dang_17 
K12D0242-1_H0765-1c=H0243-1:308b-3	ma 'dres pa bco brgyad dang /	ma_0 'dre_3 ba_9 'chos_12 brgyad_16 dang_23 
K12D0242-1_H0765-1c=H0243-1:308b-4	de bzhin gshegs pa'i chos spobs pa thogs pa med pa dang /	de_0 bzhin_3 gshegs_9 ba_16 chos_21 spobs_26 ba_32 thogs_35 ba_41 med_44 ba_48 dang_51 
K12D0242-1_H0765-1c=H0243-1:308b-5	ting nge 'dzin dang /	ting_0 nge_5 'dzin_9 dang_15 
K12D0242-1_H0765-1c=H0243-1:308b-6	gzungs dang /	gzungs_0 dang_7 
K12D0242-1_H0765-1c=H0243-1:308b-7	rnam par grol ba'i yon tan dang /	rnam_0 ba_5 grol_9 ba_14 yon_19 tan_23 dang_27 
K12D0242-1_H0765-1c=H0243-1:308b-8	rdzu 'phrul dang /	rdzu_0 'phrul_5 dang_12 
K12D0242-1_H0765-1c=H0243-1:308b-9	mngon par shes pa dang /	mngon_0 ba_6 shes_10 ba_15 dang_18 
K12D0242-1_H0765-1c=H0243-1:308b-10	pha rol tu phyin pa yongs su rdzogs par gyur cig /	pha_0 rol_4 tu_8 phyin_11 ba_17 yongs_20 su_26 rdzogs_29 ba_36 gyur_40 cig_45 
K12D0242-1_H0765-1c=H0243-1:308b-11	yang bdag bsod nams phun sum tshogs pa thams cad dang ldan par gyur cig /	yang_0 bdag_5 bsod_10 nams_15 phun_20 sum_25 tshogs_29 ba_36 thams_39 cad_45 dang_49 ldan_54 ba_59 gyur_63 cig_68 
K12D0242-1_H0765-1c=H0243-1:308b-12	mchod pa rgya chen po byed pa'i dus su'ang 'di skad du brjod par bya ste /	mchod_0 ba_6 rgya_9 chen_14 po_19 byed_22 ba_27 dus_32 su_36 'di_43 skad_47 du_52 rjod_55 ba_61 byed_65 ste_69 
K12D0242-1_H0765-1c=H0243-1:308b-13	yang sangs rgyas bcom ldan 'das mthu chen po mnga' ba thams cad dang /	yang_0 sangs_5 rgya_11 'joms_17 ldan_22 'da'_27 mthu_32 chen_37 po_42 mnga'_45 ba_51 thams_54 cad_60 dang_64 
K12D0242-1_H0765-1c=H0243-1:308b-14	byang chub sems dpa'i tshogs thams cad bdag la dgongs su gsol //	byang_0 chub_6 sems_11 dpa_16 tshogs_22 thams_29 cad_35 bdag_39 la_44 dgongs_47 su_54 gsol_57 
K12D0242-1_H0765-1c=H0243-1:308b-15	deng bdag sangs rgyas dang /	deng_0 bdag_5 sangs_10 rgya_16 dang_22 
K12D0242-1_H0765-1c=H0243-1:308b-16	byang chub sems dpa' thams cad la mchod pa dang /	byang_0 chub_6 sems_11 dpa'_16 thams_21 cad_27 la_31 mchod_34 ba_40 dang_43 
K12D0242-1_H0765-1c=H0243-1:308b-17	rim gro chen po bgyis te lus 'bul lo //	rim_0 gro_4 chen_8 po_13 bgyid_16 te_22 lus_25 'bul_29 lo_34 
K12D0242-1_H0765-1c=H0243-1:308b-18	phyogs bcu'i 'jig rten gyi khams na ji snyed rgyan dang /	phyogs_0 'chu_7 'jig_13 rten_18 gyi_23 khams_27 na_33 ji_36 snyed_39 rgyan_45 dang_51 
K12D0242-1_H0765-1c=H0243-1:308b-19	yo byad bzang po thams cad rin po che'i gzhal med khang rnam pa sna tshogs pa dang /	yo_0 byad_3 bzang_8 po_14 thams_17 cad_23 rin_27 po_31 che_34 'jal_40 med_46 khang_50 rnam_56 ba_61 sna_64 tshogs_68 ba_75 dang_78 
K12D0242-1_H0765-1c=H0243-1:308b-20	rin po che'i rgyan thams cad dang /	rin_0 po_4 che_7 rgyan_13 thams_19 cad_25 dang_29 
K12D0242-1_H0765-1c=H0243-1:308b-21	rin po che'i shing dang /	rin_0 po_4 che_7 shing_13 dang_19 
K12D0242-1_H0765-1c=H0243-1:308b-22	rin po che'i ri dang /	rin_0 po_4 che_7 ri_13 dang_16 
K12D0242-1_H0765-1c=H0243-1:308b-23	rin po che'i ba dan dang /	rin_0 po_4 che_7 ba_13 dan_16 dang_20 
K12D0242-1_H0765-1c=H0243-1:308b-24	rin po che'i dkyil 'khor dang /	rin_0 po_4 che_7 dkyil_13 'khor_19 dang_25 
K12D0242-1_H0765-1c=H0243-1:308b-25	rin po che'i dbyig rnam par bkram pa dang /	rin_0 po_4 che_7 dbyig_13 rnam_19 ba_24 'grem_28 ba_34 dang_37 
K12D0242-1_H0765-1c=H0243-1:308b-26	rin po che'i gdugs dang /	rin_0 po_4 che_7 gdugs_13 dang_19 
K12D0242-1_H0765-1c=H0243-1:308b-27	rin po che'i rgyal mtshan dang /	rin_0 po_4 che_7 rgyal_13 mtshan_19 dang_26 
K12D0242-1_H0765-1c=H0243-1:308b-28	rin po che'i do shal gyi rgyan dang /	rin_0 po_4 che_7 do_13 shal_16 gyi_21 rgyan_25 dang_31 
K12D0242-1_H0765-1c=H0243-1:308b-29	mu tig gi dra ba dang /	mu_0 tig_3 gi_7 'dra_10 ba_14 dang_17 
K12D0242-1_H0765-1c=H0243-1:309a-0	rin po che'i snod @309a *//	rin_0 po_4 che_7 snod_13 
K12D0242-1_H0765-1c=H0243-1:309a-1	dang /	dang_0 
K12D0242-1_H0765-1c=H0243-1:309a-2	rin po che'i phung po dang /	rin_0 po_4 che_7 'phung_13 po_19 dang_22 
K12D0242-1_H0765-1c=H0243-1:309a-3	rin po che'i 'od 'phro ba dang /	rin_0 po_4 che_7 'od_13 'phro_17 ba_23 dang_26 
K12D0242-1_H0765-1c=H0243-1:309a-4	rin po che'i gling dag na nor bu rin po	rin_0 po_4 che_7 gling_13 'dag_19 na_23 nor_26 bu_30 rin_33 po_37 
K12D0242-1_H0765-1c=H0243-1:309a-5	che rnam par dag pa'i mar me'i sdong po dang	che_0 rnam_4 ba_9 'dag_13 ba_17 mar_22 me_26 sdong_31 po_37 dang_40 
K12D0242-1_H0765-1c=H0243-1:309a-6	/ rin po che'i dril bu'i sgra 'khrol ba /	rin_2 po_6 che_9 'dril_15 bu_20 sgra_25 'khrol_30 ba_37 
K12D0242-1_H0765-1c=H0243-1:309a-7	gser btso ma'i sbar khab can gyi dom dom pho long dbyangs pas yongs su khebs pa /	gser_0 btso_5 ma_10 sbor_15 khab_20 can_25 gyi_29 dom_33 dom_37 pho_41 long_45 dbyangs_50 ba_58 yongs_62 su_68 khebs_71 ba_77 
K12D0242-1_H0765-1c=H0243-1:309a-8	gser btso ma'i me tog dzambu'i gser gyi ze ba can gser gyi shing ljon pas dkris pa /	gser_0 btso_5 ma_10 me_15 tog_18 dzambu_22 gser_31 gyi_36 ze_40 ba_43 can_46 gser_50 gyi_55 shing_59 ljon_65 ba_70 dkri_74 ba_80 
K12D0242-1_H0765-1c=H0243-1:309a-9	gser gyi pho brang sna tshogs rin po che'i sprin chags pa /	gser_0 gyi_5 pho_9 brang_13 sna_19 tshogs_23 rin_30 po_34 che_37 sprin_43 chags_49 ba_55 
K12D0242-1_H0765-1c=H0243-1:309a-10	rin po che'i thigs pa char du 'bab pa /	rin_0 po_4 che_7 thigs_13 ba_19 char_22 du_27 'bab_30 ba_35 
K12D0242-1_H0765-1c=H0243-1:309a-11	rin po che rnam pa mang po'i mdzod kyi pho	rin_0 po_4 che_7 rnam_11 ba_16 mang_19 po_24 mdzod_29 kyi_35 pho_39 
K12D0242-1_H0765-1c=H0243-1:309a-12	brang lha rdzas kyi nor bus rtsigs ngos spras pa	brang_0 lha_6 rdzas_10 kyi_16 nor_20 'bud_24 rtsigs_28 ngos_35 spras_40 ba_46 
K12D0242-1_H0765-1c=H0243-1:309a-13	/ rin po che'i shing thams cad rig 'dzin chen	rin_2 po_6 che_9 shing_15 thams_21 cad_27 rig_31 'dzin_35 chen_41 
K12D0242-1_H0765-1c=H0243-1:309a-14	po'i skyed mos tshal gyir ba yid du 'ong ba	po_0 skyed_5 mos_11 tshal_15 gyir_21 ba_26 yid_29 du_33 'ong_36 ba_41 
K12D0242-1_H0765-1c=H0243-1:309a-15	/ / rin po che'i pho brang dang //	rin_4 po_8 che_11 pho_17 brang_21 dang_27 
K12D0242-1_H0765-1c=H0243-1:309a-16	gnas dang /	gnas_0 dang_5 
K12D0242-1_H0765-1c=H0243-1:309a-17	shing dang /	shing_0 dang_6 
K12D0242-1_H0765-1c=H0243-1:309a-18	nags tshal la sogs pa thams cad kyang yid du	nags_0 tshal_5 la_11 sogs_14 ba_19 thams_22 cad_28 kyang_32 yid_38 du_42 
K12D0242-1_H0765-1c=H0243-1:309a-19	'ong ba de lta bu bdag med pa 'dzin pa	'ong_0 ba_5 de_8 lta_11 bu_15 bdag_18 med_23 ba_27 'dzin_30 ba_36 
K12D0242-1_H0765-1c=H0243-1:309a-20	med pa thams cad sangs rgyas dang /	med_0 ba_4 thams_7 cad_13 sangs_17 rgya_23 dang_29 
K12D0242-1_H0765-1c=H0243-1:309a-21	byang chub sems dpa' thams cad cad la yongs su bsngo zhing 'bul lo //	byang_0 chub_6 sems_11 dpa'_16 thams_21 cad_27 cad_31 la_35 yongs_38 su_44 sngo_47 zhing_53 'bul_59 lo_64 
K12D0242-1_H0765-1c=H0243-1:309a-22	dzambu gling na sman bzang po ring du 'tsho bar	dzambu_0 gling_7 na_13 sman_16 bzang_21 po_27 ring_30 du_35 'tsho_38 ba_44 
K12D0242-1_H0765-1c=H0243-1:309a-23	byed pa la sogs pa'i rnam pa ji snyed yod	byed_0 ba_5 la_8 sogs_11 ba_16 rnam_21 ba_26 ji_29 snyed_32 yod_38 
K12D0242-1_H0765-1c=H0243-1:309a-24	pa dang / nor bu rin po che sems can	ba_0 dang_3 nor_10 bu_14 rin_17 po_21 che_24 sems_28 can_33 
K12D0242-1_H0765-1c=H0243-1:309a-25	thams cad kyi re ba yongs su skong ba dang	thams_0 cad_6 kyi_10 re_14 ba_17 yongs_20 su_26 skong_29 ba_35 dang_38 
K12D0242-1_H0765-1c=H0243-1:309a-26	pa dang / / ma g-yos par rang bzhin gyi bda' pa'i zhal zas bzang po dang /	ba_0 dang_3 ma_12 g-yos_15 ba_21 rang_25 bzhin_30 gyi_36 'ded_40 ba_45 zhal_50 zas_55 bzang_59 po_65 dang_68 
K12D0242-1_H0765-1c=H0243-1:309a-27	spos kyi shing ljon pa rnam pa sna tshogs pa dang /	spros_0 kyi_5 shing_9 ljon_15 ba_20 rnam_23 ba_28 sna_31 tshogs_35 ba_42 dang_45 
K12D0242-1_H0765-1c=H0243-1:309a-28	tsanda gyi shing dang /	tsanda_0 gyi_7 shing_11 dang_17 
K12D0242-1_H0765-1c=H0243-1:309b-0	aa gadu [?] @309b dang /	aa_0 gadu_3 dang_18 
K12D0242-1_H0765-1c=H0243-1:309b-1	tsandan dmar po dang /	tsandan_0 dmar_8 po_13 dang_16 
K12D0242-1_H0765-1c=H0243-1:309b-2	lo ma che zhing me tog rtag par bsung gis	lo_0 ma_3 che_6 zhing_10 me_16 tog_19 rtag_23 ba_28 bsung_32 gis_38 
K12D0242-1_H0765-1c=H0243-1:309b-3	gzi bar byed pa'i shing rnam pa sna tshogs pa	gzi_0 ba_4 byed_8 ba_13 shing_18 rnam_24 ba_29 sna_32 tshogs_36 ba_43 
K12D0242-1_H0765-1c=H0243-1:309b-4	dang / yid du 'ong ba'i lha rdzas kyi spos yongs su ma bzung ba /	dang_0 yid_7 du_11 'ong_14 ba_19 lha_24 rdzas_28 kyi_34 spros_38 yongs_43 su_49 ma_52 bzung_55 ba_61 
K12D0242-1_H0765-1c=H0243-1:309b-5	yongs su bzung ba med pa /	yongs_0 su_6 bzung_9 ba_15 med_18 ba_22 
K12D0242-1_H0765-1c=H0243-1:309b-6	dpag bsam gyi shing rnam pa sna tshogs pa dang /	dpog_0 bsam_5 gyi_10 shing_14 rnam_20 ba_25 sna_28 tshogs_32 ba_39 dang_42 
K12D0242-1_H0765-1c=H0243-1:309b-7	rgya mtsho chen po'i nang nas byung ba nor bu	rgya_0 mtsho_5 chen_11 po_16 nang_21 nas_26 'byung_30 ba_36 nor_39 bu_43 
K12D0242-1_H0765-1c=H0243-1:309b-8	rin po che rnam pa sna tshogs yid bzhin gyi	rin_0 po_4 che_7 rnam_11 ba_16 sna_19 tshogs_23 yid_30 bzhin_34 gyi_40 
K12D0242-1_H0765-1c=H0243-1:309b-9	nor bu rin po che la sogs pa dang /	nor_0 bu_4 rin_7 po_11 che_14 la_18 sogs_21 ba_26 dang_29 
K12D0242-1_H0765-1c=H0243-1:309b-10	ri rab lhun po dang /	ri_0 rab_3 lhun_7 po_12 dang_15 
K12D0242-1_H0765-1c=H0243-1:309b-11	ri ti se dang /	ri_0 ti_3 se_6 dang_9 
K12D0242-1_H0765-1c=H0243-1:309b-12	spos kyi ri dang /	spros_0 kyi_5 ri_9 dang_12 
K12D0242-1_H0765-1c=H0243-1:309b-13	ri ma la ya dang /	ri_0 ma_3 la_6 ya_9 dang_12 
K12D0242-1_H0765-1c=H0243-1:309b-14	re btang bzung dang /	re_0 gtong_3 bzung_9 dang_15 
K12D0242-1_H0765-1c=H0243-1:309b-15	ri ma ha la dang /	ri_0 ma_3 ha_6 la_9 dang_12 
K12D0242-1_H0765-1c=H0243-1:309b-16	rdo rje'i ri la sogs te rin po che'i rnam	rdo_0 rje_4 ri_10 la_13 sogs_16 te_21 rin_24 po_28 che_31 rnam_37 
K12D0242-1_H0765-1c=H0243-1:309b-17	pa de dag gi rin po che'i zom sna tshogs	ba_0 de_3 'dag_6 gi_10 rin_13 po_17 che_20 zom_26 sna_30 tshogs_34 
K12D0242-1_H0765-1c=H0243-1:309b-18	dang / rin po che'i stegs dang /	dang_0 rin_7 po_11 che_14 stegs_20 dang_26 
K12D0242-1_H0765-1c=H0243-1:309b-19	rdo ba rin po che dang /	rdo_0 ba_4 rin_7 po_11 che_14 dang_18 
K12D0242-1_H0765-1c=H0243-1:309b-20	rin po che'i phug dang /	rin_0 po_4 che_7 'bugs_13 dang_18 
K12D0242-1_H0765-1c=H0243-1:309b-21	rin po che'i pho brang dang /	rin_0 po_4 che_7 pho_13 brang_17 dang_23 
K12D0242-1_H0765-1c=H0243-1:309b-22	rin po che'i rgyan dang /	rin_0 po_4 che_7 rgyan_13 dang_19 
K12D0242-1_H0765-1c=H0243-1:309b-23	rin po che'i zhogs ma dang /	rin_0 po_4 che_7 'jog_13 ma_19 dang_22 
K12D0242-1_H0765-1c=H0243-1:309b-24	rin po che'i lam srang mang po dang /	rin_0 po_4 che_7 lam_13 srang_17 mang_23 po_28 dang_31 
K12D0242-1_H0765-1c=H0243-1:309b-25	nor bu rin po che'i lam srang mang po dang /	nor_0 bu_4 rin_7 po_11 che_14 lam_20 srang_24 mang_30 po_35 dang_38 
K12D0242-1_H0765-1c=H0243-1:309b-26	nor bu rin po che'i ka ba mang po dang /	nor_0 bu_4 rin_7 po_11 che_14 ka_20 ba_23 mang_26 po_31 dang_34 
K12D0242-1_H0765-1c=H0243-1:309b-27	rin po che'i sgron ma'i 'khor lo mang po dang /	rin_0 po_4 che_7 sgron_13 ma_19 'khor_24 lo_30 mang_33 po_38 dang_41 
K12D0242-1_H0765-1c=H0243-1:309b-28	bee d'urya la sogs te nor bu'i rigs rnam pa mang po dang /	bee_0 d_4 la_11 sogs_14 te_19 nor_22 bu_26 rigs_31 rnam_36 ba_41 mang_44 po_49 dang_52 
K12D0242-1_H0765-1c=H0243-1:309b-29	ji tsam du lha'i gnas na bdag po med pa'i pho brang dang /	ji_0 tsam_3 du_8 lha_11 gnas_17 na_22 bdag_25 po_30 med_33 ba_37 pho_42 brang_46 dang_52 
K12D0242-1_H0765-1c=H0243-1:309b-30	lha'i nor rnam pa mang po yid du 'ong zhing blta bar mos pa dang /	lha_0 nor_6 rnam_10 ba_15 mang_18 po_23 yid_26 du_30 'ong_33 zhing_38 lta_44 ba_49 mos_53 ba_57 dang_60 
K12D0242-1_H0765-1c=H0243-1:309b-31	lha'i rol mo'i yo byad rnam pa mang po rlung	lha_0 rol_6 mo_10 yo_15 byad_18 rnam_23 ba_28 mang_31 po_36 rlung_39 
K12D0242-1_H0765-1c=H0243-1:309b-32	gi ngad kyis bskyod pa tsam gyis sgra snyan pa	gi_0 ngad_3 kyis_8 skyod_13 ba_20 tsam_23 gyis_28 sgra_33 snyan_38 ba_44 
K12D0242-1_H0765-1c=H0243-1:309b-33	'byin pa dang / nam mkha'i gnas kyi pho brang nas rol mo'i sgra 'byin pa dang /	'byin_0 ba_6 dang_9 nam_16 mkha_20 gnas_27 kyi_32 pho_36 brang_40 nas_46 rol_50 mo_54 sgra_59 'byin_64 ba_70 dang_73 
K12D0242-1_H0765-1c=H0243-1:310a-0	@310a *// lha'i rol mo rnam pa mang po ma bskyod par sgra snyan pa rang 'byin pa dang /	lha_10 rol_16 mo_20 rnam_23 ba_28 mang_31 po_36 ma_39 skyod_42 ba_49 sgra_53 snyan_58 ba_64 rang_67 'byin_72 ba_78 dang_81 
K12D0242-1_H0765-1c=H0243-1:310a-1	lha'i yo byad sna tshogs nam mkha'i gnas kyi pho	lha_0 yo_6 byad_9 sna_14 tshogs_18 nam_25 mkha_29 gnas_36 kyi_41 pho_45 
K12D0242-1_H0765-1c=H0243-1:310a-2	brang nas snyan pa'i sgra sna tshogs 'byin pa dang	brang_0 nas_6 snyan_10 ba_16 sgra_21 sna_26 tshogs_30 'byin_37 ba_43 dang_46 
K12D0242-1_H0765-1c=H0243-1:310a-3	/ rin po che'i sprin sna tshogs las snyan pa'i sgra 'byung ba dang /	rin_2 po_6 che_9 sprin_15 sna_21 tshogs_25 las_32 snyan_36 ba_42 sgra_47 'byung_52 ba_59 dang_62 
K12D0242-1_H0765-1c=H0243-1:310a-4	lha'i nor bu rin po che dbyangs snyan pa 'byin pa dang /	lha_0 nor_6 bu_10 rin_13 po_17 che_20 dbyangs_24 snyan_32 ba_38 'byin_41 ba_47 dang_50 
K12D0242-1_H0765-1c=H0243-1:310a-5	gzhan yang lha'i dri shing dang /	gzhan_0 yang_6 lha_11 'dri_17 shing_21 dang_27 
K12D0242-1_H0765-1c=H0243-1:310a-6	me tog gi shing mang po dang /	me_0 tog_3 gi_7 shing_10 mang_16 po_21 dang_24 
K12D0242-1_H0765-1c=H0243-1:310a-7	phreng ba'i shing dang /	phreng_0 ba_7 shing_12 dang_18 
K12D0242-1_H0765-1c=H0243-1:310a-8	byug pa mang po dang /	'byug_0 ba_5 mang_8 po_13 dang_16 
K12D0242-1_H0765-1c=H0243-1:310a-9	bdug pa'i spos kyi shing dang /	bdug_0 ba_5 spros_10 kyi_15 shing_19 dang_25 
K12D0242-1_H0765-1c=H0243-1:310a-10	sgron ma'i shing dang /	sgron_0 ma_6 shing_11 dang_17 
K12D0242-1_H0765-1c=H0243-1:310a-11	rgyal mtshan gyi shing dang /	rgyal_0 mtshan_6 gyi_13 shing_17 dang_23 
K12D0242-1_H0765-1c=H0243-1:310a-12	bdan gyi shing dang /	bdan_0 gyi_5 shing_9 dang_15 
K12D0242-1_H0765-1c=H0243-1:310a-13	rin po che'i shing la sogs pa de dag thams cad ma bzung ba /	rin_0 po_4 che_7 shing_13 la_19 sogs_22 ba_27 de_30 'dag_33 thams_37 cad_43 ma_47 bzung_50 ba_56 
K12D0242-1_H0765-1c=H0243-1:310a-14	yongs su bzung ba med pa /	yongs_0 su_6 bzung_9 ba_15 med_18 ba_22 
K12D0242-1_H0765-1c=H0243-1:310a-15	de dag thams cad kyang sangs rgyas dang /	de_0 'dag_3 thams_7 cad_13 kyang_17 sangs_23 rgya_29 dang_35 
K12D0242-1_H0765-1c=H0243-1:310a-16	byang chub sems dpa' thams cad la 'bul lo; ;ji	byang_0 chub_6 sems_11 dpa'_16 thams_21 cad_27 la_31 'bul_34 lo;_39 ;ji_43 
K12D0242-1_H0765-1c=H0243-1:310a-17	tsam du de bzhin gshegs pa thams cad kyi sbyan	tsam_0 du_5 de_8 bzhin_11 gshegs_17 ba_24 thams_27 cad_33 kyi_37 sbyan_41 
K12D0242-1_H0765-1c=H0243-1:310a-18	gyis gzigs pa'i sangs rgyas kyi zhing dag na mchod	gyis_0 gzigs_5 ba_11 sangs_16 rgya_22 kyi_28 zhing_32 'dag_38 na_42 mchod_45 
K12D0242-1_H0765-1c=H0243-1:310a-19	pa'i sprin chen po me tog gi sprin dang /	ba_0 sprin_5 chen_11 po_16 me_19 tog_22 gi_26 sprin_29 dang_35 
K12D0242-1_H0765-1c=H0243-1:310a-20	spos kyi sprin dang /	spros_0 kyi_5 sprin_9 dang_15 
K12D0242-1_H0765-1c=H0243-1:310a-21	phreng ba'i sprin dang /	phreng_0 ba_7 sprin_12 dang_18 
K12D0242-1_H0765-1c=H0243-1:310a-22	bdug spos kyi sprin dang /	bdug_0 spros_5 kyi_10 sprin_14 dang_20 
K12D0242-1_H0765-1c=H0243-1:310a-23	byug spos kyi sprin dang /	'byug_0 spros_5 kyi_10 sprin_14 dang_20 
K12D0242-1_H0765-1c=H0243-1:310a-24	rin po che'i gdugs kyi sprin dang /	rin_0 po_4 che_7 gdugs_13 kyi_19 sprin_23 dang_29 
K12D0242-1_H0765-1c=H0243-1:310a-25	rin po che'i rgyal mtshan gyi sprin dang /	rin_0 po_4 che_7 rgyal_13 mtshan_19 gyi_26 sprin_30 dang_36 
K12D0242-1_H0765-1c=H0243-1:310a-26	rin po che'i ba dan gyi sprin dang /	rin_0 po_4 che_7 ba_13 dan_16 gyi_20 sprin_24 dang_30 
K12D0242-1_H0765-1c=H0243-1:310a-27	rin po che'i gos kyi sprin dang /	rin_0 po_4 che_7 gos_13 kyi_17 sprin_21 dang_27 
K12D0242-1_H0765-1c=H0243-1:310a-28	rin po che'i rnam pa'i sprin dang /	rin_0 po_4 che_7 rnam_13 ba_18 sprin_23 dang_29 
K12D0242-1_H0765-1c=H0243-1:310a-29	rin po che'i phung po'i sprin la sogs te rin po che'i sprin rnam pa de dag dang /	rin_0 po_4 che_7 'phung_13 po_19 sprin_24 la_30 sogs_33 te_38 rin_41 po_45 che_48 sprin_54 rnam_60 ba_65 de_68 'dag_71 dang_75 
K12D0242-1_H0765-1c=H0243-1:310b-0	gzhan yang @310b spos kyi 'bru mar gyis mar me'i snod chen po bkang ba /	gzhan_0 yang_6 spros_17 kyi_22 'bru_26 mar_31 gyis_35 mar_40 me_44 snod_49 chen_54 po_59 'geng_62 ba_68 
K12D0242-1_H0765-1c=H0243-1:310b-1	stong gi 'jig rten gyi tshad dang mnyam pa /	stong_0 gi_6 'jig_9 rten_14 gyi_19 tshad_23 dang_29 mnyam_34 ba_40 
K12D0242-1_H0765-1c=H0243-1:310b-2	mar me'i snying bar [?] rab [?] kyi tshad tsam	mar_0 me_4 snying_9 ba_16 rab_24 kyi_32 tshad_36 tsam_42 
K12D0242-1_H0765-1c=H0243-1:310b-3	sgron par byas te sangs rgyas bcom ldan 'das de	sgron_0 ba_6 byed_10 te_15 sangs_18 rgya_24 'joms_30 ldan_35 'da'_40 de_45 
K12D0242-1_H0765-1c=H0243-1:310b-4	dag thams cad dang /	'dag_0 thams_4 cad_10 dang_14 
K12D0242-1_H0765-1c=H0243-1:310b-5	byang chub sems dpa' chen po rnams la mchod cing 'bul lo //	byang_0 chub_6 sems_11 dpa'_16 chen_21 po_26 rnams_29 la_35 mchod_38 cing_44 'bul_49 lo_54 
K12D0242-1_H0765-1c=H0243-1:310b-6	de bzhin du mchod pa rnam pa sna tshogs kyis	de_0 bzhin_3 du_9 mchod_12 ba_18 rnam_21 ba_26 sna_29 tshogs_33 kyis_40 
K12D0242-1_H0765-1c=H0243-1:310b-7	mchod pa'i bsod nams dam pa ji tsam pa de	mchod_0 ba_6 bsod_11 nams_16 dam_21 ba_25 ji_28 tsam_31 ba_36 de_39 
K12D0242-1_H0765-1c=H0243-1:310b-8	dag thams cad bla na med pa'i byang chub tu	'dag_0 thams_4 cad_10 bla_14 na_18 med_21 ba_25 byang_30 chub_36 tu_41 
K12D0242-1_H0765-1c=H0243-1:310b-9	yongs su bsngo'o // gang 'das pa'i sangs rgyas bcom	yongs_0 su_6 sngo_9 gang_20 'da'_25 ba_30 sangs_35 rgya_41 'joms_47 
K12D0242-1_H0765-1c=H0243-1:310b-10	ldan 'das rnams kyis dge ba mang po brtsams te	ldan_0 'da'_5 rnams_10 kyis_16 dge_21 ba_25 mang_28 po_33 brtsams_36 te_44 
K12D0242-1_H0765-1c=H0243-1:310b-11	dmigs su med pa'i tshul gyis byang chub tu yongs	dmigs_0 su_6 med_9 ba_13 tshul_18 gyis_24 byang_29 chub_35 tu_40 yongs_43 
K12D0242-1_H0765-1c=H0243-1:310b-12	su bsngos pa de bzhin du bdag gis kyang bsod	su_0 sngo_3 ba_10 de_13 bzhin_16 du_22 bdag_25 gis_30 kyang_34 bsod_40 
K12D0242-1_H0765-1c=H0243-1:310b-13	nams de dag thams cad bla na med pa'i byang	nams_0 de_5 'dag_8 thams_12 cad_18 bla_22 na_26 med_29 ba_33 byang_38 
K12D0242-1_H0765-1c=H0243-1:310b-14	chub tu yongs su bsngo'o //	chub_0 tu_5 yongs_8 su_14 sngo_17 
K12D0242-1_H0765-1c=H0243-1:310b-15	yang sangs rgyas bcom ldan 'das byang chub kyi snying	yang_0 sangs_5 rgya_11 'joms_17 ldan_22 'da'_27 byang_32 chub_38 kyi_43 snying_47 
K12D0242-1_H0765-1c=H0243-1:310b-16	por mngon par rdzogs par sangs rgyas nas chos kyi	por_0 mngon_4 ba_10 rdzogs_14 ba_21 sangs_25 rgya_31 nas_37 chos_41 kyi_46 
K12D0242-1_H0765-1c=H0243-1:310b-17	'khor lo chen po ni bskor /	'khor_0 lo_6 chen_9 po_14 ni_17 skor_20 
K12D0242-1_H0765-1c=H0243-1:310b-18	bdud kyi sde rnams ni pham par byas nas mya	bdud_0 kyi_5 sde_9 rnams_13 ni_19 'pham_22 ba_27 byed_31 nas_36 mya_40 
K12D0242-1_H0765-1c=H0243-1:310b-19	ngan las 'da' bar gshegs par dgongs pa la sems	ngan_0 las_5 'da'_9 ba_14 gshegs_18 ba_25 dgongs_29 ba_36 la_39 sems_42 
K12D0242-1_H0765-1c=H0243-1:310b-20	can thams cad la phan pa dang /	can_0 thams_4 cad_10 la_14 phan_17 ba_22 dang_25 
K12D0242-1_H0765-1c=H0243-1:310b-21	bde ba'i phyir bskal pa chen po gcig tshang bar bzhugs par gsol zhes gsol ba btab bo //	bde_0 ba_4 phyir_9 bskal_15 ba_21 chen_24 po_29 gcig_32 tshang_37 ba_44 bzhugs_48 ba_55 gsol_59 zhes_64 gsol_69 ba_74 'debs_77 'bo_82 
K12D0242-1_H0765-1c=H0243-1:310b-22	sangs rgyas dang /	sangs_0 rgya_6 dang_12 
K12D0242-1_H0765-1c=H0243-1:310b-23	byang chub sems dpa' thams cad dang /	byang_0 chub_6 sems_11 dpa'_16 thams_21 cad_27 dang_31 
K12D0242-1_H0765-1c=H0243-1:310b-24	sems can thams cad kyis bsod nams ci bsgrubs pa	sems_0 can_5 thams_9 cad_15 kyis_19 bsod_24 nams_29 ci_34 sgrub_37 ba_45 
K12D0242-1_H0765-1c=H0243-1:310b-25	de dag thams cad la rjes su yi rang ngo	de_0 'dag_3 thams_7 cad_13 la_17 rjes_20 su_25 yi_28 rang_31 ngo_36 
K12D0242-1_H0765-1c=H0243-1:311a-0	[?]/ / @311a *// dus gsum gyi de bzhin gshegs pa dang /	dus_17 gsum_21 gyi_26 de_30 bzhin_33 gshegs_39 ba_46 dang_49 
K12D0242-1_H0765-1c=H0243-1:311a-1	byang chub sems dpa' thams cad kyis sdig pa dang /	byang_0 chub_6 sems_11 dpa'_16 thams_21 cad_27 kyis_31 sdig_36 ba_41 dang_44 
K12D0242-1_H0765-1c=H0243-1:311a-2	mi dge ba'i las kyi sgrib pa thams cad bshags	mi_0 dge_3 ba_7 las_12 kyi_16 sgrib_20 ba_26 thams_29 cad_35 'chags_39 
K12D0242-1_H0765-1c=H0243-1:311a-3	pa de bzhin du bdag gis kyang las kyi sgrib	ba_0 de_3 bzhin_6 du_12 bdag_15 gis_20 kyang_24 las_30 kyi_34 sgrib_38 
K12D0242-1_H0765-1c=H0243-1:311a-4	pa bshags shing yongs su sbyong ngo //	ba_0 'chags_3 shing_10 yongs_16 su_22 sbyong_25 ngo_32 
K12D0242-1_H0765-1c=H0243-1:311a-5	de bzhin du mchod pa dang /	de_0 bzhin_3 du_9 mchod_12 ba_18 dang_21 
K12D0242-1_H0765-1c=H0243-1:311a-6	bshags pa la sogs pa byas nas sangs rgyas dang /	'chags_0 ba_7 la_10 sogs_13 ba_18 byed_21 nas_26 sangs_30 rgya_36 dang_42 
K12D0242-1_H0765-1c=H0243-1:311a-7	byang chub sems dpa' thams cad mngon sum du dmigs	byang_0 chub_6 sems_11 dpa'_16 thams_21 cad_27 mngon_31 sum_37 du_41 dmigs_44 
K12D0242-1_H0765-1c=H0243-1:311a-8	pa'i spyan sngar gsang sngags 'di brgya rtsa brgyad bzlas	ba_0 spyan_5 sngar_11 gsang_17 sngags_23 'di_30 brgya_34 rtsa_40 brgyad_45 bzlas_52 
K12D0242-1_H0765-1c=H0243-1:311a-9	so //// aom sam bha ra sam bha ra bi ma nas ra mah'a dza ba h'um/	so_0 aom_8 sam_12 bha_16 ra_20 sam_23 bha_27 ra_31 bi_34 ma_37 nas_40 ra_44 mah_47 dza_53 ba_57 
K12D0242-1_H0765-1c=H0243-1:311a-10	gang gsang sngags de bzlas pas ci dag 'dod pa de thams cad 'grub cing /	gang_0 gsang_5 sngags_11 de_18 bzlas_21 ba_27 ci_31 'dag_34 'dod_38 ba_43 de_46 thams_49 cad_55 'grub_59 cing_65 
K12D0242-1_H0765-1c=H0243-1:311a-11	lha'i mchod pa'i sprin chen po dang /	lha_0 mchod_6 ba_12 sprin_17 chen_23 po_28 dang_31 
K12D0242-1_H0765-1c=H0243-1:311a-12	de bzhin gshegs pa thams cad kyang mngon sum du 'gyur ro; ;rigs kyi bu'am /	de_0 bzhin_3 gshegs_9 ba_16 thams_19 cad_25 kyang_29 mngon_35 sum_41 du_45 'gyur_48 ro;_54 ;rigs_58 kyi_64 bu_68 
K12D0242-1_H0765-1c=H0243-1:311a-13	rigs kyi bu mo gang la la zhig gis de	rigs_0 kyi_5 bu_9 mo_12 gang_15 la_20 la_23 'jig_26 gis_31 de_35 
K12D0242-1_H0765-1c=H0243-1:311a-14	bzhin gshegs pa yid la byed cing nyin mo'ang rung	bzhin_0 gshegs_6 ba_13 yid_16 la_20 byed_23 cing_28 nyin_33 mo_38 rung_45 
K12D0242-1_H0765-1c=H0243-1:311a-15	mtshan mo'ang rung yongs su bsngo ba'i 'khor lo chen	mtshan_0 mo_7 rung_14 yongs_19 su_25 sngo_28 ba_34 'khor_39 lo_45 chen_48 
K12D0242-1_H0765-1c=H0243-1:311a-16	po 'di klog cing 'don na de'i sdig pa mi	po_0 'di_3 klog_7 cing_12 'don_17 na_22 de_25 sdig_30 ba_35 mi_38 
K12D0242-1_H0765-1c=H0243-1:311a-17	dge ba'i las 'byang zhing nyon mongs pa thams cad	dge_0 ba_4 las_9 'byang_13 zhing_20 nyon_26 mongs_31 ba_37 thams_40 cad_46 
K12D0242-1_H0765-1c=H0243-1:311a-18	khad kyis sbyong bar 'gyur ba dang /	khad_0 kyis_5 sbyong_10 ba_17 'gyur_21 ba_27 dang_30 
K12D0242-1_H0765-1c=H0243-1:311a-19	bsod nams kyi tshogs snga ma de dag thams cad thob bar 'gyur ro //	bsod_0 nams_5 kyi_10 tshogs_14 snga_21 ma_26 de_29 'dag_32 thams_36 cad_42 'thob_46 ba_51 'gyur_55 ro_61 
K12D0242-1_H0765-1c=H0243-1:311a-20	lan gcig bklags pa tsam gyis kyang tshangs pa brgya'i	lan_0 gcig_4 bklags_9 ba_16 tsam_19 gyis_24 kyang_29 tshangs_35 ba_43 brgya_46 
K12D0242-1_H0765-1c=H0243-1:311a-21	dpal dang ldan zhing rmi lam na'ang rtag tu sangs	dpal_0 dang_5 ldan_10 zhing_15 rmi_21 lam_25 na_29 rtag_36 tu_41 sangs_44 
K12D0242-1_H0765-1c=H0243-1:311a-22	rgyas mthong bar 'gyur ro //	rgya_0 mthong_6 ba_13 'gyur_17 ro_23 
K12D0242-1_H0765-1c=H0243-1:311b-0	tshe 'das @311b nas kyang yongs su dag pa'i zhing du skye'o //	tshe_0 'da'_5 nas_16 kyang_20 yongs_26 su_32 'dag_35 ba_39 zhing_44 du_50 skye_53 
K12D0242-1_H0765-1c=H0243-1:311b-1	bcom ldan 'das kyis de skad ces bka' stsal nas	'joms_0 ldan_5 'da'_10 kyis_15 de_20 skad_23 ces_28 bka'_32 stsal_37 nas_43 
K12D0242-1_H0765-1c=H0243-1:311b-2	byang chub sems dpa'i tshogs mang po de dag thams	byang_0 chub_6 sems_11 dpa_16 tshogs_22 mang_29 po_34 de_37 'dag_40 thams_44 
K12D0242-1_H0765-1c=H0243-1:311b-3	cad bcom ldan 'das kyis gsungs pa la mngon par	cad_0 'joms_4 ldan_9 'da'_14 kyis_19 gsungs_24 ba_31 la_34 mngon_37 ba_43 
K12D0242-1_H0765-1c=H0243-1:311b-4	bstod do // yongs su bsngo ba'i 'khor lo zhes bya ba theg pa chen po'i mdo rdzogs so ////	bstod_0 do_6 yongs_12 su_18 sngo_21 ba_27 'khor_32 lo_38 zhes_41 byed_46 ba_50 theg_53 ba_58 chen_61 po_66 mdo_71 rdzogs_75 so_82 
K12D0242-1_H0765-1c=H0243-1:311b-5	li'i dge slong sde snod gsum dang ldan pa sh'i	li_0 dge_5 slong_9 sde_15 snod_19 gsum_24 dang_29 ldan_34 ba_39 sh_42 
K12D0242-1_H0765-1c=H0243-1:311b-6	la dharmas rgya gar gyi dharma rgya'i yi ge las	la_0 dharmas_3 rgya_11 gar_16 gyi_20 dharma_24 rgya_31 yi_38 ge_41 las_44 
K12D0242-1_H0765-1c=H0243-1:311b-7	bande rnam par mi rtog gis bsgyur ba'o ////	bande_0 rnam_6 ba_11 mi_15 rtogs_18 gis_23 sgyur_27 ba_34 
