K12D0841(1-8)-8A_H0805-8A:323b-0	@323b rgya gar skad du /	rgya_6 gar_11 skad_15 du_20 
K12D0841(1-8)-8A_H0805-8A:323b-1	bha ga w'an manydzu shri tiksha na ma siddhi /	bha_0 ga_4 w_7 manydzu_12 shri_20 tiksha_25 na_32 ma_35 siddhi_38 
K12D0841(1-8)-8A_H0805-8A:323b-2	bod skad du /	'bod_0 skad_4 du_9 
K12D0841(1-8)-8A_H0805-8A:323b-3	bcom ldan 'das 'jam dpal rnon po la phyag 'tshal lo //	'joms_0 ldan_5 'da'_10 'jam_15 dpal_20 rnon_25 po_30 la_33 phyag_36 'tshal_42 lo_49 
K12D0841(1-8)-8A_H0805-8A:323b-4	de nas bcom ldan 'das dpal nyid sku rdo rje	de_0 nas_3 'joms_7 ldan_12 'da'_17 dpal_22 nyid_27 sku_32 rdo_36 rje_40 
K12D0841(1-8)-8A_H0805-8A:323b-5	lta bu byang chub kyi dgongs pa nyid la bzhugs	lta_0 bu_4 byang_7 chub_13 kyi_18 dgongs_22 ba_29 nyid_32 la_37 bzhugs_40 
K12D0841(1-8)-8A_H0805-8A:323b-6	pa la / bcom ldan 'das byang chub kyi sems rdo rje kun tu bzang po ni /	ba_0 la_3 'joms_8 ldan_13 'da'_18 byang_23 chub_29 kyi_34 sems_38 rdo_43 rje_47 kun_51 tu_55 bzang_58 po_64 ni_67 
K12D0841(1-8)-8A_H0805-8A:323b-7	dus gsum 'du 'bral med pa'i yum gyi tshal chen	dus_0 gsum_4 'du_9 'bral_13 med_19 ba_23 yum_28 gyi_32 tshal_36 chen_42 
K12D0841(1-8)-8A_H0805-8A:323b-8	po na dgongs pa chos kyi dbyings zhi ba chen	po_0 na_3 dgongs_6 ba_13 chos_16 kyi_21 dbyings_25 zhi_33 ba_37 chen_40 
K12D0841(1-8)-8A_H0805-8A:323b-9	po la bzhugs so //	po_0 la_3 bzhugs_6 so_13 
K12D0841(1-8)-8A_H0805-8A:323b-10	rigs lnga bde bar gshegs pa rnams kyang gsang ba'i yum bzhi dang /	rigs_0 lnga_5 bde_10 ba_14 gshegs_18 ba_25 rnams_28 kyang_34 gsang_40 ba_46 yum_51 bzhi_55 dang_60 
K12D0841(1-8)-8A_H0805-8A:323b-11	'khor byang chub sems dpa'i tshogs dang /	'khor_0 byang_6 chub_12 sems_17 dpa_22 tshogs_28 dang_35 
K12D0841(1-8)-8A_H0805-8A:323b-12	sems ma'i tshogs dang /	sems_0 ma_5 tshogs_10 dang_17 
K12D0841(1-8)-8A_H0805-8A:323b-13	rdo rje dbyings kyi dkyil 'khor na sras mchog dam	rdo_0 rje_4 dbyings_8 kyi_16 dkyil_20 'khor_26 na_32 sras_35 mchog_40 dam_46 
K12D0841(1-8)-8A_H0805-8A:323b-14	pa nye ba'i 'khor rigs kyi rgyal po ma lus	ba_0 nye_3 ba_7 'khor_12 rigs_18 kyi_23 rgyal_27 po_33 ma_36 lus_39 
K12D0841(1-8)-8A_H0805-8A:324a-0	pa rnams dang / @324a *//	ba_0 rnams_3 dang_9 
K12D0841(1-8)-8A_H0805-8A:324a-1	tshangs pa chen po rnams dang /	tshangs_0 ba_8 chen_11 po_16 rnams_19 dang_25 
K12D0841(1-8)-8A_H0805-8A:324a-2	drang srong chen po dang /	'dren_0 srong_6 chen_12 po_17 dang_20 
K12D0841(1-8)-8A_H0805-8A:324a-3	lha dang /	lha_0 dang_4 
K12D0841(1-8)-8A_H0805-8A:324a-4	klu dang /	klu_0 dang_4 
K12D0841(1-8)-8A_H0805-8A:324a-5	li tsa by'i la sogs pa'i mi rnams kun la dpal kun tu bzang pos bka' stsal pa /	li_0 tsa_3 by_7 la_12 sogs_15 ba_20 mi_25 rnams_28 kun_34 la_38 dpal_41 kun_46 tu_50 bzang_53 pos_59 bka'_63 stsal_68 ba_74 
K12D0841(1-8)-8A_H0805-8A:324a-6	nan tan gyis ni brtson 'grus bskyed //	nan_0 tan_4 gyis_8 ni_13 brtson_16 'grus_23 skyed_29 
K12D0841(1-8)-8A_H0805-8A:324a-7	the tshom med na nges par 'grub //	the_0 tshom_4 med_10 na_14 nges_17 ba_22 'grub_26 
K12D0841(1-8)-8A_H0805-8A:324a-8	bdud rtsi chen po rnam lnga 'di //	bdud_0 rtsi_5 chen_10 po_15 rnam_18 lnga_23 'di_28 
K12D0841(1-8)-8A_H0805-8A:324a-9	spyad cing bcang ba'i yon tan dang //	spyod_0 cing_6 'chang_11 ba_17 yon_22 tan_26 dang_30 
K12D0841(1-8)-8A_H0805-8A:324a-10	rang bzhin dang ni ngo bo dang //	rang_0 bzhin_5 dang_11 ni_16 ngo_19 'bo_23 dang_26 
K12D0841(1-8)-8A_H0805-8A:324a-11	mthu dang byin gyi rlabs kyis 'grub //	mthu_0 dang_5 byin_10 gyi_15 rlabs_19 kyis_25 'grub_30 
K12D0841(1-8)-8A_H0805-8A:324a-12	mi brjed rgyun gyi ting nge 'dzin //	mi_0 brjed_3 rgyun_9 gyi_15 ting_19 nge_24 'dzin_28 
K12D0841(1-8)-8A_H0805-8A:324a-13	nges par bsgrubs pa'i yon tan ni //	nges_0 ba_5 sgrub_9 ba_17 yon_22 tan_26 ni_30 
K12D0841(1-8)-8A_H0805-8A:324a-14	nges pa'i man ngag gsum du bstan //	nges_0 ba_5 man_10 ngag_14 gsum_19 du_24 ston_27 
K12D0841(1-8)-8A_H0805-8A:324a-15	zhes bka' stsal nas sdud pa po chos kyi don 'jam dpal rnon po la gtad do //	zhes_0 bka'_5 stsal_10 nas_16 sdud_20 ba_25 po_28 chos_31 kyi_36 don_40 'jam_44 dpal_49 rnon_54 po_59 la_62 gtod_65 do_70 
K12D0841(1-8)-8A_H0805-8A:324a-16	de nas 'phags pa 'jam dpal gyi rdo rje dbyings	de_0 nas_3 'phag_7 ba_14 'jam_17 dpal_22 gyi_27 rdo_31 rje_35 dbyings_39 
K12D0841(1-8)-8A_H0805-8A:324a-17	kyi dkyil 'khor gyi lha 'khor tshogs rgya mtsho dang	kyi_0 dkyil_4 'khor_10 gyi_16 lha_20 'khor_24 tshogs_30 rgya_37 mtsho_42 dang_48 
K12D0841(1-8)-8A_H0805-8A:324a-18	bcas pa rnams la 'di skad brjod do //	'cha'_0 ba_5 rnams_8 la_14 'di_17 skad_21 rjod_26 do_32 
K12D0841(1-8)-8A_H0805-8A:324a-19	ae ma ho sangs rgyas kun tu bzang //	ae_0 ma_3 ho_6 sangs_9 rgya_15 kun_21 tu_25 bzang_28 
K12D0841(1-8)-8A_H0805-8A:324a-20	gsang chen thig le nyid la rdzogs //	gsang_0 chen_6 thig_11 le_16 nyid_19 la_24 rdzogs_27 
K12D0841(1-8)-8A_H0805-8A:324a-21	ma rig mun sel ye shes sgron //	ma_0 rig_3 mun_7 sel_11 ye_15 shes_18 sgron_23 
K12D0841(1-8)-8A_H0805-8A:324a-22	dpa' bo khyod la skyabs su mchi'o //	dpa'_0 'bo_5 khyod_8 la_14 skyob_17 su_24 mchi_27 
K12D0841(1-8)-8A_H0805-8A:324a-23	rang byung dri med bdud rtsi 'di //	rang_0 'byung_5 'dri_11 med_15 bdud_19 rtsi_24 'di_29 
K12D0841(1-8)-8A_H0805-8A:324a-24	sangs rgyas kun gyis bsngags pa'i mchog /	sangs_0 rgya_6 kun_12 gyis_16 bsngags_21 ba_29 mchog_34 
K12D0841(1-8)-8A_H0805-8A:324a-25	mi shes dri ma kun bcom nas //	mi_0 shes_3 'dri_8 ma_12 kun_15 'joms_19 nas_24 
K12D0841(1-8)-8A_H0805-8A:324a-26	nges pa'i dbyings la 'god mdzad pa //	nges_0 ba_5 dbyings_10 la_18 'god_21 mdzad_26 ba_32 
K12D0841(1-8)-8A_H0805-8A:324a-27	gnyis med gus pas phyag 'tshal lo //	gnyis_0 med_6 gus_10 ba_14 phyag_18 'tshal_24 lo_31 
K12D0841(1-8)-8A_H0805-8A:324a-28	snang mdzad rdo rje rgyal can dang //	snang_0 mdzad_6 rdo_12 rje_16 rgyal_20 can_26 dang_30 
K12D0841(1-8)-8A_H0805-8A:324a-29	mi bskyod nyi ma snang mtha' yas //	mi_0 skyod_3 nyi_10 ma_14 snang_17 mtha'_23 yas_29 
K12D0841(1-8)-8A_H0805-8A:324a-30	don yod bdud rtsi 'khyil bal //	don_0 yod_4 bdud_8 rtsi_13 'khyil_18 bal_25 
K12D0841(1-8)-8A_H0805-8A:324a-31	dgyes shing gus pas phyag 'tshal lo //	dgyes_0 shing_6 gus_12 ba_16 phyag_20 'tshal_26 lo_33 
K12D0841(1-8)-8A_H0805-8A:324b-0	dbyings phyug yum gyi tshogs @324b rnams la //	dbyings_0 phyug_8 yum_14 gyi_18 tshogs_22 rnams_35 la_41 
K12D0841(1-8)-8A_H0805-8A:324b-1	dga' ba'i yid kyis 'dud phyag 'tshal //	dga'_0 ba_5 yid_10 kyis_14 'dud_19 phyag_24 'tshal_30 
K12D0841(1-8)-8A_H0805-8A:324b-2	lag na rdo rje rgyal po dang //	lag_0 na_4 rdo_7 rje_11 rgyal_15 po_21 dang_24 
K12D0841(1-8)-8A_H0805-8A:324b-3	kun bzang blo gros chen po dang //	kun_0 bzang_4 blo_10 gros_14 chen_19 po_24 dang_27 
K12D0841(1-8)-8A_H0805-8A:324b-4	don rab sa snying la sogs la //	don_0 rab_4 sa_8 snying_11 la_18 sogs_21 la_26 
K12D0841(1-8)-8A_H0805-8A:324b-5	rab tu gus pas phyag 'tshal le //	rab_0 tu_4 gus_7 ba_11 phyag_15 'tshal_21 le_28 
K12D0841(1-8)-8A_H0805-8A:324b-6	nam mkha'i 'jig rten dbang po dang //	nam_0 mkha_4 'jig_11 rten_16 dbang_21 po_27 dang_30 
K12D0841(1-8)-8A_H0805-8A:324b-7	'gro ba 'dzin mchog dam pa la //	'gro_0 ba_5 'dzin_8 mchog_14 dam_20 ba_24 la_27 
K12D0841(1-8)-8A_H0805-8A:324b-8	gnyis med gus pas phyag 'tshal lo //	gnyis_0 med_6 gus_10 ba_14 phyag_18 'tshal_24 lo_31 
K12D0841(1-8)-8A_H0805-8A:324b-9	dag la rang bzhin dri med sku //	'dag_0 la_4 rang_7 bzhin_12 'dri_18 med_22 sku_26 
K12D0841(1-8)-8A_H0805-8A:324b-10	tshul bzhin phreng ba dbyangs dang gar //	tshul_0 bzhin_6 phreng_12 ba_19 dbyangs_22 dang_30 gar_35 
K12D0841(1-8)-8A_H0805-8A:324b-11	spyod mchog dga' sdug phyag 'tshal lo //	spyod_0 mchog_6 dga'_12 sdug_17 phyag_22 'tshal_28 lo_35 
K12D0841(1-8)-8A_H0805-8A:324b-12	bdug pa me tog mar me ho //	bdug_0 ba_5 me_8 tog_11 mar_15 me_19 ho_22 
K12D0841(1-8)-8A_H0805-8A:324b-13	gzugs mchog mnyes mdzad lha mo la //	gzugs_0 mchog_6 mnyes_12 mdzad_18 lha_24 mo_28 la_31 
K12D0841(1-8)-8A_H0805-8A:324b-14	mos pas 'dud cing phyag 'tshal lo //	mos_0 ba_4 'dud_8 cing_13 phyag_18 'tshal_24 lo_31 
K12D0841(1-8)-8A_H0805-8A:324b-15	rig byed tshogs kyi bdag po mchog ;rdo rje srin po 'dul mdzad pa //	rig_0 byed_4 tshogs_9 kyi_16 bdag_20 po_25 mchog_28 ;rdo_34 rje_39 srin_43 po_48 'dul_51 mdzad_56 ba_62 
K12D0841(1-8)-8A_H0805-8A:324b-16	khro rgyal yab yum 'khor bcas la //	khro_0 rgyal_5 yab_11 yum_15 'khor_19 'cha'_25 la_30 
K12D0841(1-8)-8A_H0805-8A:324b-17	gus pas bstod de phyag 'tshal lo //	gus_0 ba_4 bstod_8 de_14 phyag_17 'tshal_23 lo_30 
K12D0841(1-8)-8A_H0805-8A:324b-18	de nas 'khor rgyal ba rgya mtsho dang bcas pa rnams kyis legs so legs so //	de_0 nas_3 'khor_7 rgyal_13 ba_19 rgya_22 mtsho_27 dang_33 'cha'_38 ba_43 rnams_46 kyis_52 legs_57 so_62 legs_65 so_70 
K12D0841(1-8)-8A_H0805-8A:324b-19	aa la la ho zhes brjod nas gnang ngo //	aa_0 la_3 la_6 ho_9 zhes_12 rjod_17 nas_23 gnang_27 ngo_33 
K12D0841(1-8)-8A_H0805-8A:324b-20	de nas dbang byin te 'phags pa byang chub sems	de_0 nas_3 dbang_7 byin_13 te_18 'phag_21 ba_28 byang_31 chub_37 sems_42 
K12D0841(1-8)-8A_H0805-8A:324b-21	dpa' sems dpa' chen po khyod kyis thams cad bdud	dpa'_0 sems_5 dpa'_10 chen_15 po_20 khyod_23 kyis_29 thams_34 cad_40 bdud_44 
K12D0841(1-8)-8A_H0805-8A:324b-22	rtsi'i rang bzhin la mkhyen rab dang pos kun gyi	rtsi_0 rang_7 bzhin_12 la_18 mkhyen_21 rab_28 dang_32 pos_37 kun_41 gyi_45 
K12D0841(1-8)-8A_H0805-8A:324b-23	mchod pa chen po mdzad do //	mchod_0 ba_6 chen_9 po_14 mdzad_17 do_23 
K12D0841(1-8)-8A_H0805-8A:324b-24	de yang nyid kyis nyid la mchod de /	de_0 yang_3 nyid_8 kyis_13 nyid_18 la_23 mchod_26 de_32 
K12D0841(1-8)-8A_H0805-8A:324b-25	'di man chad ye shes kyi lha rnams kyis ting	'di_0 man_4 'chad_8 ye_13 shes_16 kyi_21 lha_25 rnams_29 kyis_35 ting_40 
K12D0841(1-8)-8A_H0805-8A:324b-26	nge 'dzin byang chub kyi sems bdud rtsi chen por	nge_0 'dzin_4 byang_10 chub_16 kyi_21 sems_25 bdud_30 rtsi_35 chen_40 por_45 
K12D0841(1-8)-8A_H0805-8A:324b-27	thim nas mnyam pa nyid kyi dbyings la mi snang	'thim_0 nas_5 mnyam_9 ba_15 nyid_18 kyi_23 dbyings_27 la_35 mi_38 snang_41 
K12D0841(1-8)-8A_H0805-8A:324b-28	bar byas nas mah'a su ka la sbas te bzhugs	ba_0 byed_4 nas_9 mah_13 su_19 ka_22 la_25 sbed_28 te_33 bzhugs_36 
K12D0841(1-8)-8A_H0805-8A:324b-29	pa las / de nas bcom ldan 'das dpal kun tu bzang po dang /	ba_0 las_3 de_9 nas_12 'joms_16 ldan_21 'da'_26 dpal_31 kun_36 tu_40 bzang_43 po_49 dang_52 
K12D0841(1-8)-8A_H0805-8A:325a-0	rigs lnga bde bar gshegs pa rnams @325a *//	rigs_0 lnga_5 bde_10 ba_14 gshegs_18 ba_25 rnams_28 
K12D0841(1-8)-8A_H0805-8A:325a-1	kyis 'phags pa 'jam dpal la bka' stsal pa /	kyis_0 'phag_5 ba_12 'jam_15 dpal_20 la_25 bka'_28 stsal_33 ba_39 
K12D0841(1-8)-8A_H0805-8A:325a-2	byang chub sems dpa' mkhyen rab kyi dang po /	byang_0 chub_6 sems_11 dpa'_16 mkhyen_21 rab_28 kyi_32 dang_36 po_41 
K12D0841(1-8)-8A_H0805-8A:325a-3	khyod la da nged kyi chos 'di bsdus te bshad do //	khyod_0 la_6 da_9 nged_12 kyi_17 chos_21 'di_26 sdud_30 te_36 'chad_39 do_45 
K12D0841(1-8)-8A_H0805-8A:325a-4	'jam dpal rdo rje chos; 'di lta ste //	'jam_0 dpal_5 rdo_10 rje_14 chos;_18 'di_24 lta_28 ste_32 
K12D0841(1-8)-8A_H0805-8A:325a-5	ae ma ho gsang ba las byung ba'i //	ae_0 ma_3 ho_6 gsang_9 ba_15 las_18 'byung_22 ba_28 
K12D0841(1-8)-8A_H0805-8A:325a-6	ma rig mun sel sgron me'i mchog /	ma_0 rig_3 mun_7 sel_11 sgron_15 me_21 mchog_26 
K12D0841(1-8)-8A_H0805-8A:325a-7	dba' bo khyod la skyabs su mchi'o //	dba'_0 'bo_5 khyod_8 la_14 skyob_17 su_24 mchi_27 
K12D0841(1-8)-8A_H0805-8A:325a-8	nan tan gyis ni brtson 'grus byos //	nan_0 tan_4 gyis_8 ni_13 brtson_16 'grus_23 byos_29 
K12D0841(1-8)-8A_H0805-8A:325a-9	zhes pa dang /	zhes_0 ba_5 dang_8 
K12D0841(1-8)-8A_H0805-8A:325a-10	'jam dpal; bdud rtsi 'di'i chos kyi don ni /	'jam_0 dpal;_5 bdud_11 rtsi_16 'di_21 chos_27 kyi_32 don_36 ni_40 
K12D0841(1-8)-8A_H0805-8A:325a-11	dper na /	dper_0 na_5 
K12D0841(1-8)-8A_H0805-8A:325a-12	me dang 'dra ste /	me_0 dang_3 'dra_8 ste_13 
K12D0841(1-8)-8A_H0805-8A:325a-13	chung ste rdul tsam nas che ste srid pa'i ri bo yang sreg go /	chung_0 ste_6 rdul_10 tsam_15 nas_20 che_24 ste_28 srid_32 ba_37 ri_42 'bo_45 yang_48 sreg_53 go_58 
K12D0841(1-8)-8A_H0805-8A:325a-14	de bzhin du bdud rtsi 'di ni /	de_0 bzhin_3 du_9 bdud_12 rtsi_17 'di_22 ni_26 
K12D0841(1-8)-8A_H0805-8A:325a-15	dper na /	dper_0 na_5 
K12D0841(1-8)-8A_H0805-8A:325a-16	nyi ma dang 'dra ste /	nyi_0 ma_4 dang_7 'dra_12 ste_17 
K12D0841(1-8)-8A_H0805-8A:325a-17	nyi ma'i 'od zer chen po ni /	nyi_0 ma_4 'od_9 zer_13 chen_17 po_22 ni_25 
K12D0841(1-8)-8A_H0805-8A:325a-18	'dzam bu gling du thog ma nyid du ri'i rgyal po chen po brgyad la snang bar byed do //	'dzam_0 bu_6 gling_9 du_15 thogs_18 ma_23 nyid_26 du_31 ri_34 rgyal_39 po_45 chen_48 po_53 brgyad_56 la_63 snang_66 ba_72 byed_76 do_81 
K12D0841(1-8)-8A_H0805-8A:325a-19	de'i 'og tu kho ra khor yug tu snang bar byed do //	de_0 'og_5 tu_9 kho_12 ra_16 khor_19 yug_24 tu_28 snang_31 ba_37 byed_41 do_46 
K12D0841(1-8)-8A_H0805-8A:325a-20	de'i 'og tu ri bo che rnams la snang bar byed do //	de_0 'og_5 tu_9 ri_12 'bo_15 che_18 rnams_22 la_28 snang_31 ba_37 byed_41 do_46 
K12D0841(1-8)-8A_H0805-8A:325a-21	de'i 'og tu ri nag po rnams la snang bar byed do //	de_0 'og_5 tu_9 ri_12 nag_15 po_19 rnams_22 la_28 snang_31 ba_37 byed_41 do_46 
K12D0841(1-8)-8A_H0805-8A:325a-22	de'i 'og tu gangs ri mthon po rnams la snang bar byed do //	de_0 'og_5 tu_9 gangs_12 ri_18 mthon_21 po_27 rnams_30 la_36 snang_39 ba_45 byed_49 do_54 
K12D0841(1-8)-8A_H0805-8A:325a-23	de'i 'og tu 'dzam bu gling 'dir sa phyogs dma' ba rnams la snang bar byed do //	de_0 'og_5 tu_9 'dzam_12 bu_18 gling_21 'dir_27 sa_32 phyogs_35 dma'_42 ba_47 rnams_50 la_56 snang_59 ba_65 byed_69 do_74 
K12D0841(1-8)-8A_H0805-8A:325a-24	nyi ma'i 'od zer chen po de la blang dor med de /	nyi_0 ma_4 'od_9 zer_13 chen_17 po_22 de_25 la_28 blang_31 'dor_37 med_41 de_45 
K12D0841(1-8)-8A_H0805-8A:325a-25	mi rtog mi sems so //	mi_0 rtogs_3 mi_8 sems_11 so_16 
K12D0841(1-8)-8A_H0805-8A:325a-26	rnam par yang mi rtog mi sems so //	rnam_0 ba_5 yang_9 mi_14 rtogs_17 mi_22 sems_25 so_30 
K12D0841(1-8)-8A_H0805-8A:325a-27	rdo rje chos dang 'jam dpal /	rdo_0 rje_4 chos_8 dang_13 'jam_18 dpal_23 
K12D0841(1-8)-8A_H0805-8A:325a-28	nyi ma'i 'od rnams ni /	nyi_0 ma_4 'od_9 rnams_13 ni_19 
K12D0841(1-8)-8A_H0805-8A:325a-29	dbri bskol med do //	'phri_0 skol_5 med_11 do_15 
K12D0841(1-8)-8A_H0805-8A:325a-30	de bzhin du sems can gyi rnam par shes pa la yang de dang 'dra ste /	de_0 bzhin_3 du_9 sems_12 can_17 gyi_21 rnam_25 ba_30 shes_34 ba_39 la_42 yang_45 de_50 dang_53 'dra_58 ste_63 
K12D0841(1-8)-8A_H0805-8A:325a-31	dbri bskol med do //	'phri_0 skol_5 med_11 do_15 
K12D0841(1-8)-8A_H0805-8A:325a-32	bye ba dang /	'bye_0 ba_4 dang_7 
K12D0841(1-8)-8A_H0805-8A:325a-33	bskyed pa dang /	skyed_0 ba_7 dang_10 
K12D0841(1-8)-8A_H0805-8A:325a-34	bskyungs pa yang med do //	skyung_0 ba_9 yang_12 med_17 do_21 
K12D0841(1-8)-8A_H0805-8A:325b-0	de bzhin du chos @325b bdud rtsi 'di yang bsam	de_0 bzhin_3 du_9 chos_12 bdud_23 rtsi_28 'di_33 yang_37 bsam_42 
K12D0841(1-8)-8A_H0805-8A:325b-1	gyis mi khyab pa'i dbyings su bstan pa yin pa'i	gyis_0 mi_5 khyab_8 ba_14 dbyings_19 su_27 ston_30 ba_36 yin_39 ba_43 
K12D0841(1-8)-8A_H0805-8A:325b-2	phyir bdud rtsi chen po 'di'i dbu las bsam gyis	phyir_0 bdud_6 rtsi_11 chen_16 po_21 'di_24 dbu_30 las_34 bsam_38 gyis_43 
K12D0841(1-8)-8A_H0805-8A:325b-3	mi khyab pa bstan zhes smos pa yin no //	mi_0 khyab_3 ba_9 ston_12 zhes_18 smos_23 ba_28 yin_31 no_35 
K12D0841(1-8)-8A_H0805-8A:325b-4	de bzhin du chos bdud rtsi chen po'i lung 'di yang ma skyes mi 'gag mi rtog pas //	de_0 bzhin_3 du_9 chos_12 bdud_17 rtsi_22 chen_27 po_32 lung_37 'di_42 yang_46 ma_51 skye_54 mi_60 'gag_63 mi_68 rtogs_71 ba_76 
K12D0841(1-8)-8A_H0805-8A:325b-5	mtshan ma dang mtshan ma med pa dang /	mtshan_0 ma_7 dang_10 mtshan_15 ma_22 med_25 ba_29 dang_32 
K12D0841(1-8)-8A_H0805-8A:325b-6	mi gnas pa la rnam par khyab ste gnas so //	mi_0 gnas_3 ba_8 la_11 rnam_14 ba_19 khyab_23 ste_29 gnas_33 so_38 
K12D0841(1-8)-8A_H0805-8A:325b-7	de bzhin du chos bdud rtsi chen po 'di yang	de_0 bzhin_3 du_9 chos_12 bdud_17 rtsi_22 chen_27 po_32 'di_35 yang_39 
K12D0841(1-8)-8A_H0805-8A:325b-8	nyi ma'i 'od zer dang 'dra bar kun la khyab	nyi_0 ma_4 'od_9 zer_13 dang_17 'dra_22 ba_27 kun_31 la_35 khyab_38 
K12D0841(1-8)-8A_H0805-8A:325b-9	par gnas te / skal ldan rigs lngas 'byung ba lnga la khyab cing /	ba_0 gnas_4 te_9 skal_14 ldan_19 rigs_24 lngas_29 'byung_35 ba_42 lnga_45 la_50 khyab_53 cing_59 
K12D0841(1-8)-8A_H0805-8A:325b-10	'byung ba lnga nyid rigs kyi yum lnga'i tshal chen po ste /	'byung_0 ba_7 lnga_10 nyid_15 rigs_20 kyi_25 yum_29 lnga_33 tshal_40 chen_46 po_51 ste_54 
K12D0841(1-8)-8A_H0805-8A:325b-11	yum lnga dang yab lnga yang gdod nas dag ste /	yum_0 lnga_4 dang_9 yab_14 lnga_18 yang_23 gdod_28 nas_33 'dag_37 ste_41 
K12D0841(1-8)-8A_H0805-8A:325b-12	nyi ma'i 'od bzhin du shar ro //	nyi_0 ma_4 'od_9 bzhin_13 du_19 'char_22 ro_27 
K12D0841(1-8)-8A_H0805-8A:325b-13	de nas bcom ldan 'das kyis 'khor rgyal ba rgya mtsho rnams la bshad do //	de_0 nas_3 'joms_7 ldan_12 'da'_17 kyis_22 'khor_27 rgyal_33 ba_39 rgya_42 mtsho_47 rnams_53 la_59 'chad_62 do_68 
K12D0841(1-8)-8A_H0805-8A:325b-14	de nas bcom ldan 'das kyis 'khor rgyal brgya mtsho rnams la khyab bo //	de_0 nas_3 'joms_7 ldan_12 'da'_17 kyis_22 'khor_27 rgyal_33 brgya_39 mtsho_45 rnams_51 la_57 khyab_60 'bo_66 
K12D0841(1-8)-8A_H0805-8A:325b-15	de nas srid pa'i 'jig rten du mi mjed kyi bdag po tshangs pa'i lha rnams dang /	de_0 nas_3 srid_7 ba_12 'jig_17 rten_22 du_27 mi_30 mjed_33 kyi_38 bdag_42 po_47 tshangs_50 ba_58 lha_63 rnams_67 dang_73 
K12D0841(1-8)-8A_H0805-8A:325b-16	klu rnams la khyab bo //	klu_0 rnams_4 la_10 khyab_13 'bo_19 
K12D0841(1-8)-8A_H0805-8A:325b-17	de nas mi'i byang chub sems dpa' rnams dang; rim	de_0 nas_3 mi_7 byang_12 chub_18 sems_23 dpa'_28 rnams_33 dang;_39 rim_45 
K12D0841(1-8)-8A_H0805-8A:325b-18	pas nam mkha'i nyi ma bzhin khyab cing shar ba	ba_0 nam_4 mkha_8 nyi_15 ma_19 bzhin_22 khyab_28 cing_34 'char_39 ba_44 
K12D0841(1-8)-8A_H0805-8A:325b-19	ste / thugs rje'i bdud rtsi 'di yang srid pa	ste_0 thugs_6 rje_12 bdud_18 rtsi_23 'di_28 yang_32 srid_37 ba_42 
K12D0841(1-8)-8A_H0805-8A:325b-20	gsum du nyi ma bzhin du shar bar bya ste	gsum_0 du_5 nyi_8 ma_12 bzhin_15 du_21 'char_24 ba_29 byed_33 ste_37 
K12D0841(1-8)-8A_H0805-8A:325b-21	ste / / 'jam dpal /	ste_0 'jam_8 dpal_13 
K12D0841(1-8)-8A_H0805-8A:325b-22	stong gsum gyi stong chen po'i 'jig rten gyi khams	stong_0 gsum_6 gyi_11 stong_15 chen_21 po_26 'jig_31 rten_36 gyi_41 khams_45 
K12D0841(1-8)-8A_H0805-8A:325b-23	na sangs rgyas kyi zhing phra rab snyed la bsam	na_0 sangs_3 rgya_9 kyi_15 zhing_19 phra_25 rab_30 snyed_34 la_40 bsam_43 
K12D0841(1-8)-8A_H0805-8A:325b-24	gyis mi khyab pa'i lus phul bas ni /	gyis_0 mi_5 khyab_8 ba_14 lus_19 'bul_23 ba_28 ni_32 
K12D0841(1-8)-8A_H0805-8A:325b-25	bdud rtsi chen po 'di lus la bcangs pa bsod nams che'o //	bdud_0 rtsi_5 chen_10 po_15 'di_18 lus_22 la_26 'chang_29 ba_36 bsod_39 nams_44 che_49 
K12D0841(1-8)-8A_H0805-8A:325b-26	'jam dpal /	'jam_0 dpal_5 
K12D0841(1-8)-8A_H0805-8A:326a-0	@326a *// dus gsum gyi sangs rgyas kyi zhing yongs su sbyang ba bas ni /	dus_10 gsum_14 gyi_19 sangs_23 rgya_29 kyi_35 zhing_39 yongs_45 su_51 sbyong_54 ba_61 ba_64 ni_68 
K12D0841(1-8)-8A_H0805-8A:326a-1	bdud rtsi 'di lus kyi mgul du btags pa 'bum gyi char yang mi phod do //	bdud_0 rtsi_5 'di_10 lus_14 kyi_18 mgul_22 du_27 'dogs_30 ba_36 'bum_39 gyi_44 char_48 yang_53 mi_58 phod_61 do_66 
K12D0841(1-8)-8A_H0805-8A:326a-2	'jam dpal /	'jam_0 dpal_5 
K12D0841(1-8)-8A_H0805-8A:326a-3	bskal ba gang+g'a'i klung gi bye ma snyed kyi sangs	bskal_0 ba_6 gang_9 g'i_14 klung_20 gi_26 'bye_29 ma_33 snyed_36 kyi_42 sangs_46 
K12D0841(1-8)-8A_H0805-8A:326a-4	rgyas rnams la spyi bos bkur zhing phyag bya ba'i	rgya_0 rnams_6 la_12 spyi_15 'bod_20 bkur_24 zhing_29 phyag_35 byed_41 ba_45 
K12D0841(1-8)-8A_H0805-8A:326a-5	don ni / bdud rtsi chen po 'di spyi bo la bkur ba'i yon tan ni /	don_0 ni_4 bdud_9 rtsi_14 chen_19 po_24 'di_27 spyi_31 'bo_36 la_39 bkur_42 ba_47 yon_52 tan_56 ni_60 
K12D0841(1-8)-8A_H0805-8A:326a-6	sangs rgyas thams cad bkur ba yin no //	sangs_0 rgya_6 thams_12 cad_18 bkur_22 ba_27 yin_30 no_34 
K12D0841(1-8)-8A_H0805-8A:326a-7	'jam dpal /	'jam_0 dpal_5 
K12D0841(1-8)-8A_H0805-8A:326a-8	bskal pa stong gi bar du sems can gyi don bya ba bas ni /	bskal_0 ba_6 stong_9 gi_15 ba_18 du_22 sems_25 can_30 gyi_34 don_38 byed_42 ba_46 ba_49 ni_53 
K12D0841(1-8)-8A_H0805-8A:326a-9	bdud rtsi chen po 'dis lan gcig gis 'gro ba'i	bdud_0 rtsi_5 chen_10 po_15 'dis_18 lan_23 gcig_27 gis_32 'gro_36 ba_41 
K12D0841(1-8)-8A_H0805-8A:326a-10	don byas pas dmyal khams brgyad kyi 'jig rten yang	don_0 byed_4 ba_9 dmyal_13 khams_19 brgyad_25 kyi_32 'jig_36 rten_41 yang_46 
K12D0841(1-8)-8A_H0805-8A:326a-11	thar ba'i lam du 'dren pa yin no //	thar_0 ba_5 lam_10 du_14 bgrang_17 ba_23 yin_26 no_30 
K12D0841(1-8)-8A_H0805-8A:326a-12	zhes gsungs ba dang /	zhes_0 gsungs_5 ba_12 dang_15 
K12D0841(1-8)-8A_H0805-8A:326a-13	de nas bcom ldan 'das kyi tshigs su bcad de bka' stsal ba /	de_0 nas_3 'joms_7 ldan_12 'da'_17 kyi_22 tshigs_26 su_33 gcod_36 de_41 bka'_44 stsal_49 ba_55 
K12D0841(1-8)-8A_H0805-8A:326a-14	bdud rtsi chen po'i rang bzhin ni /	bdud_0 rtsi_5 chen_10 po_15 rang_20 bzhin_25 ni_31 
K12D0841(1-8)-8A_H0805-8A:326a-15	kha dog dbyibs dang mtshan ma med //	kha_0 dog_4 dbyibs_8 dang_15 mtshan_20 ma_27 med_30 
K12D0841(1-8)-8A_H0805-8A:326a-16	'gog pa med cing dbye ba'ang med //	'gog_0 ba_5 med_8 cing_12 'byed_17 ba_22 med_29 
K12D0841(1-8)-8A_H0805-8A:326a-17	rtsa ba med cing rten ba'ang med //	rtsa_0 ba_5 med_8 cing_12 rten_17 ba_22 med_29 
K12D0841(1-8)-8A_H0805-8A:326a-18	bdud rtsi che la brjod pa'ang med //	bdud_0 rtsi_5 che_10 la_14 rjod_17 ba_23 med_30 
K12D0841(1-8)-8A_H0805-8A:326a-19	nyon mongs dug dang bdud bzhi bcom //	nyon_0 mongs_5 dug_11 dang_15 bdud_20 bzhi_25 'joms_30 
K12D0841(1-8)-8A_H0805-8A:326a-20	dri med dag pa'i byang chub sems //	'dri_0 med_4 'dag_8 ba_12 byang_17 chub_23 sems_28 
K12D0841(1-8)-8A_H0805-8A:326a-21	nges don de la sdud bar byos //	nges_0 don_5 de_9 la_12 sdud_15 ba_20 byos_24 
K12D0841(1-8)-8A_H0805-8A:326a-22	de nas bcom ldan 'das dang /	de_0 nas_3 'joms_7 ldan_12 'da'_17 dang_22 
K12D0841(1-8)-8A_H0805-8A:326a-23	dam pa'i chos bdud rtsi'i lung 'di la 'phags pa	dam_0 ba_4 chos_9 bdud_14 rtsi_19 lung_26 'di_31 la_35 'phag_38 ba_45 
K12D0841(1-8)-8A_H0805-8A:326a-24	'jam dpal gyis slar la lan gsum du bstod pa	'jam_0 dpal_5 gyis_10 slar_15 la_20 lan_23 gsum_27 du_32 bstod_35 ba_41 
K12D0841(1-8)-8A_H0805-8A:326a-25	/ nam mkha'i mtshan nyid sangs rgyas te //	nam_2 mkha_6 mtshan_13 nyid_20 sangs_25 rgya_31 te_37 
K12D0841(1-8)-8A_H0805-8A:326a-26	mtshan nyid med pas nam mkha' 'dra'o //	mtshan_0 nyid_7 med_12 ba_16 nam_20 mkha'_24 'dra_30 
K12D0841(1-8)-8A_H0805-8A:326a-27	bya ba med pas grol ba ste //	byed_0 ba_4 med_7 ba_11 grol_15 ba_20 ste_23 
K12D0841(1-8)-8A_H0805-8A:326b-0	bdud rtsi mchog la @326b phyag 'tshal lo //	bdud_0 rtsi_5 mchog_10 la_16 phyag_25 'tshal_31 lo_38 
K12D0841(1-8)-8A_H0805-8A:326b-1	chu zla bzhin du dri bral bas //	chu_0 zla_4 bzhin_8 du_14 'dri_17 'bral_21 ba_26 
K12D0841(1-8)-8A_H0805-8A:326b-2	thams cad rtog ba yongs su spangs //	thams_0 cad_6 rtogs_10 ba_15 yongs_18 su_24 spong_27 
K12D0841(1-8)-8A_H0805-8A:326b-3	bdag tu 'dzin med rnam par dag /	bdag_0 tu_5 'dzin_8 med_14 rnam_18 ba_23 'dag_27 
K12D0841(1-8)-8A_H0805-8A:326b-4	bdud rtsi rgyal la phyag 'tshal lo //	bdud_0 rtsi_5 rgyal_10 la_16 phyag_19 'tshal_25 lo_32 
K12D0841(1-8)-8A_H0805-8A:326b-5	dus gsum chos kyi dbyings dang mnyam bdud dang ngan song gsum las thar //	dus_0 gsum_4 chos_9 kyi_14 dbyings_18 dang_26 mnyam_31 bdud_37 dang_42 ngan_47 'gro_52 gsum_57 las_62 thar_66 
K12D0841(1-8)-8A_H0805-8A:326b-6	len pa med cing gtong ba'ang med //	len_0 ba_4 med_7 cing_11 gtong_16 ba_22 med_29 
K12D0841(1-8)-8A_H0805-8A:326b-7	dri med dag pa'i byang chub sems //	'dri_0 med_4 'dag_8 ba_12 byang_17 chub_23 sems_28 
K12D0841(1-8)-8A_H0805-8A:326b-8	bdud rtsi mchog la phyag 'tshal lo //	bdud_0 rtsi_5 mchog_10 la_16 phyag_19 'tshal_25 lo_32 
K12D0841(1-8)-8A_H0805-8A:326b-9	dus gsum sangs rgyas skyed ba'i rgyu //	dus_0 gsum_4 sangs_9 rgya_15 skyed_21 ba_27 rgyu_32 
K12D0841(1-8)-8A_H0805-8A:326b-10	khams gsum sems can 'dren pa'i dpal //	khams_0 gsum_6 sems_11 can_16 bgrang_20 ba_26 dpal_31 
K12D0841(1-8)-8A_H0805-8A:326b-11	'gro ba drug gi sgrib sbyong ba //	'gro_0 ba_5 drug_8 gi_13 sgrib_16 sbyong_22 ba_29 
K12D0841(1-8)-8A_H0805-8A:326b-12	bdud rtsi rgyal la phyag 'tshal lo //	bdud_0 rtsi_5 rgyal_10 la_16 phyag_19 'tshal_25 lo_32 
K12D0841(1-8)-8A_H0805-8A:326b-13	de skad ces gsol nas phyi nang gi snod bcud ril sman ras ya na dang /	de_0 skad_3 ces_8 gsol_12 nas_17 phyi_21 nang_26 gi_31 snod_34 bcud_39 ril_44 sman_48 ras_53 ya_57 na_60 dang_63 
K12D0841(1-8)-8A_H0805-8A:326b-14	bdud rtsir gnas so //	bdud_0 rtsir_5 gnas_11 so_16 
K12D0841(1-8)-8A_H0805-8A:326b-15	zhes lung dang man ngag tu bsdus te bka' stsal pa'o //	zhes_0 lung_5 dang_10 man_15 ngag_19 tu_24 sdud_27 te_33 bka'_36 stsal_41 ba_47 
K12D0841(1-8)-8A_H0805-8A:326b-16	bdud rtsi chen bo mchog gi lung /	bdud_0 rtsi_5 chen_10 'bo_15 mchog_18 gi_24 lung_27 
K12D0841(1-8)-8A_H0805-8A:326b-17	lung gi rgyal po chen po rtog pa'i mchog las /	lung_0 gi_5 rgyal_8 po_14 chen_17 po_22 rtogs_25 ba_30 mchog_35 las_41 
K12D0841(1-8)-8A_H0805-8A:326b-18	'khor lo bskor ba'i nang nas lung gi bam po	'khor_0 lo_6 skor_9 ba_15 nang_20 nas_25 lung_29 gi_34 bam_37 po_41 
K12D0841(1-8)-8A_H0805-8A:326b-19	chen po brgyad pa'i 'grel pa chen po'i don bam	chen_0 po_5 brgyad_8 ba_15 'grel_20 ba_26 chen_29 po_34 don_39 bam_43 
K12D0841(1-8)-8A_H0805-8A:326b-20	po chen po brgyad pa rdzogs so ////	po_0 chen_3 po_8 brgyad_11 ba_18 rdzogs_21 so_28 
